Recorded at;2026-04-21 16:04:18;Recorded with;Captury Live 1.0.270g 2025-09-19 00:30:16 +0200 5e1a97f0c;Exported with;Captury Live 1.0.270g 2025-09-19 00:30:16 +0200 5e1a97f0c;Scale;1
Frames;274;Frame Rate;59.9988
;;;;CenterOfGravity;;;LWristPositions;;;LWristAngles;;;LElbowPositions;;;LElbowAngles;;;LShoulderPositions;;;LShoulderAngles;;;RWristPositions;;;RWristAngles;;;RElbowPositions;;;RElbowAngles;;;RShoulderPositions;;;RShoulderAngles;;;LToePositions;;;LToeAngles;;;LAnklePositions;;;LAnkleAngles;;;LKneePositions;;;LKneeAngles;;;LHipPositions;;;LHipAngles;;;RToePositions;;;RToeAngles;;;RAnklePositions;;;RAnkleAngles;;;RKneePositions;;;RKneeAngles;;;RHipPositions;;;RHipAngles;;;RShoulderPosition;;;RShoulderAngles;;;LClaviclePosition;;;LClavicleAngles;;;LHandEndPosition;;;LHandEndAngles;;;LToesEndPosition;;;LToesEndAngles;;;RClaviclePosition;;;RClavicleAngles;;;RHandEndPosition;;;RHandEndAngles;;;RToesEndPosition;;;RToesEndAngles;;;SpinePosition;;;SpineAngles;;;Spine1Position;;;Spine1Angles;;;Spine2Position;;;Spine2Angles;;;Spine3Position;;;Spine3Angles;;;Spine4Position;;;Spine4Angles;;;NeckPosition;;;NeckAngles;;;HeadPosition;;;HeadAngles;;;HeadEndPosition;;;HeadEndAngles;;;NosePositions;;;LeftEarPositions;;;RightEarPositions;;;Frontal Plane Knee Angle;;Frontal Plane Projection Angle;;Left Toe Out;Right Toe Out;Knee Hip Ratio;Knee Ankle Ratio;
Frame;Sub Frame;Timestamp;Annotations;X;Y;Z;X;Y;Z;X;Y;Z;X;Y;Z;X;Y;Z;X;Y;Z;X;Y;Z;X;Y;Z;X;Y;Z;X;Y;Z;X;Y;Z;X;Y;Z;X;Y;Z;X;Y;Z;X;Y;Z;X;Y;Z;X;Y;Z;X;Y;Z;X;Y;Z;X;Y;Z;X;Y;Z;X;Y;Z;X;Y;Z;X;Y;Z;X;Y;Z;X;Y;Z;X;Y;Z;X;Y;Z;X;Y;Z;X;Y;Z;X;Y;Z;X;Y;Z;X;Y;Z;X;Y;Z;X;Y;Z;X;Y;Z;X;Y;Z;X;Y;Z;X;Y;Z;X;Y;Z;X;Y;Z;X;Y;Z;X;Y;Z;X;Y;Z;X;Y;Z;X;Y;Z;X;Y;Z;X;Y;Z;X;Y;Z;X;Y;Z;X;Y;Z;X;Y;Z;X;Y;Z;X;Y;Z;X;Y;Z;X;Y;Z;X;Y;Z;X;Y;Z;X;Y;Z;X;Y;Z;X;Y;Z;X;Y;Z;Left;Right;Left;Right;;;;;
;;;;mm;mm;mm;mm;mm;mm;deg;deg;deg;mm;mm;mm;deg;deg;deg;mm;mm;mm;deg;deg;deg;mm;mm;mm;deg;deg;deg;mm;mm;mm;deg;deg;deg;mm;mm;mm;deg;deg;deg;mm;mm;mm;deg;deg;deg;mm;mm;mm;deg;deg;deg;mm;mm;mm;deg;deg;deg;mm;mm;mm;deg;deg;deg;mm;mm;mm;deg;deg;deg;mm;mm;mm;deg;deg;deg;mm;mm;mm;deg;deg;deg;mm;mm;mm;deg;deg;deg;mm;mm;mm;deg;deg;deg;mm;mm;mm;deg;deg;deg;mm;mm;mm;deg;deg;deg;mm;mm;mm;deg;deg;deg;mm;mm;mm;deg;deg;deg;mm;mm;mm;deg;deg;deg;mm;mm;mm;deg;deg;deg;mm;mm;mm;deg;deg;deg;mm;mm;mm;deg;deg;deg;mm;mm;mm;deg;deg;deg;mm;mm;mm;deg;deg;deg;mm;mm;mm;deg;deg;deg;mm;mm;mm;deg;deg;deg;mm;mm;mm;deg;deg;deg;mm;mm;mm;deg;deg;deg;mm;mm;mm;mm;mm;mm;mm;mm;mm;Ratio;Ratio;Ratio;Ratio;deg;deg;Ratio;Ratio;
0;0;1776780258383333;;-2127.491699; 878.147949;-562.348877;-2105.130615; 883.133667;-867.699768; 9.019274; 13.719908;-41.523304;-2119.869385; 1144.549438;-812.680908; 0.000000; 163.718018; 0.000000;-2095.764893; 1423.494873;-674.800964; 41.643089; 28.724218; 136.800278;-2188.833984; 857.638428;-340.695190; 6.462271; 12.819394;-24.755770;-2253.140869; 1117.152710;-350.666565; 0.000000; 153.963806; 0.000000;-2195.103516; 1418.444824;-407.738708; 21.315987;-6.652852; 175.655823;-1886.171631; 1.445297;-685.351501;-29.350084;-4.090123; 0.003753;-1990.416504; 91.363831;-671.490540;-29.350084;-4.090123; 0.003753;-2017.290161; 466.429932;-655.094666; 10.094533;-4.380939;-12.829125;-2117.837158; 865.249146;-641.558838; 12.948364;-4.515973; 39.686661;-2098.735840;-3.705177;-506.118896;-10.498132;-14.313798;-0.000540;-2195.118896; 78.163849;-562.263794;-10.498132; 14.313798; 0.000540;-2147.651855; 447.946503;-510.560120; 10.880926; 5.909144; 13.085171;-2173.844727; 856.607117;-469.816040;-2.866720; 4.197754;-25.111376;-2195.103516; 1418.444824;-407.738708;-18.815161; 73.061867; 34.983677;-2114.518311; 1451.546143;-575.650818; 0.525805; 1.095832;-11.040994;-2105.472412; 810.942505;-905.935303; 0.000000;-0.000000; 0.000000;-1820.165161;-43.412327;-695.156982; 0.000000;-0.000000; 0.000000;-2142.422852; 1450.972412;-492.213593; 1.283558; 2.583376; 5.264185;-2180.006836; 779.005676;-320.382355; 0.000000; 0.000000; 0.000000;-2037.652832;-43.488762;-472.187622; 0.000000; 0.000000; 0.000000;-2199.972412; 958.126099;-568.449524; 0.000000;-0.000000; 0.000000;-2177.640137; 1073.425415;-556.282227;-0.182217; 0.595327;-0.066200;-2190.929688; 1159.336670;-557.965454;-0.196720; 0.744163;-0.198600;-2201.535889; 1262.430908;-559.666382;-0.466908; 0.595327;-0.033104;-2195.690430; 1415.882568;-556.656250; 0.000000; 0.000000; 0.000000;-2150.567139; 1491.352905;-541.248657; 3.247101;-4.260346; 2.703773;-2134.809082; 1580.884155;-529.801331; 0.735326;-0.657275; 9.405739;-2148.175293; 1763.343506;-518.362610; 0.000000;-0.000000; 0.000000;-1996.269409; 1637.802856;-511.314301;-2109.774902; 1645.063354;-609.909729;-2127.729980; 1632.980469;-438.155884;-3.649105; 5.320787; 2.652694;-1.219970; 19.197891; 9.776688; 1.081082; 0.841301;
1;0;1776780258400000;;-2127.321533; 878.111389;-562.304932;-2105.876953; 883.164429;-867.722900; 8.643987; 13.817093;-41.402683;-2120.185059; 1144.660156;-812.971008; 0.000000; 163.597778; 0.000000;-2095.872803; 1423.339233;-674.589844; 41.703350; 28.180466; 136.707031;-2188.884521; 857.393738;-340.382355; 6.669494; 12.854774;-24.908886;-2253.097900; 1116.932007;-350.331848; 0.000000; 153.977325; 0.000000;-2195.025635; 1418.223267;-407.372681; 21.444569;-6.597011; 175.625397;-1886.733643; 0.892303;-685.159912;-29.602751;-4.127635; 0.003497;-1990.591675; 91.249847;-671.250244;-29.602751;-4.127635; 0.003497;-2017.550903; 466.320343;-655.097900; 9.988199;-4.322556;-12.799108;-2117.459961; 865.301025;-641.598145; 12.674748;-4.423036; 39.672161;-2096.787842;-3.348610;-505.587616;-10.382030;-14.304055;-0.000652;-2193.638916; 78.000214;-561.682922;-10.382030; 14.304055; 0.000652;-2146.934082; 447.954010;-510.512360; 10.745057; 5.863090; 13.056078;-2173.160400; 856.611450;-469.757843;-2.975128; 4.177883;-25.024754;-2195.025635; 1418.223267;-407.372681;-18.921532; 73.006577; 34.978146;-2115.033203; 1451.565552;-575.567322; 0.601582; 1.255512;-11.311875;-2105.598877; 810.922485;-905.862915; 0.000000;-0.000000; 0.000000;-1820.926514;-44.244984;-695.021118; 0.000000;-0.000000; 0.000000;-2142.850342; 1450.904541;-492.101562; 1.297841; 2.616746; 5.513281;-2180.402588; 778.723511;-320.067719; 0.000000; 0.000000; 0.000000;-2035.462646;-42.805576;-471.711700; 0.000000; 0.000000; 0.000000;-2199.693359; 958.019104;-568.397522; 0.000000;-0.000000; 0.000000;-2177.609375; 1073.374146;-556.305054;-0.219454; 0.585484;-0.074311;-2191.052246; 1159.261963;-557.965332;-0.214181; 0.731859;-0.222928;-2201.817871; 1262.340454;-559.618225;-0.493410; 0.585483;-0.037153;-2196.144531; 1415.796631;-556.512146; 0.000000;-0.000000; 0.000000;-2151.101074; 1491.313965;-541.101074; 3.293303;-4.131005; 2.742555;-2135.440674; 1580.885986;-529.839844; 0.745734;-0.624419; 9.325360;-2149.049316; 1763.352783;-518.813049; 0.000000;-0.000000; 0.000000;-1996.976318; 1638.030640;-511.486053;-2110.494385; 1644.917236;-610.093872;-2128.428223; 1633.198730;-438.312622;-3.612325; 5.293279; 2.631208;-1.247411; 19.091751; 9.777954; 1.077629; 0.843305;
2;0;1776780258416667;;-2127.124512; 878.050781;-562.335938;-2106.200684; 883.071594;-867.185303; 8.251950; 13.991234;-41.423088;-2120.357666; 1144.633545;-812.711243; 0.000000; 163.553452; 0.000000;-2096.160156; 1423.281982;-674.248047; 41.846985; 27.814478; 136.747665;-2188.839111; 856.922180;-340.016907; 6.908243; 12.922931;-24.953831;-2252.955566; 1116.486328;-349.918823; 0.000000; 154.042084; 0.000000;-2195.134766; 1417.835571;-406.908783; 21.605453;-6.617060; 175.545456;-1886.461304; 0.623795;-684.642883;-29.814930;-4.170351; 0.003260;-1990.115845; 91.213196;-670.722900;-29.814930;-4.170351; 0.003260;-2017.676880; 466.264221;-655.143250; 9.834445;-4.238599;-12.755405;-2117.169434; 865.359802;-641.966309; 12.424560;-4.265648; 39.658478;-2094.219971;-3.028770;-504.891907;-10.282674;-14.292230;-0.000867;-2191.605957; 77.694458;-560.965210;-10.282674; 14.292230; 0.000867;-2146.119385; 447.889465;-510.445526; 10.573070; 5.754603; 13.001563;-2172.492432; 856.569092;-470.009308;-3.004669; 4.095232;-24.929981;-2195.134766; 1417.835571;-406.908783;-19.031448; 72.897163; 34.959370;-2115.768799; 1451.646606;-575.352844; 0.698281; 1.459410;-11.592060;-2105.268555; 810.812622;-905.282654; 0.000000;-0.000000; 0.000000;-1820.763306;-44.663055;-694.546265; 0.000000;-0.000000; 0.000000;-2143.498779; 1450.795532;-491.859802; 1.313184; 2.652403; 5.767457;-2180.720947; 778.227722;-319.647461; 0.000000; 0.000000; 0.000000;-2032.621948;-42.092838;-471.055756; 0.000000; 0.000000; 0.000000;-2199.447266; 957.909912;-568.603210; 0.000000;-0.000000; 0.000000;-2177.590088; 1073.310303;-556.531921;-0.237745; 0.563474;-0.087534;-2191.206299; 1159.172363;-558.110291;-0.222469; 0.704349;-0.262586;-2202.178467; 1262.231201;-559.626526;-0.506229; 0.563474;-0.043764;-2196.792725; 1415.692627;-556.273499;-0.000000;-0.000000; 0.000002;-2151.882568; 1491.272095;-540.778687; 3.319258;-3.939061; 2.819896;-2136.324463; 1580.886353;-529.713562; 0.750329;-0.571790; 9.234483;-2150.166992; 1763.363037;-519.149780; 0.000000;-0.000000; 0.000000;-1997.927979; 1638.258301;-511.557922;-2111.491211; 1644.744019;-610.140869;-2129.346436; 1633.442749;-438.323425;-3.550658; 5.272211; 2.600981;-1.228601; 18.978165; 9.800835; 1.074650; 0.845584;
3;0;1776780258433333;;-2126.908936; 877.970947;-562.468018;-2106.166748; 882.837952;-866.177124; 7.907883; 14.255977;-41.618950;-2120.626709; 1144.453125;-812.039307; 0.000000; 163.556778; 0.000000;-2096.791504; 1423.309937;-673.933533; 42.106766; 27.777765; 136.985062;-2188.686035; 856.298706;-339.678223; 7.153157; 13.026942;-24.893332;-2252.692383; 1115.891846;-349.531219; 0.000000; 154.146271; 0.000000;-2195.313965; 1417.343628;-406.425537; 21.794134;-6.637177; 175.415359;-1885.789795; 0.478653;-684.191528;-30.017706;-4.221854; 0.003173;-1989.325439; 91.191010;-670.188354;-30.017706;-4.221854; 0.003173;-2017.824951; 466.201050;-655.327271; 9.626245;-4.136025;-12.696006;-2116.896240; 865.415466;-642.582581; 12.159031;-4.063077; 39.635876;-2091.639648;-2.718529;-504.369141;-10.171888;-14.280347;-0.000895;-2189.639648; 77.343445;-560.320251;-10.171888; 14.280347; 0.000895;-2145.404541; 447.774628;-510.424500; 10.374840; 5.585279; 12.931977;-2171.635010; 856.508362;-470.444641;-3.037794; 3.970546;-24.823496;-2195.313965; 1417.343628;-406.425537;-19.150774; 72.775185; 34.864124;-2116.705078; 1451.791992;-575.133057; 0.810449; 1.695877;-11.827744;-2104.631836; 810.613525;-904.320374; 0.000000;-0.000000; 0.000000;-1820.162598;-44.889721;-694.190613; 0.000000;-0.000000; 0.000000;-2144.266357; 1450.674316;-491.587280; 1.326231; 2.682691; 5.979323;-2180.923096; 777.599731;-319.188202; 0.000000; 0.000000; 0.000000;-2029.724487;-41.367290;-470.634918; 0.000000; 0.000000; 0.000000;-2199.126709; 957.792480;-568.948669; 0.000000;-0.000000; 0.000000;-2177.488037; 1073.236206;-556.897217;-0.239975; 0.530470;-0.103657;-2191.311279; 1159.067383;-558.349609;-0.221830; 0.663096;-0.310966;-2202.552490; 1262.099976;-559.664612;-0.503712; 0.530469;-0.051829;-2197.589844; 1415.567871;-555.974426;-0.000000;-0.000000; 0.000002;-2152.852539; 1491.230103;-540.383728; 3.293481;-3.691531; 2.918413;-2137.365234; 1580.883667;-529.539978; 0.742382;-0.502459; 9.111606;-2151.349854; 1763.377441;-519.471558; 0.000000;-0.000000; 0.000000;-1998.998169; 1638.421875;-511.688599;-2112.669189; 1644.537109;-610.171143;-2130.336426; 1633.701050;-438.304291;-3.479022; 5.266373; 2.550675;-1.161801; 18.857071; 9.829994; 1.072376; 0.847325;
4;0;1776780258450000;;-2126.702881; 877.879761;-562.692017;-2105.671631; 882.383545;-864.655884; 7.671873; 14.611280;-42.032852;-2121.040527; 1144.039185;-810.966003; 0.000000; 163.603256; 0.000000;-2097.821533; 1423.395020;-673.766663; 42.517693; 28.241842; 137.484131;-2188.445557; 855.612488;-339.417450; 7.384213; 13.159875;-24.715870;-2252.278564; 1115.250488;-349.213531; 0.000000; 154.279099; 0.000000;-2195.424072; 1416.824585;-405.985809; 22.013962;-6.594269; 175.241669;-1884.983521; 0.386459;-684.046814;-30.216463;-4.281895; 0.003336;-1988.442139; 91.152435;-669.823242;-30.216463;-4.281895; 0.003336;-2018.089355; 466.100952;-655.672485; 9.368047;-4.024752;-12.622204;-2116.637695; 865.457947;-643.348022; 11.875608;-3.839689; 39.596275;-2089.641602;-2.425926;-504.226379;-10.040393;-14.271151;-0.000536;-2188.301270; 77.026215;-559.887085;-10.040393; 14.271151; 0.000536;-2145.009277; 447.632294;-510.465302; 10.163257; 5.362209; 12.855375;-2170.524902; 856.456055;-470.946564;-3.126064; 3.823117;-24.711998;-2195.424072; 1416.824585;-405.985809;-19.282335; 72.668030; 34.671734;-2117.751953; 1451.991455;-575.002625; 0.930679; 1.948939;-11.973386;-2103.685791; 810.250854;-902.951660; 0.000000;-0.000000; 0.000000;-1819.411255;-45.020191;-694.231445; 0.000000;-0.000000; 0.000000;-2145.009277; 1450.567749;-491.361816; 1.334021; 2.700953; 6.114430;-2181.008789; 776.929810;-318.744446; 0.000000; 0.000000; 0.000000;-2027.378906;-40.691624;-470.695831; 0.000000; 0.000000; 0.000000;-2198.698242; 957.674805;-569.325073; 0.000000;-0.000000; 0.000000;-2177.258545; 1073.161133;-557.326782;-0.228518; 0.489434;-0.119378;-2191.312500; 1158.957275;-558.625732;-0.212923; 0.611804;-0.358126;-2202.870361; 1261.957520;-559.702026;-0.485775; 0.489434;-0.059692;-2198.438721; 1415.432495;-555.645508; 0.000000;-0.000000; 0.000000;-2153.886963; 1491.193359;-540.003052; 3.200905;-3.410186; 3.014187;-2138.411133; 1580.877808;-529.401611; 0.718972;-0.424081; 8.942869;-2152.386230; 1763.398193;-519.811951; 0.000000;-0.000000; 0.000000;-2000.015625; 1638.470337;-511.950409;-2113.858643; 1644.309570;-610.250916;-2131.225586; 1633.946777;-438.324280;-3.411395; 5.280975; 2.473539;-1.046611; 18.734970; 9.859528; 1.071264; 0.847737;
5;0;1776780258466667;;-2126.548340; 877.782654;-562.959412;-2104.571533; 881.615173;-862.560059; 7.585253; 15.041844;-42.682507;-2121.481689; 1143.298218;-809.470215; 0.000000; 163.698593; 0.000000;-2099.167236; 1423.480347;-673.814453; 43.095638; 29.301668; 138.268494;-2188.135986; 854.977295;-339.238983; 7.593029; 13.303424;-24.421762;-2251.697998; 1114.685425;-348.936310; 0.000000; 154.419235; 0.000000;-2195.328125; 1416.365112;-405.631012; 22.274597;-6.445904; 175.040985;-1884.232910; 0.309654;-684.286743;-30.410059;-4.348438; 0.003739;-1987.635132; 91.082458;-669.701111;-30.410059;-4.348438; 0.003739;-2018.539673; 465.950775;-656.128418; 9.071913;-3.913421;-12.537659;-2116.441895; 865.476624;-644.131531; 11.592175;-3.623426; 39.533291;-2088.612061;-2.154274;-504.469147;-9.887621;-14.267202; 0.000166;-2187.926025; 76.787262;-559.691040;-9.887621; 14.267202;-0.000166;-2145.119141; 447.486481;-510.545837; 9.941174; 5.100446; 12.775405;-2169.245117; 856.430237;-471.397308;-3.290987; 3.674721;-24.607374;-2195.328125; 1416.365112;-405.631012;-19.426260; 72.586670; 34.411144;-2118.773926; 1452.213013;-575.025146; 1.050310; 2.200025;-12.014262;-2102.378662; 809.620483;-901.103455; 0.000000;-0.000000; 0.000000;-1818.709961;-45.105991;-694.744934; 0.000000;-0.000000; 0.000000;-2145.580811; 1450.494995;-491.244446; 1.335329; 2.704629; 6.170314;-2180.979736; 776.326599;-318.346619; 0.000000; 0.000000; 0.000000;-2025.997314;-40.099148;-471.230713; 0.000000; 0.000000; 0.000000;-2198.206787; 957.569580;-569.628540; 0.000000;-0.000000; 0.000000;-2176.924561; 1073.095703;-557.733276;-0.207189; 0.446119;-0.130752;-2191.206543; 1158.856445;-558.874084;-0.198312; 0.557661;-0.392249;-2203.088135; 1261.822144;-559.710266;-0.457162; 0.446119;-0.065377;-2199.217285; 1415.303223;-555.324463; 0.000000; 0.000000;-0.000002;-2154.830322; 1491.168213;-539.717346; 3.062139;-3.131359; 3.076257;-2139.312988; 1580.874756;-529.365356; 0.685309;-0.349353; 8.720728;-2153.155518; 1763.426514;-520.188721; 0.000000;-0.000000; 0.000000;-2000.847168; 1638.422607;-512.330139;-2114.882812; 1644.095825;-610.416565;-2131.912109; 1634.159058;-438.431061;-3.360861; 5.314633; 2.369760;-0.894381; 18.619400; 9.894836; 1.071587; 0.846424;
6;0;1776780258483333;;-2126.507080; 877.658508;-563.211853;-2102.763428; 880.456055;-859.875793; 7.657368; 15.522703;-43.542385;-2121.710938; 1142.155640;-807.561096; 0.000000; 163.848633; 0.000000;-2100.620605; 1423.475464;-674.081421; 43.819870; 30.902357; 139.288879;-2187.714355; 854.494141;-339.108582; 7.779244; 13.431615;-24.033638;-2250.969238; 1114.283569;-348.633789; 0.000000; 154.531876; 0.000000;-2194.968262; 1416.019653;-405.393524; 22.576618;-6.193875; 174.838165;-1883.657227; 0.214706;-684.837646;-30.595798;-4.419007; 0.004264;-1987.020508; 90.959625;-669.808838;-30.595798;-4.419007; 0.004264;-2019.228882; 465.731384;-656.604675; 8.752999;-3.805866;-12.447008;-2116.392822; 865.443237;-644.802979; 11.335420;-3.440547; 39.443607;-2088.593994;-1.901649;-504.931824;-9.717491;-14.269880; 0.001125;-2188.510742; 76.608643;-559.679016;-9.717491; 14.269880;-0.001125;-2145.840088; 447.339203;-510.652100; 9.695969; 4.821455; 12.690353;-2168.014648; 856.413208;-471.711273;-3.524106; 3.548671;-24.521559;-2194.968262; 1416.019653;-405.393524;-19.570646; 72.528206; 34.150372;-2119.640625; 1452.387207;-575.229736; 1.160036; 2.429586;-11.977622;-2100.654053; 808.618774;-898.716370; 0.000000;-0.000000; 0.000000;-1818.177124;-45.187935;-695.615234; 0.000000;-0.000000; 0.000000;-2145.896240; 1450.441162;-491.279602; 1.331080; 2.696110; 6.175403;-2180.763184; 775.882446;-318.001282; 0.000000; 0.000000; 0.000000;-2025.651855;-39.575653;-472.005310; 0.000000; 0.000000; 0.000000;-2197.772949; 957.465820;-569.793518; 0.000000;-0.000000; 0.000000;-2176.586182; 1073.024536;-558.045654;-0.181534; 0.408316;-0.134796;-2191.058594; 1158.755127;-559.049866;-0.182408; 0.510406;-0.404383;-2203.217285; 1261.689941;-559.685486;-0.427197; 0.408315;-0.067399;-2199.830566; 1415.175659;-555.068481; 0.000000;-0.000000; 0.000000;-2155.559570; 1491.136597;-539.599548; 2.930459;-2.898151; 3.076511;-2139.991211; 1580.861206;-529.483948; 0.653884;-0.292846; 8.449674;-2153.696533; 1763.438721;-520.622009; 0.000000;-0.000000; 0.000000;-2001.462646; 1638.345459;-512.745728;-2115.630371; 1643.917236;-610.684387;-2132.427979; 1634.306519;-438.657593;-3.337947; 5.360560; 2.245853;-0.730614; 18.517143; 9.950157; 1.073202; 0.843607;
7;0;1776780258500000;;-2126.702148; 877.476990;-563.410522;-2100.219727; 878.888916;-856.624756; 7.853501; 16.029871;-44.546555;-2121.467285; 1140.605225;-805.286621; 0.000000; 164.048752; 0.000000;-2101.938477; 1423.300659;-674.502869; 44.635532; 32.839321; 140.428284;-2187.061523; 854.232117;-338.981140; 7.942152; 13.519929;-23.591608;-2250.163330; 1114.068115;-348.250427; 0.000000; 154.576767; 0.000000;-2194.442139; 1415.803467;-405.289001; 22.895824;-5.894147; 174.659973;-1883.372803; 0.083099;-685.538574;-30.769743;-4.491467; 0.004789;-1986.727173; 90.767914;-670.091980;-30.769743;-4.491467; 0.004789;-2020.256104; 465.428741;-657.027893; 8.425708;-3.699004;-12.354828;-2116.642822; 865.330261;-645.278625; 11.133101;-3.309336; 39.328091;-2089.414062;-1.670380;-505.403595;-9.541645;-14.278589; 0.002063;-2189.844482; 76.427307;-559.799927;-9.541645; 14.278589;-0.002063;-2147.263672; 447.174225;-510.818420; 9.404691; 4.547376; 12.595695;-2167.187988; 856.362915;-471.866119;-3.792060; 3.463495;-24.462461;-2194.442139; 1415.803467;-405.289001;-19.680103; 72.484970; 33.968609;-2120.301758; 1452.436523;-575.592834; 1.251184; 2.619999;-11.927009;-2098.435547; 807.194458;-895.744568; 0.000000;-0.000000; 0.000000;-1817.918579;-45.285801;-696.611389; 0.000000;-0.000000; 0.000000;-2145.998047; 1450.369751;-491.472778; 1.323797; 2.681256; 6.170670;-2180.183594; 775.659546;-317.704742; 0.000000; 0.000000; 0.000000;-2026.195923;-39.085640;-472.711578; 0.000000; 0.000000; 0.000000;-2197.614258; 957.343750;-569.817139; 0.000000;-0.000000; 0.000000;-2176.442871; 1072.921631;-558.230530;-0.157977; 0.383615;-0.130592;-2191.031494; 1158.633545;-559.139709;-0.169875; 0.479529;-0.391766;-2203.364746; 1261.548218;-559.646118;-0.405561; 0.383615;-0.065298;-2200.276611; 1415.037354;-554.931763;-0.000000; 0.000000; 0.000000;-2156.049805; 1491.068359;-539.682739; 2.859021;-2.743402; 3.007143;-2140.457031; 1580.811157;-529.768066; 0.636891;-0.264210; 8.154933;-2154.119873; 1763.401855;-521.113647; 0.000000;-0.000000; 0.000000;-2001.914917; 1638.282349;-513.098083;-2116.083252; 1643.769165;-611.040710;-2132.879639; 1634.358032;-439.002747;-3.349073; 5.409758; 2.114888;-0.585840; 18.433502; 10.039207; 1.075628; 0.840027;
8;0;1776780258516667;;-2127.321289; 877.236206;-563.538879;-2096.974609; 876.990234;-852.815552; 8.093747; 16.551113;-45.608646;-2120.581299; 1138.743164;-802.709106; 0.000000; 164.276917; 0.000000;-2102.960449; 1422.944946;-674.954102; 45.479500; 34.842266; 141.548706;-2186.004883; 854.232483;-338.816315; 8.075368; 13.554646;-23.142841;-2249.370361; 1114.016479;-347.737732; 0.000000; 154.522598; 0.000000;-2193.979736; 1415.716675;-405.282410; 23.192696;-5.634261; 174.526245;-1883.473633;-0.041077;-686.216064;-30.932041;-4.564655; 0.005258;-1986.873413; 90.543671;-670.488647;-30.932041;-4.564655; 0.005258;-2021.780029; 465.077179;-657.382263; 8.099853;-3.581972;-12.264508;-2117.439453; 865.150635;-645.542542; 11.014662;-3.237077; 39.191334;-2090.828125;-1.463463;-505.713135;-9.386173;-14.290723; 0.002625;-2191.658691; 76.183655;-560.014160;-9.386173; 14.290723;-0.002625;-2149.501953; 446.988007;-511.100739; 9.044596; 4.292476; 12.487756;-2167.199707; 856.255310;-471.899475;-4.042315; 3.424153;-24.431301;-2193.979736; 1415.716675;-405.282410;-19.699623; 72.449852; 33.930199;-2120.826416; 1452.328613;-576.026306; 1.318056; 2.760350;-11.941981;-2095.593262; 805.397949;-892.138184; 0.000000;-0.000000; 0.000000;-1818.012329;-45.350513;-697.489258; 0.000000;-0.000000; 0.000000;-2146.054688; 1450.261230;-491.764648; 1.316167; 2.666213; 6.194238;-2178.994873; 775.696350;-317.448792; 0.000000; 0.000000; 0.000000;-2027.404785;-38.596813;-473.097168; 0.000000; 0.000000; 0.000000;-2198.037842; 957.214600;-569.743958; 0.000000;-0.000000; 0.000000;-2176.783203; 1072.789917;-558.285583;-0.142525; 0.377017;-0.119006;-2191.379150; 1158.501099;-559.144348;-0.164127; 0.471279;-0.357011;-2203.734375; 1261.413452;-559.600464;-0.398436; 0.377016;-0.059505;-2200.672607; 1414.904053;-554.917908; 0.000000;-0.000000; 0.000000;-2156.396240; 1490.956787;-539.922119; 2.872863;-2.675444; 2.890237;-2140.796875; 1580.715088;-530.159790; 0.639919;-0.263213; 7.883208;-2154.502441; 1763.308228;-521.625122; 0.000000;-0.000000; 0.000000;-2002.286499; 1638.219360;-513.340454;-2116.327393; 1643.631958;-611.435547;-2133.347412; 1634.313843;-439.414490;-3.394480; 5.454598; 1.993509;-0.482545; 18.369003; 10.166870; 1.078425; 0.836604;
9;0;1776780258533333;;-2128.494873; 876.985718;-563.599854;-2093.062988; 874.915283;-848.399963; 8.274297; 17.092037;-46.646301;-2119.012207; 1136.745117;-799.879395; 0.000000; 164.493134; 0.000000;-2103.656494; 1422.481689;-675.294983; 46.309273; 36.681252; 142.546783;-2184.376953; 854.506042;-338.582458; 8.168094; 13.537094;-22.731329;-2248.632812; 1114.086182;-347.057861; 0.000000; 154.363068; 0.000000;-2193.821777; 1415.759766;-405.292786; 23.434210;-5.497403; 174.442642;-1883.777344; 0.000122;-686.707703;-31.091476;-4.638224; 0.005621;-1987.314453; 90.416443;-670.914368;-31.091476;-4.638224; 0.005621;-2023.836304; 464.792236;-657.704468; 7.778916;-3.438823;-12.177216;-2119.010010; 864.975220;-645.654541; 11.012172;-3.218904; 39.040852;-2092.430420;-1.268623;-505.725616;-9.290639;-14.302936; 0.002688;-2193.549805; 75.853851;-560.236816;-9.290639; 14.302936;-0.002688;-2152.532227; 446.811829;-511.520172; 8.602880; 4.058571; 12.365314;-2168.371826; 856.114502;-471.895996;-4.212839; 3.418056;-24.422573;-2193.821777; 1415.759766;-405.292786;-19.576817; 72.416862; 34.065548;-2121.361572; 1452.101929;-576.408813; 1.360019; 2.850317;-12.088402;-2091.922852; 803.374817;-887.824524; 0.000000;-0.000000; 0.000000;-1818.255371;-45.206451;-698.040588; 0.000000;-0.000000; 0.000000;-2146.276367; 1450.135010;-492.051544; 1.310293; 2.655718; 6.273042;-2176.971680; 776.006104;-317.215179; 0.000000; 0.000000; 0.000000;-2028.874878;-38.074326;-472.995880; 0.000000; 0.000000; 0.000000;-2199.303467; 957.134460;-569.648254; 0.000000;-0.000000; 0.000000;-2177.858643; 1072.679688;-558.240479;-0.140010; 0.389318;-0.102480;-2192.336426; 1158.411133;-559.077271;-0.166967; 0.486654;-0.307439;-2204.537354; 1261.341797;-559.541443;-0.407879; 0.389318;-0.051242;-2201.192627; 1414.829956;-554.974854; 0.000000; 0.000000;-0.000002;-2156.760498; 1490.837036;-540.210510; 2.966792;-2.678097; 2.768845;-2141.133301; 1580.601807;-530.553162; 0.661592;-0.280871; 7.688539;-2154.878906; 1763.195190;-522.088989; 0.000000;-0.000000; 0.000000;-2002.660400; 1638.129639;-513.507812;-2116.531494; 1643.501343;-611.802368;-2133.849121; 1634.224854;-439.808777;-3.467917; 5.489908; 1.899604;-0.430239; 18.317741; 10.326843; 1.081502; 0.834043;
10;0;1776780258550000;;-2130.172852; 876.812439;-563.616394;-2088.459961; 872.848755;-843.268127; 8.303749; 17.674410;-47.596378;-2116.810791; 1134.808105;-796.835083; 0.000000; 164.644592; 0.000000;-2104.095947; 1422.039062;-675.429993; 47.114243; 38.225758; 143.380066;-2182.102295; 855.022461;-338.270294; 8.211720; 13.482586;-22.386227;-2247.921875; 1114.227051;-346.223572; 0.000000; 154.126862; 0.000000;-2194.117676; 1415.928711;-405.246765; 23.605671;-5.538550; 174.401917;-1883.749023; 0.443382;-686.863342;-31.260195;-4.711507; 0.005760;-1987.560181; 90.575104;-671.243286;-31.260195;-4.711507; 0.005760;-2026.209229; 464.737488;-658.039612; 7.461697;-3.257560;-12.091896;-2121.410156; 864.906311;-645.736389; 11.150944;-3.237287; 38.886890;-2093.629639;-1.051460;-505.347168;-9.294234;-14.312871; 0.002307;-2194.956055; 75.456940;-560.337097;-9.294234; 14.312871;-0.002307;-2156.078125; 446.701019;-512.047119; 8.083146; 3.837129; 12.228943;-2170.738770; 856.003601;-471.970703;-4.249524; 3.420687;-24.426422;-2194.117676; 1415.928711;-405.246765;-19.284681; 72.382736; 34.363728;-2122.047852; 1451.851562;-576.646118; 1.381147; 2.898810;-12.393067;-2087.165039; 801.314453;-882.699097; 0.000000;-0.000000; 0.000000;-1818.090332;-44.587246;-698.105774; 0.000000;-0.000000; 0.000000;-2146.819824; 1450.043457;-492.243317; 1.308230; 2.654101; 6.417176;-2174.033447; 776.566956;-316.980347; 0.000000; 0.000000; 0.000000;-2029.999023;-37.474148;-472.335876; 0.000000; 0.000000; 0.000000;-2201.471191; 957.179871;-569.624084; 0.000000;-0.000000; 0.000000;-2179.745117; 1072.667358;-558.163940;-0.152141; 0.416990;-0.084848;-2193.990234; 1158.437988;-558.980835;-0.178054; 0.521242;-0.254530;-2205.877441; 1261.405273;-559.473877;-0.431686; 0.416990;-0.042421;-2201.973877; 1414.884155;-555.040222; 0.000000;-0.000000;-0.000002;-2157.288818; 1490.774414;-540.439392; 3.113574;-2.721625; 2.686684;-2141.573486; 1580.530884;-530.847900; 0.695530;-0.304628; 7.609860;-2155.259521; 1763.131348;-522.439331; 0.000000;-0.000000; 0.000000;-2003.096069; 1638.011108;-513.679016;-2116.867920; 1643.402466;-612.087219;-2134.358887; 1634.172119;-440.108673;-3.556719; 5.513880; 1.844511;-0.422899; 18.269882; 10.505798; 1.085021; 0.832624;
11;0;1776780258566667;;-2132.193115; 876.787598;-563.624939;-2083.107178; 870.939819;-837.270752; 8.128209; 18.326139;-48.419327;-2114.093994; 1133.077026;-793.608582; 0.000000; 164.673538; 0.000000;-2104.401367; 1421.732544;-675.344055; 47.907631; 39.449570; 144.060638;-2179.254150; 855.718140;-337.904755; 8.205379; 13.415286;-22.112322;-2247.184082; 1114.393921;-345.312683; 0.000000; 153.865036; 0.000000;-2194.898682; 1416.207642;-405.122314; 23.708576;-5.772502; 174.391373;-1882.844727; 1.477364;-686.597961;-31.442581;-4.782072; 0.005588;-1987.096680; 91.163513;-671.353760;-31.442581;-4.782072; 0.005588;-2028.583252; 465.030670;-658.400452; 7.145264;-3.040928;-12.006495;-2124.526123; 865.016785;-645.922241; 11.438787;-3.267887; 38.741604;-2093.948730;-0.775177;-504.577850;-9.418299;-14.319772; 0.001706;-2195.438477; 75.043945;-560.217285;-9.418299; 14.319772;-0.001706;-2159.769043; 446.699677;-512.622070; 7.506989; 3.613647; 12.081201;-2174.086914; 855.983276;-472.229187;-4.123651; 3.408211;-24.432220;-2194.898682; 1416.207642;-405.122314;-18.830162; 72.350006; 34.781326;-2122.967529; 1451.675781;-576.713318; 1.387899; 2.918923;-12.834636;-2081.097168; 799.376343;-876.618713; 0.000000;-0.000000; 0.000000;-1816.961182;-43.276466;-697.627563; 0.000000;-0.000000; 0.000000;-2147.747803; 1450.038330;-492.309418; 1.311447; 2.664232; 6.620212;-2170.305176; 777.326843;-316.730408; 0.000000; 0.000000; 0.000000;-2030.277344;-36.768303;-471.176453; 0.000000; 0.000000; 0.000000;-2204.406250; 957.404297;-569.757629; 0.000000;-0.000000; 0.000000;-2182.332275; 1072.810303;-558.143005;-0.174869; 0.453863;-0.070325;-2196.261475; 1158.633179;-558.919495;-0.194053; 0.567332;-0.210976;-2207.720703; 1261.648926;-559.427063;-0.462842; 0.453863;-0.035164;-2203.072021; 1415.109619;-555.085205; 0.000000;-0.000000; 0.000002;-2158.065430; 1490.823242;-540.555298; 3.272533;-2.776050; 2.669461;-2142.176270; 1580.552856;-530.998474; 0.732274;-0.323774; 7.654388;-2155.624268; 1763.173584;-522.645935; 0.000000;-0.000000; 0.000000;-2003.616577; 1637.861694;-513.920166;-2117.431641; 1643.364746;-612.272095;-2134.846680; 1634.216064;-440.281464;-3.648461; 5.529780; 1.824455;-0.436111; 18.221130; 10.686226; 1.089126; 0.832219;
12;0;1776780258583333;;-2134.378906; 876.929810;-563.655457;-2077.042236; 869.257690;-830.286072; 7.735393; 19.067165;-49.097328;-2111.067627; 1131.596924;-790.250305; 0.000000; 164.527054; 0.000000;-2104.715820; 1421.604126;-675.107422; 48.709862; 40.410351; 144.635223;-2176.031006; 856.529663;-337.531433; 8.153970; 13.360563;-21.889915;-2246.395264; 1114.567993;-344.426086; 0.000000; 153.621033; 0.000000;-2196.079102; 1416.573608;-404.951660; 23.754658;-6.165740; 174.397583;-1880.831787; 3.149216;-685.939514;-31.631582;-4.845408; 0.005148;-1985.689575; 92.208832;-671.185242;-31.631582;-4.845408; 0.005148;-2030.734131; 465.681793;-658.752869; 6.828267;-2.809089;-11.919484;-2128.167969; 865.308044;-646.295227; 11.864976;-3.290578; 38.616970;-2093.268311;-0.420303;-503.536469;-9.656275;-14.323973; 0.001115;-2194.911133; 74.676453;-559.871948;-9.656275; 14.323973;-0.001115;-2163.333984; 446.815552;-513.171509; 6.909836; 3.372330; 11.927739;-2178.091553; 856.077393;-472.716553;-3.839673; 3.368258;-24.432261;-2196.079102; 1416.573608;-404.951660;-18.251242; 72.325180; 35.259819;-2124.124268; 1451.623901;-576.662292; 1.386863; 2.923443;-13.350277;-2073.700195; 797.639954;-869.444214; 0.000000;-0.000000; 0.000000;-1814.639160;-41.214565;-696.690796; 0.000000;-0.000000; 0.000000;-2149.017334; 1450.140259;-492.288788; 1.318911; 2.683736; 6.865471;-2166.064697; 778.232605;-316.463135; 0.000000; 0.000000; 0.000000;-2029.567871;-35.963421;-469.711243; 0.000000; 0.000000; 0.000000;-2207.875000; 957.808655;-570.086914; 0.000000;-0.000000; 0.000000;-2185.402344; 1073.114258;-558.242249;-0.199965; 0.493605;-0.061704;-2198.964844; 1158.996460;-558.949524;-0.210009; 0.617010;-0.185105;-2209.933105; 1262.065674;-559.440247;-0.492530; 0.493605;-0.030852;-2204.453369; 1415.499756;-555.125549; 0.000000;-0.000000; 0.000000;-2159.090088; 1490.997192;-540.580078; 3.407927;-2.822782; 2.714726;-2142.935791; 1580.680420;-531.031982; 0.763501;-0.333566; 7.794615;-2155.935059; 1763.335938;-522.729980; 0.000000;-0.000000; 0.000000;-2004.207031; 1637.668335;-514.254944;-2118.205322; 1643.399536;-612.381531;-2135.297852; 1634.364136;-440.352539;-3.737798; 5.548813; 1.822523;-0.443232; 18.177010; 10.850174; 1.093826; 0.832442;
13;0;1776780258600000;;-2136.590820; 877.201904;-563.721130;-2070.489746; 867.802612;-822.294739; 7.150186; 19.899456;-49.627300;-2108.027832; 1130.323486;-786.851990; 0.000000; 164.166565; 0.000000;-2105.174561; 1421.613525;-674.850159; 49.537388; 41.219032; 145.165802;-2172.660889; 857.406799;-337.211517; 8.059138; 13.337386;-21.683538;-2245.563721; 1114.751465;-343.644653; 0.000000; 153.409409; 0.000000;-2197.476318; 1416.994751;-404.793060; 23.762192;-6.642233; 174.407379;-1877.809692; 5.360573;-685.014954;-31.815544;-4.896099; 0.004597;-1983.402832; 93.627411;-670.749329;-31.815544;-4.896099; 0.004597;-2032.565552; 466.603882;-659.039246; 6.514530;-2.590693;-11.831028;-2132.131836; 865.712891;-646.864624; 12.405686;-3.295837; 38.521580;-2091.787598; 0.014328;-502.420868;-9.973008;-14.326215; 0.000753;-2193.607178; 74.399841;-559.377441;-9.973008; 14.326215;-0.000753;-2166.642822; 447.018799;-513.620911; 6.332384; 3.101430; 11.776804;-2182.409912; 856.266113;-473.399963;-3.430892; 3.302392;-24.424061;-2197.476318; 1416.994751;-404.793060;-17.604376; 72.315384; 35.740585;-2125.447754; 1451.679565;-576.593689; 1.383004; 2.921602;-13.854606;-2065.256592; 796.115173;-861.116882; 0.000000;-0.000000; 0.000000;-1811.244995;-38.509201;-695.492981; 0.000000;-0.000000; 0.000000;-2150.493652; 1450.325317;-492.263153; 1.327160; 2.705216; 7.132155;-2161.602051; 779.239990;-316.204651; 0.000000; 0.000000; 0.000000;-2028.046509;-35.085674;-468.211609; 0.000000; 0.000000; 0.000000;-2211.623535; 958.339722;-570.584595; 0.000000;-0.000000; 0.000000;-2188.708984; 1073.531372;-558.479980;-0.219711; 0.531270;-0.059527;-2201.880371; 1159.475098;-559.094849;-0.222229; 0.664090;-0.178572;-2212.335205; 1262.597900;-559.539734;-0.515290; 0.531270;-0.029763;-2206.012939; 1415.998779;-555.198669; 0.000000; 0.000000;-0.000002;-2160.283691; 1491.262451;-540.587402; 3.510513;-2.859391; 2.793218;-2143.802002; 1580.884644;-531.026001; 0.787013;-0.336514; 7.977405;-2156.198242; 1763.583130;-522.747864; 0.000000;-0.000000; 0.000000;-2004.846313; 1637.437500;-514.659912;-2119.102783; 1643.498779;-612.465881;-2135.737549; 1634.573120;-440.386353;-3.824488; 5.585600; 1.814883;-0.414959; 18.148491; 10.982544; 1.099043; 0.832825;
14;0;1776780258616667;;-2138.716553; 877.533020;-563.817261;-2063.764893; 866.552795;-813.414307; 6.425739; 20.805103;-50.010471;-2105.283447; 1129.167969;-783.548706; 0.000000; 163.572449; 0.000000;-2105.895996; 1421.672363;-674.722046; 50.403854; 42.002552; 145.711761;-2169.333740; 858.307495;-336.989594; 7.911559; 13.353645;-21.453150;-2244.718750; 1114.946167;-343.006439; 0.000000; 153.218063; 0.000000;-2198.874512; 1417.425171;-404.708801; 23.751463;-7.107503; 174.405670;-1874.046265; 7.916649;-683.975647;-31.987293;-4.929664; 0.004125;-1980.444336; 95.273132;-670.091614;-31.987293;-4.929664; 0.004125;-2034.038086; 467.663788;-659.205811; 6.214969;-2.410324;-11.743309;-2136.213623; 866.129089;-647.578491; 13.028955;-3.283992; 38.458073;-2089.813232; 0.522499;-501.433441;-10.312464;-14.327201; 0.000700;-2191.873535; 74.226715;-558.842773;-10.312464; 14.327201;-0.000700;-2169.626221; 447.256805;-513.907288; 5.811694; 2.797851; 11.636846;-2186.707520; 856.500183;-474.186462;-2.948828; 3.222097;-24.410254;-2198.874512; 1417.425171;-404.708801;-16.951523; 72.323128; 36.169865;-2126.839844; 1451.779907;-576.619080; 1.378917; 2.917887;-14.263175;-2056.216553; 794.790100;-851.712830; 0.000000;-0.000000; 0.000000;-1807.079468;-35.385777;-694.249390; 0.000000;-0.000000; 0.000000;-2152.005615; 1450.537476;-492.322632; 1.332872; 2.721447; 7.395115;-2157.130127; 780.310608;-315.984985; 0.000000; 0.000000; 0.000000;-2025.994141;-34.152870;-466.937744; 0.000000; 0.000000; 0.000000;-2215.405518; 958.908569;-571.172180; 0.000000;-0.000000; 0.000000;-2192.018311; 1073.980103;-558.831543;-0.229888; 0.563616;-0.062594;-2204.797852; 1159.983643;-559.345215;-0.229471; 0.704524;-0.187771;-2214.749023; 1263.156494;-559.729736;-0.530387; 0.563616;-0.031299;-2207.621094; 1416.520752;-555.341370; 0.000000;-0.000000; 0.000002;-2161.536377; 1491.554932;-540.666992; 3.594417;-2.895542; 2.861480;-2144.719971; 1581.111450;-531.073364; 0.806075;-0.339970; 8.140906;-2156.486816; 1763.850098;-522.763428; 0.000000;-0.000000; 0.000000;-2005.533569; 1637.202271;-515.082520;-2120.032471; 1643.643188;-612.580078;-2136.232910; 1634.772705;-440.456268;-3.907557; 5.652774; 1.786736;-0.332791; 18.140388; 11.077141; 1.104668; 0.832986;
15;0;1776780258633333;;-2140.643799; 877.862061;-563.927002;-2057.050781; 865.526367;-803.865479; 5.628729; 21.749878;-50.243870;-2103.021240; 1128.056763;-780.478333; 0.000000; 162.749634; 0.000000;-2106.982666; 1421.706299;-674.853149; 51.329151; 42.868565; 146.316010;-2166.196289; 859.209106;-336.865479; 7.695128; 13.406208;-21.163136;-2243.920654; 1115.157227;-342.517883; 0.000000; 153.026169; 0.000000;-2200.130371; 1417.829468;-404.762024; 23.737808;-7.482126; 174.376160;-1869.814453; 10.602699;-682.943848;-32.150185;-4.943979; 0.003878;-1977.013428; 97.007385;-669.266174;-32.150185;-4.943979; 0.003878;-2035.090332; 468.748840;-659.221069; 5.946792;-2.281583;-11.659931;-2140.198486; 866.471985;-648.348206; 13.696875;-3.262660; 38.422699;-2087.592529; 1.107613;-500.727539;-10.614008;-14.327490; 0.000922;-2189.994385; 74.152496;-558.370850;-10.614008; 14.327490;-0.000922;-2172.197754; 447.488068;-513.992920; 5.375644; 2.469273; 11.514297;-2190.671143; 856.736755;-474.956055;-2.453640; 3.143678;-24.396816;-2200.130371; 1417.829468;-404.762024;-16.347178; 72.345924; 36.499001;-2128.236328; 1451.870483;-576.834229; 1.375684; 2.913966;-14.512578;-2046.905029; 793.694824;-841.427734; 0.000000;-0.000000; 0.000000;-1802.453735;-32.106911;-693.123352; 0.000000;-0.000000; 0.000000;-2153.430908; 1450.733154;-492.544861; 1.334848; 2.729393; 7.622068;-2152.788818; 781.425659;-315.803497; 0.000000; 0.000000; 0.000000;-2023.635986;-33.156689;-466.075958; 0.000000; 0.000000; 0.000000;-2218.993164; 959.431030;-571.749939; 0.000000;-0.000000; 0.000000;-2195.132080; 1074.387817;-559.247742;-0.230800; 0.588962;-0.069123;-2207.547363; 1160.445190;-559.669556;-0.232249; 0.736207;-0.207365;-2217.039551; 1263.661377;-560.000061;-0.539021; 0.588962;-0.034564;-2209.188965; 1416.989502;-555.584412; 0.000000;-0.000000; 0.000000;-2162.775879; 1491.818970;-540.899780; 3.667189;-2.945467; 2.879414;-2145.663086; 1581.313599;-531.252441; 0.822644;-0.351860; 8.234566;-2156.877930; 1764.081177;-522.817505; 0.000000;-0.000000; 0.000000;-2006.284912; 1636.985596;-515.469421;-2120.932129; 1643.819580;-612.765747;-2136.862061; 1634.897339;-440.619354;-3.981871; 5.756430; 1.734945;-0.189746; 18.146744; 11.137108; 1.110596; 0.832696;
16;0;1776780258650000;;-2142.275146; 878.182922;-564.036804;-2050.247070; 864.836182;-793.897278; 4.827129; 22.690350;-50.316986;-2101.189209; 1126.991699;-777.715576; 0.000000; 161.733612; 0.000000;-2108.498047; 1421.714600;-675.307495; 52.341709; 43.871071; 146.993973;-2163.362061; 860.123230;-336.796600; 7.400904; 13.484362;-20.786783;-2243.250000; 1115.410156;-342.179993; 0.000000; 152.824814; 0.000000;-2201.229980; 1418.213745;-405.003418; 23.726954;-7.730007; 174.307205;-1865.399780; 13.221375;-682.019165;-32.321857;-4.939769; 0.003839;-1973.306396; 98.743500;-668.359131;-32.321857;-4.939769; 0.003839;-2035.648071; 469.814148;-659.101257; 5.731709;-2.207207;-11.584993;-2143.863281; 866.725647;-649.082642; 14.365121;-3.243489; 38.407253;-2085.286377; 1.798103;-500.388733;-10.831126;-14.327440; 0.001387;-2188.137695; 74.192596;-558.052490;-10.831126; 14.327440;-0.001387;-2174.252930; 447.719543;-513.888977; 5.039869; 2.133311; 11.411967;-2194.047852; 856.977844;-475.607544;-2.003238; 3.082533;-24.391479;-2201.229980; 1418.213745;-405.003418;-15.827900; 72.379715; 36.690697;-2129.639160; 1451.958740;-577.288818; 1.373817; 2.910751;-14.576688;-2037.318481; 792.960938;-830.509277; 0.000000;-0.000000; 0.000000;-1797.697510;-28.939350;-692.221680; 0.000000;-0.000000; 0.000000;-2154.744629; 1450.924927;-492.971527; 1.334247; 2.730840; 7.778941;-2148.686035; 782.599792;-315.621796; 0.000000; 0.000000; 0.000000;-2021.128540;-32.060825;-465.710968; 0.000000; 0.000000; 0.000000;-2222.192383; 959.874695;-572.237915; 0.000000;-0.000000; 0.000000;-2197.903564; 1074.735718;-559.679993;-0.225706; 0.606734;-0.077333;-2210.015137; 1160.836670;-560.035339;-0.231299; 0.758423;-0.231981;-2219.131592; 1264.086914;-560.336243;-0.540896; 0.606734;-0.038667;-2210.698975; 1417.384888;-555.945862; 0.000000; 0.000000;-0.000002;-2164.001465; 1492.050781;-541.330383; 3.707977;-3.018528; 2.826430;-2146.638184; 1581.487915;-531.598389; 0.832298;-0.376236; 8.234501;-2157.381592; 1764.271851;-522.907532; 0.000000;-0.000000; 0.000000;-2007.112915; 1636.780518;-515.781982;-2121.772217; 1644.042847;-613.033020;-2137.671875; 1634.923584;-440.894104;-4.041475; 5.894716; 1.669998;-0.000000; 18.153336; 11.172836; 1.116696; 0.831983;
17;0;1776780258666667;;-2143.530273; 878.542664;-564.142151;-2042.982544; 864.691284;-783.718201; 4.082817; 23.585451;-50.215511;-2099.473145; 1126.070557;-775.223572; 0.000000; 160.589783; 0.000000;-2110.427002; 1421.783325;-676.044800; 53.469566; 44.992004; 147.730225;-2160.879639; 861.082092;-336.724945; 7.035564; 13.574104;-20.306036;-2242.770508; 1115.735840;-342.001465; 0.000000; 152.623764; 0.000000;-2202.274902; 1418.619019;-405.439453; 23.716633;-7.871223; 174.198318;-1861.194336; 15.565216;-681.277527;-32.534832;-4.920150; 0.003968;-1969.603516; 100.429688;-667.496155;-32.534832;-4.920150; 0.003968;-2035.675903; 470.870483;-658.914307; 5.593278;-2.182892;-11.522848;-2146.979980; 866.946899;-649.719482; 14.982133;-3.235859; 38.402233;-2082.979492; 2.630531;-500.414215;-10.942164;-14.327287; 0.002018;-2186.348877; 74.382050;-557.954956;-10.942164; 14.327287;-0.002018;-2175.685791; 447.999847;-513.664490; 4.806620; 1.814447; 11.327702;-2196.667236; 857.265259;-476.097534;-1.640113; 3.047034;-24.402807;-2202.274902; 1418.619019;-405.439453;-15.407721; 72.422440; 36.727905;-2131.093994; 1452.119995;-577.953735; 1.373128; 2.908073;-14.471711;-2027.127197; 792.829895;-819.189148; 0.000000;-0.000000; 0.000000;-1793.256226;-26.187778;-691.588318; 0.000000;-0.000000; 0.000000;-2156.009521; 1451.180176;-493.579010; 1.333585; 2.730544; 7.841471;-2144.879639; 783.865967;-315.387054; 0.000000; 0.000000; 0.000000;-2018.578369;-30.828091;-465.798828; 0.000000; 0.000000; 0.000000;-2224.840576; 960.267456;-572.607239; 0.000000;-0.000000; 0.000000;-2200.221191; 1075.063232;-560.095764;-0.216309; 0.616740;-0.085316;-2212.122314; 1161.193604;-560.416687;-0.225884; 0.770932;-0.255942;-2220.987793; 1264.465698;-560.718079;-0.532362; 0.616740;-0.042660;-2212.185791; 1417.745239;-556.411438; 0.000000; 0.000000; 0.000000;-2165.271729; 1492.302368;-541.934814; 3.675250;-3.108357; 2.711198;-2147.681396; 1581.682007;-532.083008; 0.825706;-0.409813; 8.146824;-2157.957520; 1764.473877;-523.003479; 0.000000;-0.000000; 0.000000;-2008.029175; 1636.575806;-515.999695;-2122.566895; 1644.349609;-613.354492;-2138.671143; 1634.895752;-441.252716;-4.080919; 6.057413; 1.609003; 0.213062; 18.139412; 11.201874; 1.122665; 0.831273;
18;0;1776780258683333;;-2144.376221; 878.980103;-564.236145;-2034.788940; 865.310547;-773.473633; 3.438956; 24.409456;-49.928520;-2097.406982; 1125.427979;-772.863525; 0.000000; 159.403397; 0.000000;-2112.676270; 1422.018555;-676.929565; 54.728962; 46.158890; 148.488327;-2158.700195; 862.100159;-336.597321; 6.618214; 13.661667;-19.707193;-2242.503906; 1116.128906;-341.966736; 0.000000; 152.436798; 0.000000;-2203.410645; 1419.068726;-406.010681; 23.706825;-7.964324; 174.058716;-1857.730225; 17.368469;-680.742859;-32.827957;-4.889725; 0.004186;-1966.317261; 101.978638;-666.798218;-32.827957;-4.889725; 0.004186;-2035.240234; 471.911255;-658.732361; 5.550937;-2.203355;-11.478004;-2149.360352; 867.200867;-650.223877; 15.495707;-3.243467; 38.399548;-2080.749512; 3.602783;-500.695679;-10.948234;-14.327168; 0.002732;-2184.627441; 74.730927;-558.094666;-10.948234; 14.327168;-0.002732;-2176.451660; 448.364655;-513.411560; 4.667055; 1.538452; 11.254313;-2198.475586; 857.628906;-476.433197;-1.384257; 3.037862;-24.439354;-2203.410645; 1419.068726;-406.010681;-15.085641; 72.469269; 36.621902;-2132.658203; 1452.433838;-578.720886; 1.372626; 2.904353;-14.245585;-2015.861206; 793.569336;-807.658020; 0.000000;-0.000000; 0.000000;-1789.716919;-24.229092;-691.185364; 0.000000;-0.000000; 0.000000;-2157.330811; 1451.557861;-494.274048; 1.334661; 2.732163; 7.807007;-2141.330322; 785.236938;-315.057617; 0.000000; 0.000000; 0.000000;-2016.108032;-29.468487;-466.156158; 0.000000; 0.000000; 0.000000;-2226.831787; 960.646973;-572.872192; 0.000000;-0.000000; 0.000000;-2202.016357; 1075.412720;-560.473877;-0.200337; 0.618503;-0.090493;-2213.824463; 1161.555908;-560.788757;-0.213757; 0.773136;-0.271474;-2222.597168; 1264.835815;-561.111694;-0.507977; 0.618502;-0.045248;-2213.705078; 1418.113525;-556.923767; 0.000000; 0.000000;-0.000002;-2166.669678; 1492.626953;-542.616516; 3.533621;-3.190327; 2.568509;-2148.849609; 1581.945679;-532.625793; 0.794576;-0.442317; 7.999458;-2158.580078; 1764.744141;-523.088196; 0.000000;-0.000000; 0.000000;-2009.060303; 1636.366089;-516.129822;-2123.384766; 1644.747314;-613.684570;-2139.851318; 1634.894287;-441.639465;-4.098350; 6.228189; 1.568603; 0.428415; 18.084328; 11.246437; 1.127962; 0.831288;
19;0;1776780258700000;;-2144.867432; 879.475708;-564.288025;-2025.370483; 866.789978;-763.261963; 2.899968; 25.158648;-49.448166;-2094.553467; 1125.139648;-770.447510; 0.000000; 158.265839; 0.000000;-2115.081055; 1422.450562;-677.780029; 56.112991; 47.279434; 149.227051;-2156.738770; 863.150574;-336.385010; 6.174764; 13.735492;-18.978878;-2242.448486; 1116.537354;-341.994171; 0.000000; 152.259323; 0.000000;-2204.717529; 1419.531128;-406.597260; 23.705730;-8.062981; 173.901276;-1855.588867; 18.346748;-680.391968;-33.229366;-4.853494; 0.004339;-1963.939453; 103.241974;-666.341797;-33.229366;-4.853494; 0.004339;-2034.551880; 472.862305;-658.577515; 5.611729;-2.266853;-11.454474;-2150.955078; 867.495911;-650.562195; 15.869745;-3.269158; 38.393124;-2078.755127; 4.650864;-501.048279;-10.863814;-14.327097; 0.003424;-2183.042480; 75.195587;-558.424622;-10.863814; 14.327097;-0.003424;-2176.649170; 448.797089;-513.184937; 4.606908; 1.324039; 11.182089;-2199.581543; 858.049194;-476.627380;-1.234865; 3.053845;-24.508572;-2204.717529; 1419.531128;-406.597260;-14.857763; 72.504959; 36.417305;-2134.340332; 1452.904053;-579.438904; 1.371373; 2.898321;-13.962833;-2003.199341; 795.337158;-796.073120; 0.000000;-0.000000; 0.000000;-1787.700928;-23.432251;-690.925354; 0.000000;-0.000000; 0.000000;-2158.771484; 1452.043335;-494.921753; 1.336972; 2.735098; 7.701377;-2137.957520; 786.679565;-314.634521; 0.000000; 0.000000; 0.000000;-2013.927002;-28.058804;-466.514282; 0.000000; 0.000000; 0.000000;-2228.182129; 961.013123;-573.052185; 0.000000;-0.000000; 0.000000;-2203.309814; 1075.781128;-560.789124;-0.176569; 0.611125;-0.089853;-2215.139648; 1161.921387;-561.118408;-0.194388; 0.763914;-0.269554;-2223.976807; 1265.195679;-561.467285;-0.466663; 0.611125;-0.044927;-2215.278564; 1418.487549;-557.391907; 0.000000; 0.000000; 0.000000;-2168.226807; 1493.019653;-543.236755; 3.282071;-3.233086; 2.442844;-2150.160400; 1582.274902;-533.122375; 0.738263;-0.461550; 7.829527;-2159.232666; 1765.084961;-523.167786; 0.000000;-0.000000; 0.000000;-2010.205200; 1636.136108;-516.202942;-2124.291992; 1645.174683;-613.977051;-2141.157471; 1634.972534;-441.990967;-4.099210; 6.391171; 1.553434; 0.617073; 17.977066; 11.328331; 1.131975; 0.832721;
20;0;1776780258716667;;-2145.117188; 879.961548;-564.249634;-2014.876587; 869.012939;-753.156433; 2.415795; 25.847630;-48.761414;-2090.687988; 1125.178467;-767.796387; 0.000000; 157.262863; 0.000000;-2117.408691; 1423.008789;-678.434509; 57.581940; 48.261631; 149.915573;-2154.949219; 864.168884;-336.097412; 5.735538; 13.788049;-18.116924;-2242.597900; 1116.885742;-341.961060; 0.000000; 152.064209; 0.000000;-2206.140869; 1419.928467;-407.064636; 23.718761;-8.185105; 173.736542;-1855.135498; 18.334312;-680.182617;-33.743393;-4.816059; 0.004388;-1962.814331; 104.081635;-666.142334;-33.743393;-4.816059; 0.004388;-2033.867798; 473.618286;-658.418396; 5.766561;-2.372845;-11.455064;-2151.867920; 867.783203;-650.696838; 16.097902;-3.319886; 38.378571;-2077.146729; 5.688942;-501.285217;-10.708585;-14.327066; 0.003982;-2181.683594; 75.706268;-558.853271;-10.708585; 14.327066;-0.003982;-2176.459717; 449.247375;-512.969116; 4.612641; 1.176173; 11.102394;-2200.199951; 858.476685;-476.672424;-1.176849; 3.096999;-24.615789;-2206.140869; 1419.928467;-407.064636;-14.720016; 72.506836; 36.177673;-2136.048340; 1453.446289;-579.969116; 1.369272; 2.890535;-13.688346;-1989.268677; 798.078430;-784.559692; 0.000000;-0.000000; 0.000000;-1787.582153;-23.980495;-690.727844; 0.000000;-0.000000; 0.000000;-2160.281250; 1452.545776;-495.395355; 1.338520; 2.735996; 7.568938;-2134.730225; 788.115784;-314.171143; 0.000000; 0.000000; 0.000000;-2012.220825;-26.694775;-466.627899; 0.000000; 0.000000; 0.000000;-2229.020264; 961.330688;-573.149109; 0.000000;-0.000000; 0.000000;-2204.207520; 1076.125488;-561.016846;-0.151951; 0.593481;-0.082043;-2216.141846; 1162.251221;-561.374817;-0.172486; 0.741857;-0.246116;-2225.154297; 1265.510376;-561.738159;-0.417449; 0.593481;-0.041022;-2216.845459; 1418.825439;-557.725098;-0.000000;-0.000000;-0.000002;-2169.858154; 1493.416504;-543.666443; 2.966796;-3.215314; 2.367836;-2151.536133; 1582.611328;-533.478821; 0.667073;-0.459714; 7.670390;-2159.880371; 1765.441284;-523.254517; 0.000000;-0.000000; 0.000000;-2011.390869; 1635.875610;-516.246338;-2125.279053; 1645.530518;-614.192993;-2142.468506; 1635.130493;-442.250824;-4.095004; 6.538341; 1.558088; 0.771771; 17.820114; 11.461533; 1.134297; 0.835945;
21;0;1776780258733333;;-2145.198730; 880.359497;-564.086609;-2003.940918; 871.661499;-743.227966; 1.880762; 26.499977;-47.844769;-2085.890137; 1125.437744;-764.779053; 0.000000; 156.464294; 0.000000;-2119.402344; 1423.577271;-678.800903; 59.065796; 49.022060; 150.542419;-2153.285645; 865.073730;-335.779633; 5.331581; 13.818406;-17.130428;-2242.910889; 1117.093018;-341.788513; 0.000000; 151.819870; 0.000000;-2207.520508; 1420.168823;-407.325623; 23.732712;-8.324145; 173.570404;-1856.296265; 17.375526;-680.060059;-34.348125;-4.781333; 0.004289;-1962.926025; 104.445251;-666.152649;-34.348125;-4.781333; 0.004289;-2033.327148; 474.102173;-658.212769; 5.993890;-2.515070;-11.480680;-2152.257812; 867.989746;-650.614319; 16.203436;-3.405053; 38.353134;-2075.925293; 6.643105;-501.284332;-10.506414;-14.327030; 0.004315;-2180.533203; 76.199738;-559.280396;-10.506414; 14.327030;-0.004315;-2176.005371; 449.664185;-512.703369; 4.674248; 1.086874; 11.010643;-2200.516113; 858.861633;-476.559906;-1.187636; 3.171218;-24.763197;-2207.520508; 1420.168823;-407.325623;-14.658640; 72.459457; 35.953976;-2137.603516; 1453.939087;-580.230164; 1.366808; 2.882601;-13.468040;-1974.691284; 801.525024;-773.210815; 0.000000;-0.000000; 0.000000;-1789.259033;-25.770111;-690.532654; 0.000000;-0.000000; 0.000000;-2161.705078; 1452.946533;-495.619873; 1.338205; 2.733266; 7.448137;-2131.632812; 789.447510;-313.746429; 0.000000; 0.000000; 0.000000;-2011.001343;-25.456692;-466.360352; 0.000000; 0.000000; 0.000000;-2229.489746; 961.552551;-573.164246; 0.000000;-0.000000; 0.000000;-2204.819092; 1076.391113;-561.157410;-0.139329; 0.564142;-0.068947;-2216.895508; 1162.496826;-561.555176;-0.156253; 0.705181;-0.206832;-2226.126709; 1265.736694;-561.910400;-0.376050; 0.564142;-0.034474;-2218.264404; 1419.074707;-557.871948;-0.000000;-0.000000; 0.000000;-2171.380859; 1493.734131;-543.829895; 2.661860;-3.131112; 2.356212;-2152.822021; 1582.879639;-533.639343; 0.597929;-0.435318; 7.540410;-2160.476562; 1765.736450;-523.356934; 0.000000;-0.000000; 0.000000;-2012.490356; 1635.601318;-516.255798;-2126.248291; 1645.726685;-614.306030;-2143.639648; 1635.331177;-442.383911;-4.094382; 6.670033; 1.574331; 0.895911; 17.623573; 11.649315; 1.134907; 0.840929;
22;0;1776780258750000;;-2145.123535; 880.615662;-563.798096;-1993.385132; 874.332764;-733.556335; 1.150377; 27.139929;-46.664982;-2080.454346; 1125.789795;-761.320068; 0.000000; 155.917969; 0.000000;-2120.860840; 1424.067383;-678.856689; 60.480801; 49.485577; 151.108704;-2151.676514; 865.787354;-335.503571; 4.989297; 13.832137;-16.042387;-2243.314941; 1117.081787;-341.500885; 0.000000; 151.513794; 0.000000;-2208.719971; 1420.177734;-407.368134; 23.712553;-8.483270; 173.407562;-1858.568359; 15.709145;-679.952942;-34.999256;-4.752326; 0.004084;-1963.900391; 104.381836;-666.286133;-34.999256;-4.752326; 0.004084;-2032.893433; 474.295349;-657.946594; 6.266199;-2.677888;-11.530345;-2152.252441; 868.053284;-650.345154; 16.230995;-3.534413; 38.315857;-2074.963379; 7.453011;-500.995483;-10.287548;-14.326924; 0.004380;-2179.470947; 76.631317;-559.621582;-10.287548; 14.326924;-0.004380;-2175.319092; 450.010193;-512.329041; 4.783654; 1.041547; 10.908056;-2200.635010; 859.169800;-476.312531;-1.241118; 3.277681;-24.948729;-2208.719971; 1420.177734;-407.368134;-14.644737; 72.365318; 35.765335;-2138.833740; 1454.290405;-580.201477; 1.364533; 2.875921;-13.318037;-1960.264771; 805.317383;-762.079285; 0.000000;-0.000000; 0.000000;-1792.168091;-28.445019;-690.278748; 0.000000;-0.000000; 0.000000;-2162.890625; 1453.156372;-495.580292; 1.337091; 2.729395; 7.356184;-2128.634766; 790.582275;-313.437439; 0.000000; 0.000000; 0.000000;-2010.136230;-24.414253;-465.680847; 0.000000; 0.000000; 0.000000;-2229.681641; 961.643433;-573.125427; 0.000000;-0.000000; 0.000000;-2205.201660; 1076.536377;-561.248657;-0.147380; 0.521379;-0.055103;-2217.421387; 1162.621582;-561.696228;-0.151573; 0.651726;-0.165303;-2226.860840; 1265.842651;-562.014465;-0.354481; 0.521379;-0.027553;-2219.393066; 1419.196533;-557.836182; 0.000000; 0.000000; 0.000002;-2172.621338; 1493.910645;-543.712402; 2.429312;-2.977575; 2.406374;-2153.876221; 1583.026001;-533.599365; 0.545035;-0.388893; 7.437079;-2160.986328; 1765.915649;-523.511719; 0.000000;-0.000000; 0.000000;-2013.396240; 1635.343262;-516.191711;-2127.068359; 1645.708618;-614.316528;-2144.587158; 1635.544800;-442.393433;-4.099831; 6.789343; 1.598999; 1.000147; 17.401871; 11.883232; 1.134261; 0.847264;
23;0;1776780258766667;;-2144.883789; 880.705688;-563.416931;-1983.884521; 876.673706;-724.236816; 0.072147; 27.784370;-45.183838;-2074.748047; 1126.124756;-757.410278; 0.000000; 155.646332; 0.000000;-2121.721680; 1424.439941;-678.644714; 61.758286; 49.597767; 151.620285;-2150.089600; 866.252075;-335.349731; 4.728347; 13.835527;-14.888979;-2243.759277; 1116.799805;-341.209351; 0.000000; 151.161087; 0.000000;-2209.719238; 1419.920288;-407.252869; 23.619707;-8.683243; 173.253754;-1861.218872; 13.677162;-679.783936;-35.635437;-4.730758; 0.003810;-1965.183105; 103.999298;-666.448669;-35.635437;-4.730758; 0.003810;-2032.423340; 474.224518;-657.636780; 6.555959;-2.839561;-11.601322;-2151.942627; 867.932190;-649.948364; 16.235212;-3.719229; 38.267254;-2074.105469; 8.072342;-500.410614;-10.084900;-14.326725; 0.004177;-2178.358154; 76.974457;-559.810547;-10.084900; 14.326725;-0.004177;-2174.407471; 450.265198;-511.810303; 4.932152; 1.024877; 10.801616;-2200.620605; 859.384766;-475.981445;-1.312310; 3.414712;-25.165318;-2209.719238; 1419.920288;-407.252869;-14.645420; 72.241531; 35.603561;-2139.673828; 1454.462891;-579.924622; 1.363094; 2.871749;-13.227965;-1946.614868; 809.150574;-751.167114; 0.000000;-0.000000; 0.000000;-1795.489624;-31.517231;-689.900574; 0.000000;-0.000000; 0.000000;-2163.791992; 1453.139771;-495.323639; 1.337061; 2.728235; 7.293110;-2125.756348; 791.448425;-313.305603; 0.000000; 0.000000; 0.000000;-2009.459229;-23.625687;-464.615326; 0.000000; 0.000000; 0.000000;-2229.649902; 961.586487;-573.086670; 0.000000;-0.000000; 0.000000;-2205.379150; 1076.538696;-561.354675;-0.174854; 0.463677;-0.045013;-2217.724609; 1162.605591;-561.864624;-0.158574; 0.579597;-0.135023;-2227.340088; 1265.810669;-562.118530;-0.354482; 0.463677;-0.022505;-2220.179932; 1419.171997;-557.678772;-0.000000; 0.000000; 0.000000;-2173.521484; 1493.920410;-543.363159; 2.290904;-2.742851; 2.511693;-2154.652100; 1583.029053;-533.423401; 0.513276;-0.318865; 7.337193;-2161.398193; 1765.959473;-523.836182; 0.000000;-0.000000; 0.000000;-2014.082153; 1635.106689;-516.023621;-2127.640137; 1645.438721;-614.283997;-2145.342041; 1635.775024;-442.350800;-4.110231; 6.898020; 1.634704; 1.096465; 17.174500; 12.145363; 1.133178; 0.854305;
24;0;1776780258783333;;-2144.520996; 880.632935;-563.004211;-1975.840576; 878.475037;-715.404907;-1.478669; 28.435400;-43.366287;-2069.150635; 1126.369141;-753.144043; 0.000000; 155.643692; 0.000000;-2122.110352; 1424.689453;-678.292847; 62.875225; 49.361603; 152.094086;-2148.581543; 866.458618;-335.378540; 4.563447; 13.828031;-13.719750;-2244.242920; 1116.257080;-341.046539; 0.000000; 150.793213; 0.000000;-2210.591309; 1419.418579;-407.100769; 23.438868;-8.933591; 173.110168;-1863.612793; 11.610695;-679.528748;-36.186245;-4.716509; 0.003532;-1966.330322; 103.403534;-666.580444;-36.186245;-4.716509; 0.003532;-2031.832397; 473.929382;-657.326538; 6.840104;-2.980043;-11.689259;-2151.454346; 867.602905;-649.489929; 16.266947;-3.971937; 38.209023;-2073.285156; 8.483986;-499.583862;-9.924527;-14.326451; 0.003769;-2177.163330; 77.227295;-559.817993;-9.924527; 14.326451;-0.003769;-2173.337158; 450.431976;-511.143921; 5.110184; 1.024117; 10.702283;-2200.552490; 859.512573;-475.619141;-1.385349; 3.584592;-25.401680;-2210.591309; 1419.418579;-407.100769;-14.640459; 72.107933; 35.446495;-2140.203125; 1454.464844;-579.523499; 1.363084; 2.871013;-13.171405;-1934.100586; 812.867676;-740.446533; 0.000000;-0.000000; 0.000000;-1798.494629;-34.513550;-689.397217; 0.000000;-0.000000; 0.000000;-2164.483643; 1452.913208;-494.972839; 1.338131; 2.729726; 7.253375;-2123.114990; 792.018066;-313.385620; 0.000000; 0.000000; 0.000000;-2008.882324;-23.117229;-463.267853; 0.000000; 0.000000; 0.000000;-2229.476074; 961.383850;-573.102234; 0.000000;-0.000000; 0.000000;-2205.405518; 1076.396118;-561.547913;-0.213026; 0.390148;-0.041205;-2217.853760; 1162.447754;-562.140991;-0.172790; 0.487686;-0.123608;-2227.615234; 1265.639282;-562.315063;-0.369025; 0.390147;-0.020598;-2220.698242; 1419.000854;-557.514282;-0.000000;-0.000000; 0.000000;-2174.160400; 1493.768311;-542.908264; 2.228408;-2.416508; 2.657687;-2155.213135; 1582.891602;-533.252197; 0.498484;-0.224293; 7.203853;-2161.729004; 1765.872314;-524.504822; 0.000000;-0.000000; 0.000000;-2014.609985; 1634.855591;-515.781006;-2127.939941; 1644.898804;-614.334290;-2146.028564; 1636.035278;-442.398315;-4.122506; 6.996782; 1.686208; 1.192554; 16.966019; 12.411133; 1.132451; 0.861362;
25;0;1776780258800000;;-2144.136963; 880.419373;-562.623962;-1969.378784; 879.678406;-707.245667;-3.561731; 29.080076;-41.191025;-2063.974854; 1126.487061;-748.713013; 0.000000; 155.880798; 0.000000;-2122.249268; 1424.820557;-677.976196; 63.853424; 48.843170; 152.556366;-2147.261230; 866.445312;-335.601135; 4.505463; 13.799183;-12.595619;-2244.784424; 1115.526611;-341.098022; 0.000000; 150.438660; 0.000000;-2211.391113; 1418.741333;-407.039062; 23.181187;-9.210676; 172.970886;-1865.429443; 9.743797;-679.247620;-36.583462;-4.707505; 0.003254;-1967.183838; 102.654846;-666.676575;-36.583462;-4.707505; 0.003254;-2031.180176; 473.434631;-657.063049; 7.101990;-3.087712;-11.788088;-2150.961670; 867.055298;-649.011108; 16.363550;-4.304243; 38.143818;-2072.579590; 8.701485;-498.658020;-9.819106;-14.326175; 0.003249;-2176.016357; 77.413940;-559.681763;-9.819106; 14.326175;-0.003249;-2172.254150; 450.535156;-510.366943; 5.308056; 1.031876; 10.621977;-2200.523438; 859.579041;-475.244568;-1.458697; 3.799581;-25.643681;-2211.391113; 1418.741333;-407.039062;-14.628073; 71.978821; 35.269302;-2140.555908; 1454.325073;-579.164978; 1.364590; 2.873527;-13.119594;-1922.878418; 816.449463;-729.905212; 0.000000;-0.000000; 0.000000;-1800.781860;-37.088818;-688.870300; 0.000000;-0.000000; 0.000000;-2165.060791; 1452.522705;-494.684052; 1.337756; 2.728615; 7.233649;-2120.882080; 792.304199;-313.672333; 0.000000; 0.000000; 0.000000;-2008.450806;-22.881681;-461.844788; 0.000000; 0.000000; 0.000000;-2229.272949; 961.054749;-573.190796; 0.000000;-0.000000; 0.000000;-2205.362061; 1076.124023;-561.875244;-0.250927; 0.300750;-0.043614;-2217.887207; 1162.163574;-562.583435;-0.188625; 0.375938;-0.130849;-2227.770508; 1265.343628;-562.680847;-0.388938; 0.300750;-0.021805;-2221.063965; 1418.700928;-557.463745; 0.000000;-0.000000; 0.000000;-2174.657959; 1493.481201;-542.508240; 2.215349;-2.009977; 2.817437;-2155.662598; 1582.635254;-533.238831; 0.494763;-0.110493; 7.002919;-2162.030762; 1765.671997;-525.628784; 0.000000;-0.000000; 0.000000;-2015.078369; 1634.567627;-515.522400;-2128.004395; 1644.122070;-614.586487;-2146.787354; 1636.321045;-442.673370;-4.133797; 7.087425; 1.754685; 1.290133; 16.802979; 12.654961; 1.132464; 0.867827;
26;0;1776780258816667;;-2143.839111; 880.085938;-562.309265;-1964.398560; 880.314270;-699.941833;-6.139089; 29.697205;-38.667603;-2059.382324; 1126.467773;-744.315308; 0.000000; 156.317368; 0.000000;-2122.298828; 1424.831787;-677.810242; 64.727936; 48.133545; 153.028122;-2146.223389; 866.259521;-335.983826; 4.558228; 13.731887;-11.582299;-2245.385986; 1114.695068;-341.372162; 0.000000; 150.110916; 0.000000;-2212.083008; 1417.961914;-407.118713; 22.863400;-9.468288; 172.829880;-1866.668701; 8.186714;-679.068359;-36.774494;-4.700405; 0.002965;-1967.846924; 101.763580;-666.787964;-36.774494;-4.700405; 0.002965;-2030.627075; 472.743561;-656.882812; 7.332298;-3.159658;-11.890485;-2150.627930; 866.290649;-648.506226; 16.545622;-4.723987; 38.074615;-2072.178223; 8.748352;-497.834747;-9.769870;-14.325978; 0.002739;-2175.159668; 77.566711;-559.505859;-9.769870; 14.325978;-0.002739;-2171.346924; 450.603973;-509.563293; 5.514130; 1.050231; 10.570590;-2200.619629; 859.610596;-474.830383;-1.541725; 4.079309;-25.876310;-2212.083008; 1417.961914;-407.118713;-14.615119; 71.864700; 35.052284;-2140.801758; 1454.065186;-578.955017; 1.367139; 2.878053;-13.053531;-1913.012207; 819.916687;-719.568420; 0.000000;-0.000000; 0.000000;-1802.299683;-39.067696;-688.495117; 0.000000;-0.000000; 0.000000;-2165.541748; 1452.009888;-494.548431; 1.332916; 2.718766; 7.235514;-2119.204102; 792.325684;-314.134766; 0.000000; 0.000000; 0.000000;-2008.321777;-22.900831;-460.607300; 0.000000; 0.000000; 0.000000;-2229.143066; 960.626221;-573.316833; 0.000000;-0.000000; 0.000000;-2205.315430; 1075.743896;-562.322205;-0.279359; 0.196721;-0.050480;-2217.882324; 1161.776001;-563.184082;-0.202358; 0.245902;-0.151443;-2227.858887; 1264.947021;-563.222778;-0.409273; 0.196721;-0.025243;-2221.332031; 1418.296875;-557.575806; 0.000000;-0.000000; 0.000000;-2175.064941; 1493.090210;-542.259338; 2.253869;-1.560894; 2.960234;-2156.068848; 1582.290283;-533.444824; 0.502709; 0.010491; 6.723049;-2162.413330; 1765.377930;-527.153564; 0.000000;-0.000000; 0.000000;-2015.571777; 1634.298584;-515.265747;-2127.909912; 1643.196899;-615.056702;-2147.706055; 1636.605835;-443.206696;-4.144915; 7.171843; 1.837708; 1.381685; 16.712219; 12.852867; 1.133129; 0.873230;
27;0;1776780258833333;;-2143.727783; 879.652222;-562.068176;-1960.679321; 880.458252;-693.600647;-9.067174; 30.264088;-35.862450;-2055.427734; 1126.311401;-740.092041; 0.000000; 156.905533; 0.000000;-2122.330078; 1424.721069;-677.816833; 65.531181; 47.343224; 153.524872;-2145.509277; 865.932556;-336.475677; 4.714992; 13.611273;-10.738876;-2246.024902; 1113.824707;-341.818481; 0.000000; 149.810059; 0.000000;-2212.570312; 1417.131714;-407.301666; 22.495270;-9.658074; 172.683578;-1867.573364; 6.949783;-679.144043;-36.735527;-4.691949; 0.002656;-1968.588867; 100.720612;-667.005005;-36.735527;-4.691949; 0.002656;-2030.380005; 471.859192;-656.826904; 7.529350;-3.197456;-11.989018;-2150.590576; 865.331299;-647.952454; 16.816442;-5.229703; 38.003685;-2072.254395; 8.647095;-497.295807;-9.776709;-14.325887; 0.002295;-2174.809082; 77.709869;-559.403381;-9.776709; 14.325887;-0.002295;-2170.777344; 450.664124;-508.861908; 5.711333; 1.092622; 10.554018;-2200.916260; 859.625488;-474.338318;-1.644035; 4.442079;-26.085617;-2212.570312; 1417.131714;-407.301666;-14.605072; 71.773827; 34.783550;-2140.937256; 1453.696289;-578.905151; 1.370016; 2.882981;-12.965622;-1904.580566; 823.243896;-709.509338; 0.000000;-0.000000; 0.000000;-1803.278076;-40.426109;-688.463074; 0.000000;-0.000000; 0.000000;-2165.876465; 1451.400635;-494.563446; 1.321892; 2.696734; 7.262959;-2118.147217; 792.091919;-314.738281; 0.000000; 0.000000; 0.000000;-2008.642212;-23.153351;-459.779999; 0.000000; 0.000000; 0.000000;-2229.174805; 960.130798;-573.421326; 0.000000;-0.000000; 0.000000;-2205.323242; 1075.281494;-562.832031;-0.294327; 0.080696;-0.059339;-2217.881836; 1161.312744;-563.881775;-0.213282; 0.100870;-0.178016;-2227.904785; 1264.479370;-563.881714;-0.430450; 0.080696;-0.029670;-2221.494141; 1417.817871;-557.812561;-0.000000;-0.000000; 0.000002;-2175.358643; 1492.623169;-542.161621; 2.368073;-1.119780; 3.065465;-2156.443115; 1581.885620;-533.817627; 0.527783; 0.124715; 6.383636;-2162.979492; 1765.007812;-528.870483; 0.000000;-0.000000; 0.000000;-2016.122192; 1634.141357;-514.999573;-2127.747559; 1642.236450;-615.655029;-2148.772461; 1636.846191;-443.909180;-4.157652; 7.246219; 1.933910; 1.445097; 16.709778; 12.989243; 1.133924; 0.877348;
28;0;1776780258850000;;-2143.872559; 879.154236;-561.913147;-1957.937866; 880.253296;-688.211670;-12.124151; 30.758295;-32.913708;-2052.135254; 1126.040894;-736.146729; 0.000000; 157.582016; 0.000000;-2122.393066; 1424.509277;-677.984131; 66.296028; 46.627472; 154.062775;-2145.125732; 865.498657;-337.036407; 4.958510; 13.435400;-10.104198;-2246.685303; 1112.964844;-342.384644; 0.000000; 149.530838; 0.000000;-2212.783203; 1416.294189;-407.533447; 22.077654;-9.744170; 172.527252;-1868.471191; 6.001297;-679.598816;-36.480541;-4.679973; 0.002293;-1969.691772; 99.545532;-667.419250;-36.480541;-4.679973; 0.002293;-2030.626221; 470.817535;-656.945801; 7.696165;-3.205421;-12.077397;-2150.964111; 864.234070;-647.361023; 17.164669;-5.807602; 37.931232;-2072.791504; 8.434677;-497.120148;-9.850422;-14.325871; 0.002010;-2174.979736; 77.868103;-559.417847;-9.850422; 14.325871;-0.002010;-2170.601318; 450.754181;-508.404175; 5.876987; 1.178859; 10.573328;-2201.481934; 859.650879;-473.769379;-1.764774; 4.897711;-26.260965;-2212.783203; 1416.294189;-407.533447;-14.593408; 71.711365; 34.453648;-2140.955566; 1453.241333;-578.993164; 1.372456; 2.886660;-12.853355;-1897.646973; 826.375244;-699.864868; 0.000000;-0.000000; 0.000000;-1804.068237;-41.227943;-688.919006; 0.000000;-0.000000; 0.000000;-2166.020996; 1450.724609;-494.695129; 1.304255; 2.661591; 7.314072;-2117.710449; 791.632996;-315.451752; 0.000000; 0.000000; 0.000000;-2009.376709;-23.594913;-459.465454; 0.000000; 0.000000; 0.000000;-2229.455811; 959.615601;-573.477966; 0.000000;-0.000000; 0.000000;-2205.459961; 1074.779297;-563.366882;-0.299128;-0.044027;-0.067878;-2217.946777; 1160.818115;-564.624878;-0.223080;-0.055034;-0.203636;-2227.947266; 1263.986816;-564.596741;-0.455052;-0.044027;-0.033936;-2221.544189; 1417.308838;-558.115295; 0.000000;-0.000000; 0.000000;-2175.506348; 1492.113892;-542.178162; 2.564234;-0.734819; 3.126379;-2156.751709; 1581.448730;-534.256775; 0.571401; 0.220787; 6.025072;-2163.706543; 1764.583862;-530.502502; 0.000000;-0.000000; 0.000000;-2016.683105; 1634.119873;-514.730225;-2127.577637; 1641.349365;-616.255676;-2149.860840; 1636.984985;-444.639374;-4.172182; 7.298557; 2.040856; 1.449964; 16.794106; 13.058426; 1.134004; 0.880291;
29;0;1776780258866667;;-2144.298340; 878.652649;-561.872375;-1955.848267; 879.920776;-683.625183;-15.059581; 31.155331;-30.009161;-2049.501465; 1125.716309;-732.575195; 0.000000; 158.264999; 0.000000;-2122.546143; 1424.252197;-678.323242; 67.054451; 46.173504; 154.654343;-2145.067871; 865.019775;-337.644470; 5.261932; 13.220734;-9.688514;-2247.383789; 1112.172729;-343.058655; 0.000000; 149.267822; 0.000000;-2212.733154; 1415.501953;-407.813354; 21.604502;-9.712809; 172.353180;-1869.593384; 5.312630;-680.459656;-36.059048;-4.663484; 0.001924;-1971.292480; 98.307983;-668.065613;-36.059048;-4.663484; 0.001924;-2031.453735; 469.696564;-657.261292; 7.835521;-3.191651;-12.151360;-2151.813477; 863.083740;-646.786743; 17.572338;-6.434377; 37.854244;-2073.533936; 8.171768;-497.247192;-10.015663;-14.325913; 0.001856;-2175.431885; 78.079041;-559.490479;-10.015663; 14.325913;-0.001856;-2170.741699; 450.936066;-508.292572; 5.987272; 1.325585; 10.625206;-2202.363525; 859.734985;-473.176270;-1.890051; 5.445284;-26.397289;-2212.733154; 1415.501953;-407.813354;-14.571365; 71.677505; 34.051971;-2140.884033; 1452.751587;-579.223206; 1.373665; 2.887389;-12.715187;-1892.147583; 829.280579;-690.796692; 0.000000;-0.000000; 0.000000;-1804.949219;-41.564690;-689.886108; 0.000000;-0.000000; 0.000000;-2165.982666; 1450.033325;-494.941345; 1.280542; 2.614176; 7.375443;-2117.846680; 791.030396;-316.238586; 0.000000; 0.000000; 0.000000;-2010.260986;-24.150898;-459.604309; 0.000000; 0.000000; 0.000000;-2230.053955; 959.143311;-573.518250; 0.000000;-0.000000; 0.000000;-2205.800537; 1074.298828;-563.943115;-0.301328;-0.174551;-0.074242;-2218.145752; 1160.354736;-565.415955;-0.233826;-0.218189;-0.222731;-2228.041504; 1263.533569;-565.359070;-0.483974;-0.174550;-0.037125;-2221.510986; 1416.832397;-558.470032; 0.000000; 0.000000;-0.000002;-2175.508545; 1491.609253;-542.300415; 2.811616;-0.442762; 3.144617;-2156.945801; 1581.010864;-534.686523; 0.626684; 0.291312; 5.691503;-2164.431152; 1764.140747;-531.799866; 0.000000;-0.000000; 0.000000;-2017.152954; 1634.159912;-514.490295;-2127.406250; 1640.625366;-616.763062;-2150.790039; 1636.966431;-445.276733;-4.187644; 7.312254; 2.152041; 1.369022; 16.946877; 13.063736; 1.132447; 0.882394;
30;0;1776780258883333;;-2144.973633; 878.215332;-561.977478;-1954.096313; 879.716431;-679.604004;-17.646389; 31.431107;-27.333099;-2047.495728; 1125.421265;-729.485352; 0.000000; 158.861954; 0.000000;-2122.862305; 1424.020020;-678.877747; 67.830185; 46.147099; 155.301422;-2145.325439; 864.561646;-338.280121; 5.588672; 12.998355;-9.473141;-2248.152588; 1111.498901;-343.851593; 0.000000; 149.020584; 0.000000;-2212.505127; 1414.799683;-408.197327; 21.079479;-9.571298; 172.151733;-1870.934937; 4.876320;-681.621216;-35.543270;-4.642242; 0.001615;-1973.279541; 97.113831;-668.882141;-35.543270;-4.642242; 0.001615;-2032.796875; 468.596100;-657.737427; 7.947213;-3.166957;-12.208487;-2153.132324; 861.964172;-646.309082; 18.023113;-7.080557; 37.766338;-2074.087646; 7.922020;-497.522461;-10.300256;-14.325960; 0.001916;-2175.768311; 78.378937;-559.501038;-10.300256; 14.325960;-0.001916;-2171.025146; 451.271271;-508.565979; 6.023828; 1.539257; 10.702083;-2203.559326; 859.928406;-472.642456;-2.000064; 6.073626;-26.496819;-2212.505127; 1414.799683;-408.197327;-14.535785; 71.662895; 33.574894;-2140.791016; 1452.289429;-579.637085; 1.372892; 2.883572;-12.549994;-1887.858154; 831.987427;-682.446960; 0.000000;-0.000000; 0.000000;-1805.969604;-41.516655;-691.234253; 0.000000;-0.000000; 0.000000;-2165.826904; 1449.384888;-495.342712; 1.252464; 2.557684; 7.429470;-2118.472900; 790.389221;-317.042786; 0.000000; 0.000000; 0.000000;-2010.904419;-24.740971;-460.022888; 0.000000; 0.000000; 0.000000;-2230.987549; 958.769836;-573.614502; 0.000000;-0.000000; 0.000000;-2206.387939; 1073.898804;-564.620178;-0.307509;-0.308992;-0.077309;-2218.529297; 1159.979736;-566.305908;-0.246411;-0.386243;-0.231927;-2228.243408; 1263.175781;-566.212036;-0.515400;-0.308991;-0.038657;-2221.459473; 1416.444824;-558.915894;-0.000000;-0.000000; 0.000002;-2175.416260; 1491.156738;-542.562683; 3.060296;-0.263497; 3.124332;-2157.014404; 1580.603516;-535.088989; 0.682450; 0.332970; 5.415228;-2164.986572; 1763.718994;-532.616333; 0.000000;-0.000000; 0.000000;-2017.458374; 1634.156250;-514.329163;-2127.233154; 1640.125977;-617.145081;-2151.434570; 1636.758057;-445.766205;-4.202909; 7.273325; 2.255680; 1.187456; 17.138153; 13.017670; 1.128587; 0.883942;
31;0;1776780258900000;;-2145.815430; 877.889526;-562.247253;-1952.472046; 879.857300;-675.920776;-19.721384; 31.574156;-25.017721;-2046.095581; 1125.233154;-726.987061; 0.000000; 159.287750; 0.000000;-2123.427246; 1423.872192;-679.689880; 68.634399; 46.646362; 155.996368;-2145.898438; 864.142212;-338.919495; 5.892605; 12.802896;-9.415617;-2249.002197; 1110.958008;-344.753937; 0.000000; 148.799286; 0.000000;-2212.198242; 1414.196045;-408.742920; 20.535545;-9.336596; 171.915283;-1872.210815; 4.711914;-682.860779;-35.010551;-4.616379; 0.001405;-1975.279907; 96.080597;-669.708557;-35.010551;-4.616379; 0.001405;-2034.428589; 467.613190;-658.283325; 8.028967;-3.141333;-12.247827;-2154.845215; 860.930725;-646.003845; 18.507128;-7.712978; 37.659412;-2074.100098; 7.724075;-497.787079;-10.719912;-14.326010; 0.002194;-2175.619141; 78.782928;-559.341797;-10.719912; 14.326010;-0.002194;-2171.256836; 451.787720;-509.202179; 5.980442; 1.814048; 10.792767;-2205.001953; 860.254761;-472.248383;-2.079924; 6.761717;-26.569063;-2212.198242; 1414.196045;-408.742920;-14.497853; 71.647003; 33.038422;-2140.770508; 1451.902832;-580.277588; 1.369722; 2.874310;-12.356028;-1884.491577; 834.566101;-674.924133; 0.000000;-0.000000; 0.000000;-1806.888184;-41.127380;-692.705444; 0.000000;-0.000000; 0.000000;-2165.649170; 1448.816895;-495.943176; 1.223403; 2.498887; 7.467264;-2119.499268; 789.772400;-317.804321; 0.000000; 0.000000; 0.000000;-2010.966431;-25.312119;-460.531860; 0.000000; 0.000000; 0.000000;-2232.216309; 958.518738;-573.840088; 0.000000;-0.000000; 0.000000;-2207.218750; 1073.608398;-565.461365;-0.320739;-0.446509;-0.076647;-2219.115234; 1159.719238;-567.351990;-0.260561;-0.558140;-0.229939;-2228.595215; 1262.937012;-567.207153;-0.546588;-0.446508;-0.038326;-2221.473877; 1416.170532;-559.499329; 0.000000; 0.000000;-0.000002;-2175.321289; 1490.783691;-543.004089; 3.270120;-0.195779; 3.070033;-2157.013672; 1580.245972;-535.485229; 0.729695; 0.346863; 5.206245;-2165.329834; 1763.344971;-532.930908; 0.000000;-0.000000; 0.000000;-2017.617188; 1634.042969;-514.289856;-2127.104004; 1639.870361;-617.420410;-2151.796387; 1636.359131;-446.114502;-4.214961; 7.176026; 2.339670; 0.908060; 17.332779; 12.940437; 1.122315; 0.884866;
32;0;1776780258916667;;-2146.708740; 877.680908;-562.667419;-1950.897705; 880.448242;-672.440063;-21.204107; 31.593374;-23.126907;-2045.279663; 1125.185303;-725.149658; 0.000000; 159.488113; 0.000000;-2124.284180; 1423.831909;-680.753906; 69.461853; 47.679810; 156.723358;-2146.809814; 863.709351;-339.550415; 6.119988; 12.659787;-9.461591;-2249.912598; 1110.517456;-345.722412; 0.000000; 148.619720; 0.000000;-2211.859619; 1413.654907;-409.457214; 20.025177;-9.023565; 171.644165;-1872.974731; 4.840843;-683.935913;-34.527161;-4.586145; 0.001377;-1976.787476; 95.301056;-670.359131;-34.527161;-4.586145; 0.001377;-2036.023193; 466.815186;-658.785034; 8.079857;-3.122922;-12.269629;-2156.821289; 859.996643;-645.907837; 19.022919;-8.302310; 37.525574;-2073.438965; 7.565544;-497.961792;-11.271054;-14.326059; 0.002667;-2174.820801; 79.278595;-558.981567;-11.271054; 14.326059;-0.002667;-2171.301514; 452.462128;-510.122040; 5.867712; 2.131490; 10.884274;-2206.561523; 860.696899;-472.032867;-2.126864; 7.481359;-26.628399;-2211.859619; 1413.654907;-409.457214;-14.481896; 71.606583; 32.475742;-2140.875732; 1451.604370;-581.141052; 1.364449; 2.860173;-12.129747;-1881.801147; 837.062683;-668.317932; 0.000000;-0.000000; 0.000000;-1807.288086;-40.421329;-694.025513; 0.000000;-0.000000; 0.000000;-2165.508545; 1448.329346;-496.741638; 1.197778; 2.446871; 7.490898;-2120.859131; 789.164490;-318.496704; 0.000000; 0.000000; 0.000000;-2010.333984;-25.876717;-461.021484; 0.000000; 0.000000; 0.000000;-2233.639160; 958.373291;-574.225891; 0.000000;-0.000000; 0.000000;-2208.227295; 1073.417114;-566.488403;-0.340631;-0.586698;-0.072858;-2219.863770; 1159.559082;-568.570496;-0.275450;-0.733377;-0.218561;-2229.088623; 1262.799927;-568.355347;-0.575555;-0.586697;-0.036427;-2221.597412; 1415.994019;-560.224304; 0.000000; 0.000000; 0.000000;-2175.287598; 1490.485596;-543.620667; 3.425298;-0.217838; 2.986594;-2157.004883; 1579.935181;-535.893188; 0.764875; 0.338356; 5.050712;-2165.504883; 1763.017822;-532.819031; 0.000000;-0.000000; 0.000000;-2017.687744; 1633.807739;-514.370422;-2127.053467; 1639.826050;-617.618530;-2151.952637; 1635.794312;-446.354034;-4.221043; 7.028140; 2.394900; 0.554967; 17.499451; 12.854599; 1.114241; 0.884718;
33;0;1776780258933333;;-2147.525391; 877.576843;-563.176941;-1949.363525; 881.465942;-669.130981;-22.091213; 31.507519;-21.670004;-2044.972046; 1125.262573;-723.946289; 0.000000; 159.458710; 0.000000;-2125.371338; 1423.889771;-681.991272; 70.289780; 49.166931; 157.456741;-2148.082275; 863.208313;-340.171051; 6.216706; 12.577524;-9.560562;-2250.860596; 1110.142578;-346.697815; 0.000000; 148.488861; 0.000000;-2211.473145; 1413.140015;-410.287903; 19.587589;-8.644947; 171.350189;-1872.844971; 5.261162;-684.696716;-34.136902;-4.551782; 0.001556;-1977.379028; 94.825317;-670.719238;-34.136902;-4.551782; 0.001556;-2037.259521; 466.235748;-659.134338; 8.104430;-3.119842;-12.275112;-2158.886719; 859.152344;-645.978882; 19.575581;-8.834814; 37.359123;-2072.250488; 7.397682;-498.065002;-11.932851;-14.326093; 0.003241;-2173.469727; 79.848663;-558.480103;-11.932851; 14.326093;-0.003241;-2171.129150; 453.243469;-511.188751; 5.711270; 2.462189; 10.964434;-2208.083008; 861.220459;-471.960052;-2.149937; 8.203749;-26.690222;-2211.473145; 1413.140015;-410.287903;-14.513053; 71.529877; 31.920647;-2141.067383; 1451.385620;-582.156799; 1.358213; 2.843490;-11.866360;-1879.601440; 839.448303;-662.695801; 0.000000;-0.000000; 0.000000;-1806.807495;-39.433563;-695.023499; 0.000000;-0.000000; 0.000000;-2165.384766; 1447.908447;-497.674011; 1.178848; 2.408364; 7.503750;-2122.493408; 788.534790;-319.130371; 0.000000; 0.000000; 0.000000;-2009.182495;-26.502899;-461.481110; 0.000000; 0.000000; 0.000000;-2235.108154; 958.304565;-574.729797; 0.000000;-0.000000; 0.000000;-2209.287354; 1073.299561;-567.648010;-0.363726;-0.728363;-0.067392;-2220.667725; 1159.471313;-569.906860;-0.289669;-0.910459;-0.202176;-2229.640137; 1262.734131;-569.603455;-0.600603;-0.728363;-0.033698;-2221.785645; 1415.886353;-561.039001; 0.000000;-0.000000;-0.000002;-2175.294678; 1490.246338;-544.351990; 3.528389;-0.295500; 2.879365;-2156.982666; 1579.661621;-536.304321; 0.788529; 0.315439; 4.920168;-2165.532227; 1762.726196;-532.407959; 0.000000;-0.000000; 0.000000;-2017.685425; 1633.473511;-514.503052;-2127.026123; 1639.927856;-617.751343;-2151.968506; 1635.118286;-446.513245;-4.225078; 6.852403; 2.415975; 0.170174; 17.622261; 12.777145; 1.105575; 0.883004;
34;0;1776780258950000;;-2148.166016; 877.578125;-563.672485;-1947.888672; 882.815186;-666.030029;-22.435007; 31.326984;-20.622591;-2045.057129; 1125.442261;-723.239258; 0.000000; 159.244034; 0.000000;-2126.565918; 1424.040283;-683.263611; 71.085663; 50.962990; 158.165558;-2149.707520; 862.642944;-340.789398; 6.143775; 12.547271;-9.676926;-2251.832764; 1109.839233;-347.643402; 0.000000; 148.408691; 0.000000;-2211.027832; 1412.668091;-411.142578; 19.231380;-8.222264; 171.058441;-1871.686646; 5.948212;-685.126099;-33.858921;-4.513566; 0.001941;-1976.882202; 94.677032;-670.788513;-33.858921;-4.513566; 0.001941;-2037.914429; 465.901672;-659.257690; 8.116676;-3.138658;-12.266953;-2160.861328; 858.406921;-646.090332; 20.168592;-9.316648; 37.158352;-2070.821777; 7.193237;-498.150604;-12.671053;-14.326098; 0.003828;-2171.799561; 80.500580;-557.933350;-12.671053; 14.326098;-0.003828;-2170.781738; 454.097595;-512.218506; 5.543150; 2.772909; 11.023990;-2209.437988; 861.812317;-471.918457;-2.163497; 8.904352;-26.767435;-2211.027832; 1412.668091;-411.142578;-14.598971; 71.429878; 31.394138;-2141.261719; 1451.257446;-583.200806; 1.352560; 2.827418;-11.561611;-1877.781128; 841.639893;-658.082397; 0.000000;-0.000000; 0.000000;-1805.329224;-38.218849;-695.669800; 0.000000;-0.000000; 0.000000;-2165.229004; 1447.572021;-498.626831; 1.167820; 2.385764; 7.500216;-2124.336670; 787.896973;-319.741821; 0.000000; 0.000000; 0.000000;-2007.830078;-27.239254;-461.933716; 0.000000; 0.000000; 0.000000;-2236.470459; 958.309204;-575.237732; 0.000000;-0.000000; 0.000000;-2210.256592; 1073.253662;-568.810669;-0.384726;-0.868543;-0.061605;-2221.396240; 1159.452393;-571.236145;-0.300963;-1.085683;-0.184798;-2230.135498; 1262.734863;-570.838196;-0.618712;-0.868542;-0.030802;-2221.956787; 1415.845825;-561.848450;-0.000000;-0.000000; 0.000000;-2175.282471; 1490.076050;-545.095642; 3.579754;-0.393357; 2.755097;-2156.893311; 1579.441528;-536.677734; 0.800647; 0.286527; 4.786710;-2165.363770; 1762.486938;-531.820740; 0.000000;-0.000000; 0.000000;-2017.575439; 1633.077515;-514.576050;-2126.899902; 1640.121826;-617.803162;-2151.866699; 1634.423584;-446.595856;-4.237159; 6.680815; 2.405827;-0.199792; 17.701729; 12.716507; 1.097746; 0.879703;
35;0;1776780258966667;;-2148.566895; 877.711609;-564.042480;-1946.501953; 884.392517;-663.220825;-22.319534; 31.042236;-19.939032;-2045.423340; 1125.727173;-722.841736; 0.000000; 158.918564; 0.000000;-2127.772217; 1424.299683;-684.428223; 71.819679; 52.895462; 158.821045;-2151.658691; 862.058411;-341.415161; 5.896006; 12.545216;-9.793103;-2252.809082; 1109.646484;-348.575378; 0.000000; 148.397202; 0.000000;-2210.575928; 1412.309082;-411.933594; 18.941315;-7.790761; 170.802277;-1869.665161; 6.843170;-685.300415;-33.693436;-4.472142; 0.002471;-1975.417480; 94.856598;-670.653198;-33.693436;-4.472142; 0.002471;-2037.894531; 465.841522;-659.147034; 8.141475;-3.179460;-12.250156;-2162.581787; 857.800720;-646.080872; 20.793398;-9.767444; 36.927193;-2069.375732; 6.988449;-498.240845;-13.437564;-14.326107; 0.004366;-2170.005615; 81.263458;-557.412781;-13.437564; 14.326107;-0.004366;-2170.290039; 455.021606;-513.023926; 5.391983; 3.036496; 11.057058;-2210.531982; 862.486938;-471.765259;-2.181600; 9.564441;-26.868439;-2210.575928; 1412.309082;-411.933594;-14.722715; 71.343681; 30.900158;-2141.413574; 1451.263062;-584.147644; 1.348661; 2.814373;-11.215051;-1876.295776; 843.550964;-654.462830; 0.000000;-0.000000; 0.000000;-1803.039551;-36.872726;-696.031128; 0.000000;-0.000000; 0.000000;-2165.032227; 1447.379517;-499.484497; 1.164998; 2.379402; 7.460787;-2126.361084; 787.287109;-320.369354; 0.000000; 0.000000; 0.000000;-2006.518799;-28.045063;-462.367920; 0.000000; 0.000000; 0.000000;-2237.600098; 958.412781;-575.605713; 0.000000;-0.000000; 0.000000;-2211.021484; 1073.307373;-569.815002;-0.398414;-1.002575;-0.056047;-2221.947510; 1159.528564;-572.405151;-0.306343;-1.253224;-0.168124;-2230.490234; 1262.827148;-571.926025;-0.624606;-1.002575;-0.028023;-2222.066650; 1415.901855;-562.554443;-0.000000;-0.000000; 0.000002;-2175.225830; 1490.015747;-545.751648; 3.559264;-0.484798; 2.622012;-2156.696045; 1579.316528;-536.964050; 0.796615; 0.258381; 4.635241;-2164.904297; 1762.345703;-531.142212; 0.000000;-0.000000; 0.000000;-2017.313843; 1632.632446;-514.496704;-2126.566650; 1640.382080;-617.749207;-2151.643555; 1633.813232;-446.589172;-4.264710; 6.543916; 2.381130;-0.514723; 17.745117; 12.676430; 1.091938; 0.875541;
36;0;1776780258983333;;-2148.719727; 877.991516;-564.219849;-1945.247925; 886.087402;-660.817322;-21.845867; 30.622147;-19.558189;-2045.990479; 1126.120850;-722.602051; 0.000000; 158.562836; 0.000000;-2128.959961; 1424.675903;-685.407715; 72.471962; 54.795082; 159.401413;-2153.919189; 861.492798;-342.062561; 5.512944; 12.535358;-9.906718;-2253.761963; 1109.600830;-349.564056; 0.000000; 148.491943; 0.000000;-2210.233887; 1412.140259;-412.632812; 18.697126;-7.392457; 170.614075;-1867.256714; 7.793549;-685.336609;-33.629723;-4.428566; 0.003120;-1973.401367; 95.291321;-670.439819;-33.629723;-4.428566; 0.003120;-2037.266724; 466.037811;-658.871216; 8.210160;-3.234352;-12.232112;-2163.928467; 857.364014;-645.823120; 21.423727;-10.210143; 36.675106;-2068.018799; 6.862740;-498.324493;-14.170092;-14.326158; 0.004882;-2168.206787; 82.150543;-556.963928;-14.170092; 14.326158;-0.004882;-2169.658936; 456.012390;-513.480713; 5.277146; 3.239022; 11.060049;-2211.305420; 863.251099;-471.387268;-2.217697; 10.173596;-26.996939;-2210.233887; 1412.140259;-412.632812;-14.853263; 71.315987; 30.433804;-2141.546387; 1451.440552;-584.936157; 1.346547; 2.804465;-10.833405;-1875.164307; 845.096802;-651.778992; 0.000000;-0.000000; 0.000000;-1800.442993;-35.597294;-696.216064; 0.000000;-0.000000; 0.000000;-2164.846191; 1447.390015;-500.192566; 1.169786; 2.387611; 7.356825;-2128.622559; 786.712097;-321.049072; 0.000000; 0.000000; 0.000000;-2005.353149;-28.799850;-462.737854; 0.000000; 0.000000; 0.000000;-2238.414795; 958.629272;-575.720337; 0.000000;-0.000000; 0.000000;-2211.516113; 1073.478271;-570.535156;-0.400172;-1.125133;-0.050890;-2222.270508; 1159.715698;-573.298462;-0.302440;-1.406421;-0.152660;-2230.675293; 1263.025391;-572.775696;-0.611453;-1.125133;-0.025446;-2222.135498; 1416.075562;-563.112427; 0.000000;-0.000000; 0.000000;-2175.160889; 1490.098511;-546.282471; 3.429853;-0.559132; 2.487141;-2156.396484; 1579.316040;-537.154175; 0.768032; 0.234171; 4.466702;-2164.067139; 1762.337769;-530.435242; 0.000000;-0.000000; 0.000000;-2016.884277; 1632.104126;-514.251892;-2125.985107; 1640.690918;-617.598633;-2151.293945; 1633.349121;-446.504150;-4.304115; 6.461805; 2.369842;-0.750953; 17.756523; 12.662148; 1.088699; 0.871866;
37;0;1776780259000000;;-2148.682129; 878.382996;-564.208801;-1944.184448; 887.772766;-658.956116;-21.125576; 30.028828;-19.404316;-2046.704834; 1126.598877;-722.471069; 0.000000; 158.239197; 0.000000;-2130.141846; 1425.138672;-686.211975; 73.027519; 56.510082; 159.887787;-2156.481201; 860.949463;-342.731232; 5.074018; 12.476917;-10.024083;-2254.664307; 1109.705322;-350.671326; 0.000000; 148.730072; 0.000000;-2210.128418; 1412.194458;-413.275726; 18.495750;-7.063203; 170.513641;-1865.169678; 8.541245;-685.369080;-33.650719;-4.384059; 0.003832;-1971.477295; 95.809875;-670.291382;-33.650719;-4.384059; 0.003832;-2036.266968; 466.390961;-658.561646; 8.350313;-3.291130;-12.221579;-2164.858398; 857.079224;-645.273499; 22.019604;-10.662356; 36.415291;-2066.810547; 6.883797;-498.380493;-14.802287;-14.326281; 0.005362;-2166.503418; 83.126770;-556.628174;-14.802287; 14.326281;-0.005362;-2168.910889; 457.033508;-513.575439; 5.206426; 3.382374; 11.030653;-2211.753174; 864.071594;-470.748108;-2.283821; 10.730429;-27.153357;-2210.128418; 1412.194458;-413.275726;-14.966105; 71.372047; 30.001097;-2141.727295; 1451.779541;-585.587158; 1.344170; 2.793619;-10.432667;-1874.440918; 846.201355;-649.939331; 0.000000;-0.000000; 0.000000;-1798.279053;-34.704800;-696.352661; 0.000000;-0.000000; 0.000000;-2164.754395; 1447.612427;-500.774750; 1.179531; 2.404613; 7.168345;-2131.235107; 786.129395;-321.797394; 0.000000; 0.000000; 0.000000;-2004.375977;-29.372158;-462.987854; 0.000000; 0.000000; 0.000000;-2238.897461; 958.929504;-575.545349; 0.000000;-0.000000; 0.000000;-2211.735840; 1073.740845;-570.928589;-0.386716;-1.231886;-0.046228;-2222.372559; 1159.986572;-573.882446;-0.286731;-1.539861;-0.138667;-2230.715576; 1263.301392;-573.374146;-0.573991;-1.231886;-0.023112;-2222.227295; 1416.344116;-563.549988; 0.000000; 0.000000; 0.000000;-2175.162842; 1490.311401;-546.725891; 3.161715;-0.620739; 2.354789;-2156.049316; 1579.422974;-537.292175; 0.708144; 0.213318; 4.293666;-2162.842285; 1762.447632;-529.756714; 0.000000;-0.000000; 0.000000;-2016.322632; 1631.427124;-513.908997;-2125.198975; 1641.012573;-617.404663;-2150.843506; 1633.019653;-446.389374;-4.342531; 6.439676; 2.401918;-0.906550; 17.734940; 12.684692; 1.087805; 0.870155;
38;0;1776780259016667;;-2148.555664; 878.823242;-564.074341;-1943.412964; 889.316467;-657.778687;-20.271563; 29.249277;-19.385763;-2047.531250; 1127.123047;-722.508118; 0.000000; 157.976761; 0.000000;-2131.311768; 1425.643433;-686.887390; 73.459290; 57.895267; 160.254456;-2159.329834; 860.409302;-343.396423; 4.678295; 12.337850;-10.153296;-2255.498047; 1109.933105;-351.883057; 0.000000; 149.123322; 0.000000;-2210.320312; 1412.447266;-413.904236; 18.357206;-6.823293; 170.501770;-1864.063599; 8.845856;-685.520691;-33.735165;-4.339655; 0.004503;-1970.267334; 96.223694;-670.343201;-33.735165;-4.339655; 0.004503;-2035.204590; 466.771027;-658.368103; 8.574509;-3.338397;-12.227433;-2165.410400; 856.903442;-644.484131; 22.541046;-11.130076; 36.160267;-2065.800293; 7.081604;-498.379456;-15.286544;-14.326445; 0.005758;-2164.984619; 84.128479;-556.437256;-15.286544; 14.326445;-0.005758;-2168.101562; 458.031921;-513.401672; 5.176527; 3.482220; 10.968317;-2211.939697; 864.892822;-469.903717;-2.385439; 11.237811;-27.336206;-2210.320312; 1412.447266;-413.904236;-15.056573; 71.500160; 29.633965;-2142.004639; 1452.226929;-586.148682; 1.337114; 2.773040;-10.038293;-1874.218994; 846.819580;-648.842957; 0.000000;-0.000000; 0.000000;-1797.225342;-34.468040;-696.555359; 0.000000;-0.000000; 0.000000;-2164.815674; 1447.999390;-501.280884; 1.189703; 2.421213; 6.903837;-2134.311523; 785.473083;-322.604980; 0.000000; 0.000000; 0.000000;-2003.618774;-29.673779;-463.056488; 0.000000; 0.000000; 0.000000;-2239.102295; 959.263428;-575.135315; 0.000000;-0.000000; 0.000000;-2211.739746; 1074.046875;-571.041260;-0.359399;-1.320844;-0.041971;-2222.312988; 1160.292969;-574.203369;-0.260170;-1.651059;-0.125893;-2230.669189; 1263.606934;-573.771179;-0.514084;-1.320844;-0.020986;-2222.394775; 1416.659912;-563.923096;-0.000000; 0.000000;-0.000002;-2175.285889; 1490.607666;-547.137085; 2.764739;-0.678762; 2.229525;-2155.723633; 1579.592285;-537.428833; 0.619171; 0.193991; 4.133036;-2161.336182; 1762.624756;-529.148682; 0.000000;-0.000000; 0.000000;-2015.707520; 1630.584473;-513.553223;-2124.310547; 1641.309082;-617.224121;-2150.350586; 1632.777954;-446.294617;-4.366594; 6.467599; 2.495283;-0.998776; 17.677925; 12.758492; 1.088511; 0.871399;
39;0;1776780259033333;;-2148.415039; 879.244019;-563.895020;-1943.063110; 890.568726;-657.407349;-19.387266; 28.323141;-19.405304;-2048.417969; 1127.640991;-722.825745; 0.000000; 157.775177; 0.000000;-2132.363281; 1426.144531;-687.451843; 73.717606; 58.809666; 160.465210;-2162.438965; 859.835754;-344.019165; 4.417530; 12.107705;-10.302422;-2256.262451; 1110.229858;-353.099182; 0.000000; 149.644806; 0.000000;-2210.745850; 1412.817383;-414.511658; 18.306498;-6.673492; 170.563354;-1864.205688; 8.613007;-685.809509;-33.857536;-4.296066; 0.005086;-1970.060669; 96.415161;-670.644836;-33.857536;-4.296066; 0.005086;-2034.286621; 467.076782;-658.374146; 8.874856;-3.369165;-12.257608;-2165.644531; 856.788757;-643.564331; 22.963997;-11.605476; 35.917927;-2065.023438; 7.420540;-498.269592;-15.614508;-14.326630; 0.005917;-2163.692871; 85.081238;-556.386780;-15.614508; 14.326630;-0.005917;-2167.288574; 458.951324;-513.099182; 5.177317; 3.561419; 10.876235;-2211.968994; 865.652771;-468.971741;-2.517795; 11.697522;-27.541611;-2210.745850; 1412.817383;-414.511658;-15.140064; 71.656960; 29.383867;-2142.328125; 1452.697632;-586.630493; 1.320093; 2.732301;-9.679874;-1874.597290; 846.917542;-648.427856; 0.000000;-0.000000; 0.000000;-1797.536865;-34.966839;-696.821899; 0.000000;-0.000000; 0.000000;-2164.996094; 1448.455444;-501.725098; 1.195696; 2.428628; 6.604107;-2137.925049; 784.673340;-323.444550; 0.000000; 0.000000; 0.000000;-2003.114258;-29.716148;-462.867279; 0.000000; 0.000000; 0.000000;-2239.104004; 959.579163;-574.607056; 0.000000;-0.000000; 0.000000;-2211.599121; 1074.343994;-570.971863;-0.325476;-1.392667;-0.037388;-2222.149902; 1160.584717;-574.349792;-0.228531;-1.740837;-0.112147;-2230.570312; 1263.893921;-574.038086;-0.443988;-1.392667;-0.018693;-2222.606934; 1416.968140;-564.263916; 0.000000; 0.000000;-0.000002;-2175.492432; 1490.923218;-547.526733; 2.311150;-0.735434; 2.119920;-2155.453857; 1579.775146;-537.577820; 0.517390; 0.176083; 3.999550;-2159.780029; 1762.812012;-528.648010; 0.000000;-0.000000; 0.000000;-2015.128662; 1629.681519;-513.227173;-2123.434082; 1641.553101;-617.084106;-2149.893799; 1632.592896;-446.241058;-4.370898; 6.524981; 2.651070;-1.053692; 17.585930; 12.891319; 1.090015; 0.875687;
40;0;1776780259050000;;-2148.282227; 879.565002;-563.723999;-1943.250488; 891.346985;-657.917114;-18.563381; 27.344757;-19.385235;-2049.291016; 1128.065186;-723.509766; 0.000000; 157.621597; 0.000000;-2133.087646; 1426.579102;-687.871887; 73.744522; 59.154491; 160.485870;-2165.742676; 859.170532;-344.559692; 4.351930; 11.801760;-10.484785;-2256.965332; 1110.503540;-354.185883; 0.000000; 150.234177; 0.000000;-2211.225586; 1413.170654;-415.038239; 18.345991;-6.599199; 170.675323;-1865.433350; 7.895386;-686.139404;-33.984520;-4.253753; 0.005495;-1970.779297; 96.335663;-671.138855;-33.984520;-4.253753; 0.005495;-2033.571411; 467.232697;-658.563965; 9.226796;-3.381932;-12.317409;-2165.610107; 856.670227;-642.630737; 23.286596;-12.070154; 35.690319;-2064.546631; 7.774330;-498.003113;-15.817987;-14.326827; 0.005719;-2162.665039; 85.893768;-556.437744;-15.817987; 14.326827;-0.005719;-2166.532471; 459.719391;-512.791016; 5.197761; 3.640845; 10.762929;-2211.942383; 866.276245;-468.079498;-2.667244; 12.108041;-27.762791;-2211.225586; 1413.170654;-415.038239;-15.238479; 71.790756; 29.293615;-2142.532959; 1453.077148;-586.986084; 1.289421; 2.664256;-9.379729;-1875.631348; 846.441711;-648.708435; 0.000000;-0.000000; 0.000000;-1799.008179;-36.085041;-697.030884; 0.000000;-0.000000; 0.000000;-2165.155029; 1448.844604;-502.067993; 1.195235; 2.423179; 6.325496;-2142.056885; 783.664978;-324.273529; 0.000000; 0.000000; 0.000000;-2002.943115;-29.647339;-462.368439; 0.000000; 0.000000; 0.000000;-2238.958984; 959.816040;-574.087585; 0.000000;-0.000000; 0.000000;-2211.353271; 1074.567871;-570.823486;-0.293728;-1.450042;-0.031983;-2221.896484; 1160.801147;-574.408875;-0.200072;-1.812555;-0.095931;-2230.390137; 1264.104736;-574.232117;-0.382286;-1.450042;-0.015992;-2222.729980; 1417.200928;-564.560913; 0.000000;-0.000000; 0.000000;-2175.638916; 1491.176147;-547.846863; 1.922109;-0.781691; 2.038530;-2155.214600; 1579.919189;-537.711060; 0.429992; 0.162339; 3.902618;-2158.474365; 1762.954224;-528.303467; 0.000000;-0.000000; 0.000000;-2014.649658; 1628.926636;-512.921265;-2122.654053; 1641.716431;-616.982422;-2149.542236; 1632.460815;-446.222076;-4.357659; 6.588654; 2.853413;-1.097179; 17.464630; 13.077057; 1.091759; 0.882250;
41;0;1776780259066667;;-2148.149170; 879.712524;-563.588074;-1944.029297; 891.477905;-659.319641;-17.878233; 26.438917;-19.290504;-2050.069092; 1128.291992;-724.566284; 0.000000; 157.509308; 0.000000;-2133.246582; 1426.877686;-688.089661; 73.499847; 58.916489; 160.300262;-2169.109863; 858.368286;-345.004242; 4.498106; 11.455256;-10.724101;-2257.616455; 1110.654053;-355.053589; 0.000000; 150.814987; 0.000000;-2211.547119; 1413.369629;-415.413452; 18.437529;-6.582774; 170.815186;-1867.363525; 6.837700;-686.386414;-34.069992;-4.213006; 0.005697;-1972.166748; 95.976410;-671.722229;-34.069992;-4.213006; 0.005697;-2033.040649; 467.183319;-658.862366; 9.598542;-3.379953;-12.407688;-2165.352051; 856.479553;-641.779663; 23.523819;-12.503388; 35.476463;-2064.483643; 7.970428;-497.567657;-15.951695;-14.327088; 0.005112;-2161.968506; 86.479156;-556.538391;-15.951695; 14.327088;-0.005112;-2165.911621; 460.263824;-512.549194; 5.229865; 3.731481; 10.642384;-2211.943848; 866.694763;-467.332001;-2.814460; 12.464736;-27.990690;-2211.547119; 1413.369629;-415.413452;-15.362374; 71.865776; 29.371292;-2142.402588; 1453.255737;-587.145752; 1.245045; 2.569024;-9.144080;-1877.291748; 845.342407;-649.767517; 0.000000;-0.000000; 0.000000;-1801.192749;-37.581398;-697.043396; 0.000000;-0.000000; 0.000000;-2165.103760; 1449.035645;-502.248108; 1.188684; 2.406473; 6.116002;-2146.560059; 782.426331;-325.055237; 0.000000; 0.000000; 0.000000;-2003.239380;-29.693283;-461.570465; 0.000000; 0.000000; 0.000000;-2238.700195; 959.920654;-573.681946; 0.000000;-0.000000; 0.000000;-2211.004883; 1074.658081;-570.680542;-0.270430;-1.496501;-0.026407;-2221.523926; 1160.886475;-574.449707;-0.182000;-1.870628;-0.079209;-2230.052734; 1264.187256;-574.392578;-0.345912;-1.496500;-0.013204;-2222.580078; 1417.296631;-564.783508; 0.000000;-0.000000; 0.000000;-2175.531494; 1491.289551;-548.027649; 1.717182;-0.801830; 1.998409;-2154.924316; 1579.978027;-537.785950; 0.383722; 0.157192; 3.846684;-2157.648438; 1763.010986;-528.169922; 0.000000;-0.000000; 0.000000;-2014.270996; 1628.526855;-512.598572;-2121.983643; 1641.768555;-616.905334;-2149.313232; 1632.394531;-446.221466;-4.333908; 6.640595; 3.078416;-1.143979; 17.328140; 13.295105; 1.093511; 0.889937;
42;0;1776780259083333;;-2147.976318; 879.645020;-563.498108;-1945.359741; 890.841553;-661.566772;-17.391748; 25.721390;-19.136282;-2050.661133; 1128.233887;-725.901672; 0.000000; 157.454147; 0.000000;-2132.638428; 1426.982178;-688.065125; 72.981812; 58.187572; 159.920563;-2172.402100; 857.436707;-345.372559; 4.840188; 11.112389;-11.050235;-2258.235352; 1110.633423;-355.695251; 0.000000; 151.317932; 0.000000;-2211.533203; 1413.341797;-415.603882; 18.508842;-6.608185; 170.966003;-1869.568848; 5.642296;-686.481628;-34.050934;-4.174234; 0.005587;-1973.945312; 95.359711;-672.310974;-34.050934;-4.174234; 0.005587;-2032.646240; 466.907379;-659.192139; 9.961723;-3.368930;-12.523289;-2164.902588; 856.175598;-641.076538; 23.698103;-12.890278; 35.276249;-2064.884277; 7.881325;-496.994324;-16.068460;-14.327434; 0.004219;-2161.626953; 86.793060;-556.645447;-16.068460; 14.327434;-0.004219;-2165.474121; 460.547516;-512.392090; 5.269120; 3.831771; 10.532065;-2212.013672; 866.878479;-466.797668;-2.938477; 12.762671;-28.215790;-2211.533203; 1413.341797;-415.603882;-15.507818; 71.871391; 29.584421;-2141.730469; 1453.170532;-587.066040; 1.192345; 2.457617;-8.962722;-1879.449951; 843.592896;-651.713257; 0.000000;-0.000000; 0.000000;-1803.588989;-39.139744;-696.798096; 0.000000;-0.000000; 0.000000;-2164.659668; 1448.953247;-502.229553; 1.175780; 2.378441; 5.999492;-2151.246338; 781.005127;-325.769226; 0.000000; 0.000000; 0.000000;-2004.062256;-30.033321;-460.547577; 0.000000; 0.000000; 0.000000;-2238.332764; 959.873108;-573.458862; 0.000000;-0.000000; 0.000000;-2210.525391; 1074.587158;-570.602966;-0.259346;-1.534812;-0.022772;-2220.973145; 1160.817383;-574.523499;-0.178687;-1.918516;-0.068309;-2229.458008; 1264.121826;-574.552673;-0.344690;-1.534811;-0.011386;-2221.975830; 1417.229248;-564.919373;-0.000000; 0.000000; 0.000000;-2174.975342; 1491.221924;-548.027710; 1.765113;-0.785932; 2.007244;-2154.440430; 1579.925903;-537.774536; 0.393952; 0.163507; 3.834055;-2157.312988; 1762.962646;-528.276550; 0.000000;-0.000000; 0.000000;-2013.890625; 1628.583374;-512.221313;-2121.318604; 1641.690796;-616.838318;-2149.121338; 1632.401245;-446.226288;-4.306980; 6.672473; 3.301797;-1.196649; 17.200821; 13.516434; 1.095241; 0.897785;
43;0;1776780259100000;;-2147.697266; 879.374634;-563.457947;-1947.096924; 889.398621;-664.580933;-17.135729; 25.257912;-18.979095;-2050.966797; 1127.840576;-727.342346; 0.000000; 157.502319; 0.000000;-2131.165283; 1426.851562;-687.805908; 72.240288; 57.159416; 159.392853;-2175.550537; 856.433472;-345.723602; 5.356732; 10.814320;-11.490493;-2258.831299; 1110.475342;-356.190552; 0.000000; 151.710846; 0.000000;-2211.078857; 1413.112061;-415.631287; 18.486481;-6.658817; 171.120972;-1871.681152; 4.540680;-686.424744;-33.848244;-4.138254; 0.005173;-1975.899292; 94.533844;-672.849976;-33.848244;-4.138254; 0.005173;-2032.317993; 466.427124;-659.512024; 10.301309;-3.352962;-12.653277;-2164.262695; 855.760864;-640.551758; 23.829464;-13.223857; 35.093552;-2065.632568; 7.486107;-496.344543;-16.198452;-14.327881; 0.003202;-2161.547363; 86.849670;-556.728577;-16.198452; 14.327881;-0.003202;-2165.177734; 460.585663;-512.301331; 5.313362; 3.932473; 10.449320;-2212.111816; 866.847778;-466.498169;-3.022747; 12.999440;-28.429428;-2211.078857; 1413.112061;-415.631287;-15.661728; 71.824188; 29.873442;-2140.387207; 1452.822876;-586.762573; 1.142944; 2.353698;-8.815752;-1881.893433; 841.196777;-654.644714; 0.000000;-0.000000; 0.000000;-1805.754272;-40.412361;-696.328186; 0.000000;-0.000000; 0.000000;-2163.696777; 1448.601685;-502.030029; 1.153190; 2.332248; 5.970572;-2156.017578; 779.492920;-326.429810; 0.000000; 0.000000; 0.000000;-2005.279175;-30.710148;-459.415924; 0.000000; 0.000000; 0.000000;-2237.822021; 959.693298;-573.437317; 0.000000;-0.000000; 0.000000;-2209.858887; 1074.370361;-570.619141;-0.261880;-1.565900;-0.024001;-2220.171631; 1160.611450;-574.657959;-0.190805;-1.957377;-0.071994;-2228.512695; 1263.927612;-574.738403;-0.378775;-1.565900;-0.012002;-2220.794434; 1417.015869;-564.988586;-0.000000;-0.000000; 0.000000;-2173.832275; 1490.979004;-547.862915; 2.059932;-0.743328; 2.062042;-2153.601562; 1579.760254;-537.674561; 0.459396; 0.179001; 3.869205;-2157.252930; 1762.803711;-528.580933; 0.000000;-0.000000; 0.000000;-2013.334473; 1629.047729;-511.777985;-2120.479736; 1641.490479;-616.765381;-2148.790283; 1632.453247;-446.223267;-4.277549; 6.684337; 3.511678;-1.247881; 17.113190; 13.712563; 1.096955; 0.905422;
44;0;1776780259116667;;-2147.247070; 878.954041;-563.468445;-1949.065552; 887.213257;-668.279236;-17.108452; 25.043297;-18.891207;-2050.933350; 1127.122070;-728.687744; 0.000000; 157.718704; 0.000000;-2128.911621; 1426.478760;-687.367065; 71.369682; 56.063187; 158.791748;-2178.541016; 855.422729;-346.144012; 6.034393; 10.587764;-12.064462;-2259.359619; 1110.255615;-356.681732; 0.000000; 152.018082; 0.000000;-2210.190674; 1412.776123;-415.556458; 18.332190;-6.723537; 171.284149;-1873.509766; 3.748703;-686.267395;-33.375210;-4.106444; 0.004536;-1977.965454; 93.556763;-673.306519;-33.375210;-4.106444; 0.004536;-2031.997681; 465.799622;-659.838379; 10.622456;-3.331543;-12.782483;-2163.415283; 855.278381;-640.207031; 23.925720;-13.501615; 34.937672;-2066.509521; 6.856911;-495.694611;-16.343151;-14.328313; 0.002281;-2161.581299; 86.704041;-556.770325;-16.343151; 14.328313;-0.002281;-2164.906006; 460.432098;-512.252136; 5.361985; 4.025871; 10.407266;-2212.119141; 866.657471;-466.409607;-3.062384; 13.174336;-28.623638;-2210.190674; 1412.776123;-415.556458;-15.802379; 71.765038; 30.172478;-2138.403564; 1452.279053;-586.304932; 1.111517; 2.287197;-8.686616;-1884.422363; 838.208862;-658.611938; 0.000000;-0.000000; 0.000000;-1807.437378;-41.083298;-695.740417; 0.000000;-0.000000; 0.000000;-2162.214111; 1448.058105;-501.711792; 1.116946; 2.259330; 5.998721;-2160.869873; 777.973389;-327.092194; 0.000000; 0.000000; 0.000000;-2006.630127;-31.640884;-458.310364; 0.000000; 0.000000; 0.000000;-2237.113770; 959.427856;-573.583496; 0.000000;-0.000000; 0.000000;-2208.952881; 1074.055420;-570.719727;-0.275681;-1.588899;-0.032635;-2219.074463; 1160.314941;-574.846802;-0.214680;-1.986126;-0.097887;-2227.184814; 1263.649414;-574.953552;-0.438040;-1.588899;-0.016319;-2219.046143; 1416.704468;-565.025696;-0.000000; 0.000000; 0.000000;-2172.103516; 1490.608398;-547.593933; 2.522872;-0.703648; 2.149847;-2152.323975; 1579.501587;-537.495728; 0.562486; 0.196062; 3.961982;-2157.158936; 1762.543701;-528.944153; 0.000000;-0.000000; 0.000000;-2012.453613; 1629.748657;-511.299469;-2119.341309; 1641.211914;-616.660156;-2148.135498; 1632.486816;-446.182800;-4.232580; 6.678995; 3.713622;-1.292104; 17.092117; 13.864738; 1.098603; 0.913138;
45;0;1776780259133333;;-2146.621338; 878.456421;-563.531372;-1951.172363; 884.451355;-672.586060;-17.277578; 25.018700;-18.925493;-2050.607178; 1126.160400;-729.786926; 0.000000; 158.158127; 0.000000;-2126.145752; 1425.911377;-686.824829; 70.475044; 55.064304; 158.194321;-2181.371094; 854.443909;-346.703430; 6.855097; 10.435711;-12.781754;-2259.725830; 1110.042358;-357.308594; 0.000000; 152.309479; 0.000000;-2209.004883; 1412.449585;-415.444122; 18.058962;-6.803480; 171.465454;-1875.166382; 3.414253;-686.100403;-32.552841;-4.080325; 0.003808;-1980.325684; 92.474121;-673.677368;-32.552841;-4.080325; 0.003808;-2031.703857; 465.093719;-660.242371; 10.950611;-3.300516;-12.893681;-2162.365723; 854.796692;-640.025269; 23.977396;-13.722028; 34.822750;-2067.367188; 6.096489;-495.128632;-16.485928;-14.328425; 0.001499;-2161.665283; 86.421783;-556.774170;-16.485928; 14.328425;-0.001499;-2164.567871; 460.151337;-512.239014; 5.415344; 4.111526; 10.412876;-2211.910889; 866.370850;-466.478729;-3.066527; 13.285539;-28.790495;-2209.004883; 1412.449585;-415.444122;-15.902625; 71.744118; 30.431467;-2135.999268; 1451.649536;-585.781433; 1.108115; 2.278698;-8.576142;-1886.965210; 834.751526;-663.585510; 0.000000;-0.000000; 0.000000;-1808.718872;-40.940491;-695.188660; 0.000000;-0.000000; 0.000000;-2160.369141; 1447.443359;-501.346985; 1.066715; 2.158294; 6.041826;-2165.816895; 776.499023;-327.827515; 0.000000; 0.000000; 0.000000;-2007.918213;-32.699547;-457.367523; 0.000000; 0.000000; 0.000000;-2236.184570; 959.131531;-573.826477; 0.000000;-0.000000; 0.000000;-2207.808838; 1073.703491;-570.861084;-0.294822;-1.601738;-0.049493;-2217.713379; 1159.985352;-575.048462;-0.243227;-2.002179;-0.148430;-2225.550049; 1263.340942;-575.170044;-0.505207;-1.601738;-0.024744;-2216.908203; 1416.356079;-565.053223; 0.000000;-0.000000;-0.000002;-2169.967285; 1490.182129;-547.289856; 3.029692;-0.700187; 2.255576;-2150.668213; 1579.187012;-537.246338; 0.675415; 0.206183; 4.124877;-2156.772461; 1762.213135;-529.179382; 0.000000;-0.000000; 0.000000;-2011.205322; 1630.455688;-510.857422;-2117.923584; 1640.917603;-616.493774;-2147.053955; 1632.434204;-446.061340;-4.147938; 6.657349; 3.929944;-1.330015; 17.156105; 13.964798; 1.100093; 0.921760;
46;0;1776780259150000;;-2145.909668; 877.946106;-563.652954;-1953.461914; 881.339600;-677.445923;-17.594954; 25.116964;-19.092184;-2050.120361; 1125.087280;-730.612610; 0.000000; 158.834839; 0.000000;-2123.197021; 1425.244751;-686.253174; 69.630669; 54.195286; 157.648361;-2184.089111; 853.504883;-347.407593; 7.776127; 10.335704;-13.639617;-2259.861328; 1109.875732;-358.133392; 0.000000; 152.662445; 0.000000;-2207.721191; 1412.218750;-415.339874; 17.721144;-6.902049; 171.672089;-1877.078491; 3.583679;-686.025757;-31.325533;-4.061007; 0.002946;-1983.404663; 91.300629;-673.986572;-31.325533;-4.061007; 0.002946;-2031.567505; 464.358856;-660.816345; 11.322541;-3.256019;-12.969118;-2161.168945; 854.383545;-639.987793; 23.963089;-13.883574; 34.765087;-2068.221924; 5.276299;-494.717224;-16.610868;-14.327630; 0.000855;-2161.871338; 86.050659;-556.763794;-16.610868; 14.327630;-0.000855;-2164.175537; 459.790680;-512.281860; 5.472749; 4.194149; 10.467184;-2211.448242; 866.033630;-466.657593;-3.049407; 13.328845;-28.922819;-2207.721191; 1412.218750;-415.339874;-15.946697; 71.794518; 30.632275;-2133.484619; 1451.042480;-585.268311; 1.130657; 2.324132;-8.507480;-1889.613403; 831.007751;-669.463867; 0.000000;-0.000000; 0.000000;-1810.031982;-39.919109;-694.827881; 0.000000;-0.000000; 0.000000;-2158.405029; 1446.871094;-500.992889; 1.006727; 2.037178; 6.065431;-2170.884521; 775.091309;-328.683685; 0.000000; 0.000000; 0.000000;-2009.127563;-33.799919;-456.689545; 0.000000; 0.000000; 0.000000;-2235.081299; 958.849426;-574.100586; 0.000000;-0.000000; 0.000000;-2206.502441; 1073.367065;-570.992310;-0.312532;-1.601907;-0.072263;-2216.198730; 1159.671021;-575.210876;-0.268822;-2.002396;-0.216741;-2223.768311; 1263.046509;-575.345032;-0.562948;-1.601906;-0.036128;-2214.648438; 1416.023682;-565.076355; 0.000000;-0.000000; 0.000000;-2167.695557; 1489.766968;-547.003296; 3.460138;-0.750712; 2.368873;-2148.793213; 1578.854614;-536.938354; 0.771234; 0.204818; 4.363557;-2155.947998; 1761.854736;-529.148865; 0.000000;-0.000000; 0.000000;-2009.642090; 1630.958496;-510.539307;-2116.351807; 1640.653076;-616.257568;-2145.540527; 1632.257568;-445.830811;-3.996941; 6.618084; 4.189654;-1.367019; 17.316704; 14.011429; 1.101287; 0.932499;
47;0;1776780259166667;;-2145.286865; 877.435547;-563.854309;-1956.080322; 878.080566;-682.829895;-18.018652; 25.302830;-19.363714;-2049.626465; 1124.014526;-731.287048; 0.000000; 159.710403; 0.000000;-2120.298828; 1424.567139;-685.723511; 68.855736; 53.367207; 157.155548;-2186.794434; 852.586548;-348.190765; 8.725867; 10.252437;-14.620843;-2259.781494; 1109.756226;-359.106354; 0.000000; 153.116272; 0.000000;-2206.496582; 1412.094116;-415.275421; 17.389868;-7.012815; 171.900833;-1879.882690; 4.186508;-686.121399;-29.669317;-4.048347; 0.001771;-1987.777100; 89.993378;-674.270996;-29.669317;-4.048347; 0.001771;-2031.840942; 463.576050;-661.624512; 11.770959;-3.200309;-12.991595;-2159.955566; 854.053955;-640.099915; 23.865681;-13.985800; 34.778198;-2069.272949; 4.386070;-494.480286;-16.718321;-14.325129; 0.000246;-2162.396729; 85.585693;-556.762207;-16.718321; 14.325129;-0.000246;-2163.899658; 459.345917;-512.415405; 5.529576; 4.276467; 10.567134;-2210.861084; 865.642639;-466.948303;-3.014482; 13.299571;-29.016317;-2206.496582; 1412.094116;-415.275421;-15.944665; 71.909889; 30.795254;-2131.114502; 1450.497803;-584.827881; 1.163809; 2.392505;-8.519911;-1892.550659; 827.164795;-676.106323; 0.000000;-0.000000; 0.000000;-1812.047729;-38.109341;-694.762939; 0.000000;-0.000000; 0.000000;-2156.529785; 1446.382324;-500.697693; 0.943093; 1.908289; 6.061067;-2176.083496; 773.748535;-329.657410; 0.000000; 0.000000; 0.000000;-2010.457153;-34.955669;-456.294800; 0.000000; 0.000000; 0.000000;-2233.938965; 958.587830;-574.400146; 0.000000;-0.000000; 0.000000;-2205.174561; 1073.053711;-571.102295;-0.322242;-1.587866;-0.095177;-2214.684814; 1159.378418;-575.320679;-0.285719;-1.984854;-0.285469;-2222.016357; 1262.770996;-575.467346;-0.600507;-1.587864;-0.047588;-2212.497314; 1415.717896;-565.109863;-0.000000;-0.000000; 0.000000;-2165.518555; 1489.380859;-546.778687; 3.751773;-0.850855; 2.484097;-2146.865967; 1578.509644;-536.612793; 0.835878; 0.192665; 4.666500;-2154.685547; 1761.483887;-528.852905; 0.000000;-0.000000; 0.000000;-2007.872437; 1631.132568;-510.414001;-2114.760498; 1640.409912;-615.989258;-2143.686768; 1631.944214;-445.521240;-3.761506; 6.558344; 4.512798;-1.409310; 17.584656; 14.005867; 1.102015; 0.946695;
48;0;1776780259183333;;-2144.952393; 876.881592;-564.182068;-1959.153076; 874.796753;-688.735596;-18.527649; 25.583002;-19.705954;-2049.213623; 1122.985229;-732.025940; 0.000000; 160.712677; 0.000000;-2117.496338; 1423.912598;-685.307312; 68.120003; 52.443531; 156.681152;-2189.527344; 851.676758;-348.942688; 9.618090; 10.160747;-15.691825;-2259.577393; 1109.651978;-360.088135; 0.000000; 153.640533; 0.000000;-2205.378418; 1412.006226;-415.286316; 17.125681;-7.119988; 172.134033;-1884.156494; 5.105644;-686.439209;-27.590897;-4.040369; 0.000055;-1993.936890; 88.484344;-674.576721;-27.590897;-4.040369; 0.000055;-2032.807739; 462.667236;-662.669128; 12.311603;-3.148159;-12.945683;-2158.912598; 853.757568;-640.408142; 23.687807;-14.030987; 34.867413;-2070.741699; 3.359871;-494.377533;-16.828159;-14.320030;-0.000403;-2163.415039; 84.983032;-556.777649;-16.828159; 14.320030; 0.000403;-2163.994629; 458.774567;-512.673950; 5.576624; 4.352712; 10.706140;-2210.422607; 865.156677;-467.422943;-2.946035; 13.198096;-29.070965;-2205.378418; 1412.006226;-415.286316;-15.928397; 72.040787; 30.971466;-2128.986816; 1449.965820;-584.517883; 1.186854; 2.441875;-8.654908;-1895.909302; 823.364319;-683.390625; 0.000000;-0.000000; 0.000000;-1815.387939;-35.661903;-695.046814; 0.000000;-0.000000; 0.000000;-2154.833496; 1445.924927;-500.515625; 0.880837; 1.782150; 6.051882;-2181.289062; 772.479858;-330.677643; 0.000000; 0.000000; 0.000000;-2012.156738;-36.246601;-456.110870; 0.000000; 0.000000; 0.000000;-2232.950684; 958.314514;-574.807251; 0.000000;-0.000000; 0.000000;-2203.989990; 1072.723267;-571.255798;-0.319904;-1.560785;-0.111088;-2213.318115; 1159.069336;-575.442810;-0.292232;-1.951011;-0.333192;-2220.423584; 1262.477661;-575.596497;-0.617820;-1.560783;-0.055543;-2210.557617; 1415.400269;-565.204468;-0.000000;-0.000000; 0.000000;-2163.531250; 1488.981323;-546.667664; 3.924892;-0.980336; 2.596991;-2144.989746; 1578.115845;-536.350281; 0.873788; 0.173763; 5.003954;-2153.119385; 1761.070190;-528.442200; 0.000000;-0.000000; 0.000000;-2006.018799; 1630.973267;-510.506317;-2113.220215; 1640.128662;-615.774048;-2141.651123; 1631.493774;-445.231232;-3.441963; 6.476779; 4.896690;-1.454815; 17.974937; 13.950523; 1.102057; 0.965518;
49;0;1776780259200000;;-2145.009033; 876.250916;-564.680603;-1962.707153; 871.541443;-695.144653;-19.120892; 25.987387;-20.114639;-2048.865234; 1121.991943;-733.010010; 0.000000; 161.770676; 0.000000;-2114.641113; 1423.282715;-685.053101; 67.373352; 51.330269; 156.185104;-2192.173584; 850.812927;-349.569916; 10.375100; 10.062449;-16.804415;-2259.341309; 1109.544556;-360.923615; 0.000000; 154.144409; 0.000000;-2204.275879; 1411.871948;-415.406586; 16.953825;-7.204399; 172.344818;-1890.155518; 6.290649;-687.019348;-25.123783;-4.033440;-0.002233;-2002.058594; 86.767181;-674.948975;-25.123783;-4.033440;-0.002233;-2034.621582; 461.577209;-663.873657; 12.941355;-3.129765;-12.820191;-2158.191895; 853.438965;-640.974487; 23.452381;-14.023161; 35.027184;-2072.585938; 2.187874;-494.325958;-16.966997;-14.311659;-0.001059;-2164.837891; 84.236603;-556.792175;-16.966997; 14.311659; 0.001059;-2164.593750; 458.072174;-513.060669; 5.603041; 4.406931; 10.872722;-2210.391113; 864.566650;-468.178223;-2.814075; 13.035909;-29.091173;-2204.275879; 1411.871948;-415.406586;-15.933290; 72.118385; 31.216089;-2127.004395; 1449.373169;-584.376648; 1.184656; 2.441406;-8.937977;-1899.701172; 819.689941;-691.233337; 0.000000;-0.000000; 0.000000;-1820.350830;-32.657703;-695.710938; 0.000000;-0.000000; 0.000000;-2153.242188; 1445.419312;-500.491577; 0.822914; 1.665189; 6.076137;-2186.180420; 771.338684;-331.637878; 0.000000; 0.000000; 0.000000;-2014.213379;-37.684753;-456.011169; 0.000000; 0.000000; 0.000000;-2232.268799; 958.013794;-575.445618; 0.000000;-0.000000; 0.000000;-2203.057617; 1072.348389;-571.568726;-0.308399;-1.525392;-0.115635;-2212.168701; 1158.720459;-575.696960;-0.292108;-1.906771;-0.346841;-2219.011963; 1262.146484;-575.841003;-0.625138;-1.525389;-0.057818;-2208.759277; 1415.042236;-565.427368;-0.000000; 0.000000; 0.000000;-2161.647461; 1488.523315;-546.711426; 4.056117;-1.116021; 2.703408;-2143.132812; 1577.644043;-536.228149; 0.902169; 0.152447; 5.340700;-2151.376465; 1760.583984;-528.108582; 0.000000;-0.000000; 0.000000;-2004.119629; 1630.581787;-510.778809;-2111.666992; 1639.761475;-615.691101;-2139.541260; 1630.932373;-445.066284;-3.057230; 6.378827; 5.312568;-1.493838; 18.504929; 13.849350; 1.101028; 0.989879;
50;0;1776780259216667;;-2145.409424; 875.573364;-565.353577;-1966.673706; 868.359863;-701.977783;-19.802311; 26.540018;-20.625681;-2048.489990; 1121.035889;-734.279846; 0.000000; 162.840881; 0.000000;-2111.489258; 1422.698120;-684.949463; 66.577240; 50.020615; 155.647369;-2194.500977; 850.080933;-350.032623; 10.947015; 9.986611;-17.903339;-2259.104248; 1109.459351;-361.510406; 0.000000; 154.525238; 0.000000;-2203.010254; 1411.661011;-415.640594; 16.857563;-7.251719; 172.508789;-1897.860962; 7.772324;-687.892700;-22.325409;-4.023665;-0.004843;-2012.033325; 84.931427;-675.418518;-22.325409;-4.023665;-0.004843;-2037.266846; 460.327667;-665.098755; 13.647999;-3.184689;-12.611341;-2157.843018; 853.099060;-641.825562; 23.188126;-13.964352; 35.243484;-2074.417236; 0.988289;-494.223907;-17.147606;-14.299959;-0.001605;-2166.272217; 83.426971;-556.761841;-17.147606; 14.299959; 0.001605;-2165.597168; 457.319489;-513.523926; 5.600901; 4.417639; 11.048980;-2210.866211; 863.941284;-469.262299;-2.585702; 12.833941;-29.084623;-2203.010254; 1411.661011;-415.640594;-15.981758; 72.089661; 31.556847;-2124.941162; 1448.701904;-584.390259; 1.152646; 2.381260;-9.366947;-1903.845703; 816.201599;-699.572266; 0.000000;-0.000000; 0.000000;-1826.964844;-29.105377;-696.779663; 0.000000;-0.000000; 0.000000;-2151.564453; 1444.837646;-500.622620; 0.771437; 1.561882; 6.160405;-2190.352051; 770.414062;-332.436798; 0.000000; 0.000000; 0.000000;-2016.247070;-39.127998;-455.855713; 0.000000; 0.000000; 0.000000;-2231.924316; 957.731567;-576.394165; 0.000000;-0.000000; 0.000000;-2202.370361; 1071.964233;-572.130920;-0.294855;-1.488603;-0.109568;-2211.190430; 1158.370361;-576.178284;-0.291424;-1.860782;-0.328633;-2217.683838; 1261.819092;-576.283325;-0.635088;-1.488601;-0.054783;-2206.906738; 1414.674438;-565.806946;-0.000000; 0.000000; 0.000000;-2159.654053; 1488.016113;-546.900513; 4.221299;-1.240957; 2.801402;-2141.133789; 1577.116821;-536.258484; 0.938159; 0.131875; 5.651590;-2149.445557; 1760.045288;-527.950684; 0.000000;-0.000000; 0.000000;-2002.078857; 1630.100098;-511.133881;-2109.911621; 1639.321777;-615.749023;-2137.323975; 1630.324219;-445.058228;-2.635000; 6.277979; 5.716866;-1.508958; 19.180283; 13.713036; 1.098290; 1.020664;
51;0;1776780259233333;;-2146.006592; 874.931274;-566.161072;-1970.922119; 865.334717;-709.106018;-20.559673; 27.234552;-21.287001;-2047.976807; 1120.160156;-735.733948; 0.000000; 163.913345; 0.000000;-2107.845947; 1422.212891;-684.917664; 65.717415; 48.563221; 155.068207;-2196.233887; 849.557373;-350.360443; 11.316479; 9.977124;-18.935009;-2258.807617; 1109.432861;-361.837616; 0.000000; 154.720840; 0.000000;-2201.434570; 1411.397339;-415.951355; 16.794754;-7.268373; 172.616058;-1907.189819; 9.581871;-689.087891;-19.274471;-4.008774;-0.007069;-2023.660889; 83.122772;-676.023438;-19.274471;-4.008774;-0.007069;-2040.614258; 458.997833;-666.220215; 14.424133;-3.347222;-12.325838;-2157.800537; 852.793579;-642.941101; 22.913551;-13.852123; 35.498207;-2075.732666;-0.047485;-493.980682;-17.356482;-14.285910;-0.002030;-2167.245117; 82.678528;-556.641235;-17.356482; 14.285910; 0.002030;-2166.748291; 456.637207;-513.976929; 5.570026; 4.366811; 11.212643;-2211.763428; 863.388245;-470.653900;-2.236207; 12.610245;-29.060669;-2201.434570; 1411.397339;-415.951355;-16.072598; 71.941971; 31.982727;-2122.585449; 1448.006104;-584.484802; 1.094683; 2.268384;-9.915789;-1908.226807; 812.967224;-708.342957; 0.000000;-0.000000; 0.000000;-1835.205811;-25.047340;-698.270752; 0.000000;-0.000000; 0.000000;-2149.617676; 1444.222290;-500.844482; 0.729524; 1.478438; 6.304600;-2193.432861; 769.775269;-333.022583; 0.000000; 0.000000; 0.000000;-2017.743652;-40.342545;-455.525574; 0.000000; 0.000000; 0.000000;-2231.823242; 957.554016;-577.647827; 0.000000;-0.000000; 0.000000;-2201.812012; 1071.650513;-572.954468;-0.282539;-1.456453;-0.097827;-2210.247803; 1158.099609;-576.900757;-0.293184;-1.820588;-0.293423;-2216.281006; 1261.576172;-576.926758;-0.652778;-1.456451;-0.048916;-2204.802979; 1414.370361;-566.304749; 0.000000;-0.000000; 0.000000;-2157.349365; 1487.520996;-547.163269; 4.449430;-1.342052; 2.895735;-2138.806396; 1576.599609;-536.376648; 0.988288; 0.115475; 5.927736;-2147.187744; 1759.519287;-527.947021; 0.000000;-0.000000; 0.000000;-1999.733521; 1629.631714;-511.455139;-2107.746582; 1638.865601;-615.883057;-2134.867188; 1629.755005;-445.151581;-2.197311; 6.190996; 6.073121;-1.481605; 19.981003; 13.560905; 1.093278; 1.058848;
52;0;1776780259250000;;-2146.604248; 874.419312;-567.042297;-1975.300415; 862.590698;-716.403381;-21.348175; 28.020519;-22.118675;-2047.229980; 1119.448486;-737.205627; 0.000000; 165.001724; 0.000000;-2103.637207; 1421.902832;-684.841309; 64.796143; 46.997757; 154.452179;-2197.198730; 849.267090;-350.637878; 11.490967; 10.074489;-19.856173;-2258.347900; 1109.487183;-361.985962; 0.000000; 154.735764; 0.000000;-2199.508789; 1411.136963;-416.280060; 16.717520;-7.283471; 172.674469;-1917.986450; 11.730324;-690.588013;-16.065907;-3.989681;-0.008042;-2036.658325; 81.526459;-676.806091;-16.065907;-3.989681;-0.008042;-2044.411499; 457.708344;-667.179932; 15.274564;-3.633171;-11.982552;-2157.889648; 852.610291;-644.270935; 22.631784;-13.681267; 35.771366;-2076.158936;-0.747803;-493.535065;-17.559914;-14.271296;-0.002274;-2167.416016; 82.102142;-556.404053;-17.559914; 14.271296; 0.002274;-2167.748047; 456.127502;-514.326355; 5.522546; 4.246542; 11.344821;-2212.863525; 863.002563;-472.291351;-1.758106; 12.367302;-29.027697;-2199.508789; 1411.136963;-416.280060;-16.185495; 71.702980; 32.453800;-2119.833496; 1447.388306;-584.554321; 1.019132; 2.118950;-10.547849;-1912.747803; 810.058044;-717.465027; 0.000000;-0.000000; 0.000000;-1844.978882;-20.581944;-700.128784; 0.000000;-0.000000; 0.000000;-2147.317383; 1443.663208;-501.058655; 0.701244; 1.422837; 6.485600;-2195.249756; 769.435791;-333.409851; 0.000000; 0.000000; 0.000000;-2018.316040;-41.118408;-454.939484; 0.000000; 0.000000; 0.000000;-2231.778320; 957.567261;-579.141907; 0.000000;-0.000000; 0.000000;-2201.204590; 1071.494141;-573.981873;-0.269833;-1.431417;-0.086168;-2209.174316; 1157.993042;-577.803650;-0.296235;-1.789287;-0.258462;-2214.653809; 1261.500366;-577.704651;-0.674359;-1.431415;-0.043087;-2202.338379; 1414.212158;-566.837769; 0.000000; 0.000000; 0.000000;-2154.639404; 1487.123657;-547.396057; 4.714925;-1.404971; 2.999721;-2136.034668; 1576.174072;-536.483154; 1.046709; 0.108423; 6.173971;-2144.421143; 1759.092041;-528.019531; 0.000000;-0.000000; 0.000000;-1996.946167; 1629.211182;-511.659546;-2105.039307; 1638.454102;-616.003723;-2132.029297; 1629.315918;-445.253082;-1.755466; 6.131685; 6.368552;-1.397458; 20.856041; 13.413994; 1.086056; 1.105013;
53;0;1776780259266667;;-2146.974365; 874.133606;-567.935913;-1979.667236; 860.262756;-723.775024;-22.085197; 28.805145;-23.096182;-2046.179077; 1118.991577;-738.542236; 0.000000; 166.126205; 0.000000;-2098.885254; 1421.838257;-684.612366; 63.823856; 45.328457; 153.799606;-2197.471191; 849.183472;-350.971466; 11.494684; 10.297895;-20.642092;-2257.638916; 1109.641724;-362.100159; 0.000000; 154.640274; 0.000000;-2197.270752; 1410.956787;-416.573914; 16.585409;-7.330297; 172.705704;-1929.822510; 14.253754;-692.265442;-12.801623;-3.970819;-0.007051;-2050.500488; 80.368835;-677.770691;-12.801623;-3.970819;-0.007051;-2048.219482; 456.619263;-667.970581; 16.212091;-4.035534;-11.611494;-2157.831299; 852.651245;-645.753357; 22.337317;-13.446193; 36.040188;-2075.563965;-1.022682;-492.887756;-17.724110;-14.258084;-0.002478;-2166.659180; 81.776001;-556.058289;-17.724110; 14.258084; 0.002478;-2168.316895; 455.854675;-514.488892; 5.484507; 4.059688; 11.439216;-2213.859375; 862.849182;-474.102692;-1.166359; 12.089700;-28.990175;-2197.270752; 1410.956787;-416.573914;-16.296167; 71.425323; 32.919178;-2116.673584; 1446.965088;-584.504822; 0.937043; 1.955040;-11.225838;-1917.364136; 807.512085;-726.828918; 0.000000;-0.000000; 0.000000;-1855.897705;-15.790766;-702.147644; 0.000000;-0.000000; 0.000000;-2144.661133; 1443.269897;-501.175354; 0.689780; 1.401296; 6.671362;-2195.981445; 769.358215;-333.670013; 0.000000; 0.000000; 0.000000;-2017.828735;-41.358330;-454.094940; 0.000000; 0.000000; 0.000000;-2231.540039; 957.836792;-580.789429; 0.000000;-0.000000; 0.000000;-2200.343994; 1071.570679;-575.121338;-0.254884;-1.411772;-0.078395;-2207.802979; 1158.121704;-578.790588;-0.298009;-1.764727;-0.235145;-2212.683105; 1261.658691;-578.521973;-0.692579;-1.411771;-0.039198;-2199.483398; 1414.272461;-567.320984; 0.000000; 0.000000; 0.000000;-2151.522217; 1486.911865;-547.508606; 4.962844;-1.417709; 3.129862;-2132.779785; 1575.920532;-536.491516; 1.101000; 0.115963; 6.403907;-2140.990967; 1758.849243;-528.090088; 0.000000;-0.000000; 0.000000;-1993.634888; 1628.834717;-511.721680;-2101.745605; 1638.143188;-616.041809;-2128.701172; 1629.090698;-445.281128;-1.310749; 6.108237; 6.614676;-1.245370; 21.729286; 13.281036; 1.077606; 1.158299;
54;0;1776780259283333;;-2146.914795; 874.141541;-568.808716;-1983.929443; 858.452393;-731.151672;-22.662357; 29.468227;-24.165045;-2044.820068; 1118.841064;-739.672058; 0.000000; 167.294373; 0.000000;-2093.698242; 1422.050049;-684.194885; 62.823166; 43.555180; 153.115417;-2197.336182; 849.248230;-351.447083; 11.361746; 10.636332;-21.289553;-2256.628662; 1109.916748;-362.348053; 0.000000; 154.541382; 0.000000;-2194.784668; 1410.932007;-416.824036; 16.377705;-7.427440; 172.734283;-1941.982178; 17.210537;-693.875854;-9.578623;-3.959312;-0.003981;-2064.429199; 79.865051;-678.855408;-9.578623;-3.959312;-0.003981;-2051.496094; 455.888062;-668.609070; 17.247423;-4.528937;-11.249210;-2157.337646; 852.996643;-647.349670; 22.025967;-13.140718; 36.278885;-2074.130859;-0.904549;-492.115845;-17.832075;-14.247707;-0.002686;-2165.129639; 81.725220;-555.645386;-17.832075; 14.247707; 0.002686;-2168.292725; 455.831390;-514.412598; 5.490859; 3.817176; 11.504206;-2214.448486; 862.951721;-476.041779;-0.494607; 11.749743;-28.946693;-2194.784668; 1410.932007;-416.824036;-16.386387; 71.165459; 33.333088;-2113.163086; 1446.830200;-584.313110; 0.862322; 1.805228;-11.915208;-1922.102661; 805.304993;-736.294067; 0.000000;-0.000000; 0.000000;-1867.259155;-10.710979;-703.978699; 0.000000;-0.000000; 0.000000;-2141.699951; 1443.135498;-501.170105; 0.696123; 1.415722; 6.836388;-2196.083008; 769.474304;-333.891907; 0.000000; 0.000000; 0.000000;-2016.476074;-41.131248;-453.090912; 0.000000; 0.000000; 0.000000;-2230.874756; 958.389404;-582.527100; 0.000000;-0.000000; 0.000000;-2199.062988; 1071.923462;-576.302673;-0.237937;-1.393104;-0.075282;-2206.014648; 1158.524292;-579.788696;-0.296522;-1.741393;-0.225808;-2210.307129; 1262.086670;-579.314148;-0.701238;-1.393104;-0.037639;-2196.272949; 1414.596558;-567.720093; 0.000000;-0.000000; 0.000000;-2148.060791; 1486.951050;-547.479614; 5.136295;-1.382179; 3.294350;-2129.075195; 1575.896851;-536.371521; 1.138420; 0.139200; 6.634297;-2136.834229; 1758.850952;-528.093689; 0.000000;-0.000000; 0.000000;-1989.793457; 1628.485718;-511.678680;-2097.911621; 1637.988281;-615.973694;-2124.839111; 1629.119507;-445.198975;-0.857750; 6.120645; 6.835265;-1.019332; 22.511726; 13.154518; 1.069594; 1.215536;
55;0;1776780259300000;;-2146.345215; 874.453857;-569.701477;-1988.052734; 857.194702;-738.492065;-22.975416; 29.882830;-25.269657;-2043.248169; 1118.979370;-740.671204; 0.000000; 168.482925; 0.000000;-2088.268066; 1422.505249;-683.682251; 61.825985; 41.704334; 152.414215;-2197.079102; 849.399780;-352.108185; 11.124235; 11.053447;-21.812037;-2255.293457; 1110.316406;-362.882935; 0.000000; 154.532318; 0.000000;-2192.121338; 1411.101196;-417.107361; 16.096228;-7.575571; 172.772064;-1953.744629; 20.607922;-695.178955;-6.482299;-3.962995; 0.000560;-2077.722412; 80.136810;-680.003906;-6.482299;-3.962995; 0.000560;-2053.825439; 455.605560;-669.152039; 18.380424;-5.082224;-10.931771;-2156.253174; 853.671204;-649.102783; 21.698353;-12.757425; 36.460880;-2072.364258;-0.539543;-491.337952;-17.886059;-14.240680;-0.002968;-2163.280762; 81.907104;-555.222351;-17.886059; 14.240680; 0.002968;-2167.730713; 456.013397;-514.109070; 5.574542; 3.533878; 11.557043;-2214.460693; 863.287964;-478.145050; 0.219208; 11.315159;-28.890789;-2192.121338; 1411.101196;-417.107361;-16.444052; 70.961037; 33.665520;-2109.422363; 1447.017700;-584.078369; 0.810439; 1.701966;-12.586240;-1927.041992; 803.350342;-745.710571; 0.000000;-0.000000; 0.000000;-1878.335327;-5.403927;-705.279663; 0.000000;-0.000000; 0.000000;-2138.528809; 1443.298462;-501.134155; 0.718804; 1.463161; 6.972513;-2195.991943; 769.713806;-334.147156; 0.000000; 0.000000; 0.000000;-2014.783447;-40.648834;-452.083618; 0.000000; 0.000000; 0.000000;-2229.675781; 959.204834;-584.379456; 0.000000;-0.000000; 0.000000;-2197.311035; 1072.547607;-577.549500;-0.220988;-1.371004;-0.074977;-2203.798096; 1159.192871;-580.821899;-0.290904;-1.713767;-0.224895;-2207.559326; 1262.774536;-580.115417;-0.696857;-1.371004;-0.037493;-2192.807373; 1415.184448;-568.104553; 0.000000;-0.000000;-0.000002;-2144.369385; 1487.257324;-547.403809; 5.193086;-1.323841; 3.482422;-2125.023438; 1576.110474;-536.176331; 1.149673; 0.171606; 6.878987;-2132.004150; 1759.098877;-527.963745; 0.000000;-0.000000; 0.000000;-1985.502686; 1628.120728;-511.607422;-2093.657227; 1638.039185;-615.825745;-2120.494873; 1629.349976;-445.027649;-0.392669; 6.156510; 7.049236;-0.719005; 23.117676; 13.019943; 1.063788; 1.271504;
56;0;1776780259316667;;-2145.331055; 875.030823;-570.732300;-1992.015991; 856.461304;-745.788452;-22.952953; 29.943205;-26.371439;-2041.608765; 1119.343262;-741.776672; 0.000000; 169.629364; 0.000000;-2082.798096; 1423.125610;-683.276978; 60.853886; 39.820217; 151.708084;-2196.867676; 849.604431;-352.951691; 10.801719; 11.498650;-22.231979;-2253.651855; 1110.832886;-363.801239; 0.000000; 154.653595; 0.000000;-2189.333252; 1411.455200;-417.576324; 15.754672;-7.760494; 172.809570;-1964.709839; 24.332565;-696.074585;-3.590385;-3.987917; 0.005404;-2089.983154; 81.179596;-681.259949;-3.590385;-3.987917; 0.005404;-2055.090088; 455.764984;-669.692017; 19.596746;-5.674539;-10.687495;-2154.600098; 854.642639;-651.144409; 21.353249;-12.288277; 36.562244;-2070.863525;-0.108063;-490.663330;-17.902529;-14.236144;-0.003338;-2161.661133; 82.241852;-554.840698;-17.902529; 14.236144; 0.003338;-2166.858154; 456.330017;-513.650757; 5.756088; 3.221464; 11.615598;-2213.909180; 863.809570;-480.540985; 0.949243; 10.760179;-28.813921;-2189.333252; 1411.455200;-417.576324;-16.467310; 70.814369; 33.904926;-2105.579346; 1447.497925;-583.997986; 0.793579; 1.671294;-13.216063;-1932.241089; 801.537170;-754.949646; 0.000000;-0.000000; 0.000000;-1888.717407;-0.047253;-705.872070; 0.000000;-0.000000; 0.000000;-2135.247559; 1443.733765;-501.255066; 0.754140; 1.536295; 7.091474;-2195.951660; 770.033936;-334.476562; 0.000000; 0.000000; 0.000000;-2013.370239;-40.155121;-451.217560; 0.000000; 0.000000; 0.000000;-2227.989746; 960.231628;-586.474121; 0.000000;-0.000000; 0.000000;-2195.163086; 1073.400513;-578.996155;-0.207728;-1.343317;-0.074492;-2201.244141; 1160.083984;-582.027100;-0.282015;-1.679158;-0.223433;-2204.545166; 1263.679321;-581.069580;-0.680139;-1.343316;-0.037245;-2189.206055; 1415.997681;-568.640259; 0.000000;-0.000000; 0.000000;-2140.564209; 1487.796631;-547.470276; 5.119284;-1.287781; 3.665253;-2120.751221; 1576.518677;-536.022461; 1.131895; 0.199945; 7.145015;-2126.646484; 1759.537109;-527.628357; 0.000000;-0.000000; 0.000000;-1980.897217; 1627.684937;-511.576508;-2089.119629; 1638.337891;-615.651978;-2115.797852; 1629.643799;-444.829163; 0.079129; 6.196029; 7.253661;-0.345484; 23.480309; 12.863564; 1.061320; 1.320728;
57;0;1776780259333333;;-2144.009277; 875.798157;-572.024658;-1995.745239; 856.180664;-753.039551;-22.563969; 29.597601;-27.450796;-2040.015259; 1119.861816;-743.297180; 0.000000; 170.644577; 0.000000;-2077.425781; 1423.819946;-683.193970; 59.907795; 37.950924; 150.997284;-2196.770752; 849.858154;-353.947906; 10.403238; 11.914865;-22.576506;-2251.764404; 1111.456299;-365.111176; 0.000000; 154.889908; 0.000000;-2186.419434; 1411.947876;-418.377869; 15.371216;-7.954094; 172.824738;-1974.986816; 28.116329;-696.632629;-0.979734;-4.036572; 0.009309;-2101.292969; 82.879791;-682.769592;-0.979734;-4.036572; 0.009309;-2055.495361; 456.259644;-670.293335; 20.871861;-6.305010;-10.531753;-2152.504883; 855.834778;-653.604736; 20.976200;-11.725938; 36.564941;-2069.984131; 0.256065;-490.174744;-17.905363;-14.231727;-0.003798;-2160.603027; 82.658630;-554.536865;-17.905363; 14.231727; 0.003798;-2165.894775; 456.719513;-513.111755; 6.039846; 2.881366; 11.692269;-2212.910645; 864.461975;-483.358276; 1.687562; 10.078606;-28.708666;-2186.419434; 1411.947876;-418.377869;-16.471022; 70.698311; 34.054920;-2101.705566; 1448.192749;-584.270935; 0.815624; 1.721976;-13.786501;-1937.660034; 799.777405;-763.921265; 0.000000;-0.000000; 0.000000;-1898.520752; 4.999660;-705.784729; 0.000000;-0.000000; 0.000000;-2131.906250; 1444.368408;-501.723633; 0.796838; 1.624638; 7.218697;-2196.039795; 770.417175;-334.915619; 0.000000; 0.000000; 0.000000;-2012.600342;-39.823586;-450.602844; 0.000000; 0.000000; 0.000000;-2225.938965; 961.403259;-588.951599; 0.000000;-0.000000; 0.000000;-2192.738281; 1074.416382;-580.799622;-0.201700;-1.310783;-0.071352;-2198.466309; 1161.132690;-583.568115;-0.271854;-1.638489;-0.214035;-2201.367432; 1264.737183;-582.345337;-0.655106;-1.310782;-0.035677;-2185.543213; 1416.971680;-569.503235;-0.000000;-0.000000;-0.000002;-2136.707275; 1488.500244;-547.870178; 4.931638;-1.319495; 3.810341;-2116.354492; 1577.048828;-536.032898; 1.089061; 0.210242; 7.431974;-2120.940186; 1760.076294;-527.040466; 0.000000;-0.000000; 0.000000;-1976.106323; 1627.143677;-511.625854;-2084.399414; 1638.899536;-615.508728;-2110.894043; 1629.842407;-444.676178; 0.545364; 6.226331; 7.419233; 0.100871; 23.557838; 12.673042; 1.062083; 1.359516;
58;0;1776780259350000;;-2142.510498; 876.666016;-573.627930;-1999.069336; 856.259033;-760.190491;-21.808361; 28.867142;-28.504757;-2038.488770; 1120.478027;-745.461548; 0.000000; 171.444717; 0.000000;-2072.204346; 1424.508179;-683.562744; 58.981152; 36.155193; 150.278824;-2196.753906; 850.179749;-355.053131; 9.938602; 12.246521;-22.872448;-2249.688721; 1112.180176;-366.722717; 0.000000; 155.188492; 0.000000;-2183.315918; 1412.521362;-419.565247; 14.973474;-8.120033; 172.800751;-1985.168823; 31.574005;-697.060486; 1.272685;-4.107882; 0.011437;-2112.174561; 85.071503;-684.730225; 1.272685;-4.107882; 0.011437;-2055.480225; 456.906769;-670.950867; 22.179096;-6.989594;-10.465547;-2150.099121; 857.142090;-656.508667; 20.535305;-11.066647; 36.458584;-2069.775879; 0.482254;-489.963776;-17.916597;-14.224682;-0.004207;-2160.163086; 83.114502;-554.357300;-17.916597; 14.224682; 0.004207;-2164.951416; 457.137299;-512.529297; 6.417282; 2.507091; 11.791816;-2211.568115; 865.187500;-486.614777; 2.432548; 9.289765;-28.570292;-2183.315918; 1412.521362;-419.565247;-16.485653; 70.576897; 34.131386;-2097.798828; 1449.003296;-585.002014; 0.871334; 1.843405;-14.279962;-1943.113892; 798.038391;-772.558899; 0.000000;-0.000000; 0.000000;-1908.364990; 9.221611;-705.231079; 0.000000;-0.000000; 0.000000;-2128.487305; 1445.110718;-502.637939; 0.840389; 1.715258; 7.382329;-2196.194824; 770.862671;-335.505127; 0.000000; 0.000000; 0.000000;-2012.518066;-39.741966;-450.356262; 0.000000; 0.000000; 0.000000;-2223.622803; 962.644043;-591.848816; 0.000000;-0.000000; 0.000000;-2190.110840; 1075.514648;-583.022766;-0.202543;-1.276020;-0.065006;-2195.522949; 1162.259521;-585.518982;-0.261394;-1.595033;-0.194985;-2198.065186; 1265.869873;-584.024353;-0.624977;-1.276019;-0.032501;-2181.821045; 1418.025757;-570.781006; 0.000000; 0.000000; 0.000000;-2132.790039; 1489.284668;-548.703796; 4.660476;-1.442647; 3.898207;-2111.863281; 1577.619507;-536.284668; 1.028016; 0.194854; 7.732900;-2115.016113; 1760.621094;-526.214844; 0.000000;-0.000000; 0.000000;-1971.197754; 1626.481445;-511.780365;-2079.536377; 1639.685425;-615.441650;-2105.870117; 1629.832642;-444.628235; 0.975383; 6.249966; 7.499728; 0.619920; 23.334290; 12.437576; 1.064773; 1.385978;
59;0;1776780259366667;;-2140.894287; 877.555542;-575.491150;-2001.739380; 856.618896;-767.130005;-20.706360; 27.836704;-29.546528;-2036.948120; 1121.173340;-748.321411; 0.000000; 171.981659; 0.000000;-2067.128662; 1425.151123;-684.374939; 58.071934; 34.503437; 149.555389;-2196.648926; 850.597656;-356.212463; 9.428094; 12.454478;-23.136459;-2247.439453; 1112.995239;-368.472351; 0.000000; 155.480011; 0.000000;-2179.931152; 1413.127808;-421.060822; 14.601240;-8.227613; 172.736572;-1995.977661; 34.330925;-697.624023; 3.094455;-4.198605; 0.011599;-2123.252197; 87.616882;-687.316162; 3.094455;-4.198605; 0.011599;-2055.496582; 457.519653;-671.609253; 23.495209;-7.745359;-10.478476;-2147.440674; 858.462524;-659.744324; 19.991823;-10.315304; 36.240211;-2070.139160; 0.540970;-490.153137;-17.946972;-14.213554;-0.004475;-2160.263184; 83.590485;-554.378479;-17.946972; 14.213554; 0.004475;-2164.022949; 457.553650;-511.916718; 6.873124; 2.096264; 11.913094;-2209.885498; 865.933167;-490.180420; 3.169094; 8.432307;-28.396622;-2179.931152; 1413.127808;-421.060822;-16.546827; 70.422798; 34.159554;-2093.811523; 1449.847168;-586.153564; 0.948988; 2.010973;-14.679129;-1948.300293; 796.367371;-780.828918; 0.000000;-0.000000; 0.000000;-1919.013672; 12.103075;-704.528137; 0.000000;-0.000000; 0.000000;-2124.931641; 1445.882812;-503.955109; 0.877827; 1.794181; 7.601195;-2196.203125; 771.378418;-336.268890; 0.000000; 0.000000; 0.000000;-2013.011108;-39.946144;-450.626160; 0.000000; 0.000000; 0.000000;-2221.055664; 963.882202;-595.054260; 0.000000;-0.000000; 0.000000;-2187.269531; 1076.618774;-585.584656;-0.206827;-1.242207;-0.057269;-2192.392822; 1163.388550;-587.810730;-0.250137;-1.552766;-0.171798;-2194.607422; 1267.002197;-586.047180;-0.590215;-1.242208;-0.028637;-2177.994141; 1419.084473;-572.422668; 0.000000; 0.000000; 0.000000;-2128.765137; 1490.076904;-549.931213; 4.327743;-1.646237; 3.931440;-2107.250732; 1578.163208;-536.772888; 0.953586; 0.156595; 8.035695;-2108.905029; 1761.097046;-525.221924; 0.000000;-0.000000; 0.000000;-1966.164062; 1625.682617;-512.049988;-2074.514160; 1640.602783;-615.466309;-2100.725586; 1629.583374;-444.705383; 1.343483; 6.278666; 7.451956; 1.206583; 22.817116; 12.150810; 1.067616; 1.398596;
60;0;1776780259383333;;-2139.125732; 878.411377;-577.495422;-2003.547485; 857.218140;-773.747192;-19.294018; 26.627487;-30.601509;-2035.266846; 1121.968872;-751.761047; 0.000000; 172.254684; 0.000000;-2062.154053; 1425.759888;-685.499756; 57.179924; 33.056110; 148.834274;-2196.224365; 851.115967;-357.392700; 8.904532; 12.531253;-23.365707;-2244.990234; 1113.871338;-370.198212; 0.000000; 155.705795; 0.000000;-2176.192139; 1413.727295;-422.693268; 14.294730;-8.263231; 172.647278;-2007.832397; 36.150898;-698.569092; 4.429268;-4.305126; 0.010131;-2134.849854; 90.445526;-690.623352; 4.429268;-4.305126; 0.010131;-2055.787109; 457.972870;-672.229736; 24.800884;-8.570778;-10.554397;-2144.479004; 859.719360;-663.110718; 19.318445;-9.492745; 35.913761;-2070.972412; 0.421242;-490.841064;-17.991619;-14.199137;-0.004435;-2160.819092; 84.073669;-554.671265;-17.991619; 14.199137; 0.004435;-2163.015137; 457.944000;-511.292358; 7.388543; 1.662121; 12.052011;-2207.746826; 866.653870;-493.829163; 3.860196; 7.551345;-28.188417;-2176.192139; 1413.727295;-422.693268;-16.682512; 70.226746; 34.166924;-2089.677490; 1450.673706;-587.565735; 1.033354; 2.192322;-14.969743;-1952.936035; 794.873413;-788.755554; 0.000000;-0.000000; 0.000000;-1930.930786; 13.308273;-704.006409; 0.000000;-0.000000; 0.000000;-2121.169189; 1446.631836;-505.512695; 0.904337; 1.851551; 7.875000;-2195.799561; 771.955627;-337.216095; 0.000000; 0.000000; 0.000000;-2013.968018;-40.445900;-451.527283; 0.000000; 0.000000; 0.000000;-2218.157227; 965.055786;-598.356567; 0.000000;-0.000000; 0.000000;-2184.126221; 1077.667969;-588.302307;-0.212259;-1.212430;-0.051879;-2188.990479; 1164.458862;-590.268738;-0.237608;-1.515542;-0.155611;-2190.914062; 1268.073608;-588.245361;-0.550193;-1.212429;-0.025941;-2173.993652; 1420.089600;-574.263306;-0.000000;-0.000000; 0.000000;-2124.570801; 1490.825073;-551.390991; 3.940052;-1.885288; 3.932916;-2102.449707; 1578.635254;-537.418640; 0.867087; 0.108422; 8.323333;-2102.532959; 1761.461548;-524.172302; 0.000000;-0.000000; 0.000000;-1960.936035; 1624.721436;-512.424438;-2069.269775; 1641.520752;-615.569336;-2095.384521; 1629.142334;-444.886780; 1.628587; 6.319224; 7.256933; 1.839943; 22.035141; 11.817535; 1.069318; 1.395727;
61;0;1776780259400000;;-2137.123779; 879.192322;-579.511658;-2004.411743; 858.031799;-779.954529;-17.622911; 25.368748;-31.699390;-2033.335815; 1122.891724;-755.560364; 0.000000; 172.301529; 0.000000;-2057.205811; 1426.368286;-686.751465; 56.304783; 31.846611; 148.125122;-2195.309570; 851.685303;-358.612396; 8.407552; 12.504538;-23.535513;-2242.295654; 1114.745728;-371.804108; 0.000000; 155.838745; 0.000000;-2172.058350; 1414.271973;-424.275330; 14.081687;-8.229831; 172.559021;-2020.782715; 36.976868;-700.105286; 5.256910;-4.424235; 0.007706;-2146.947021; 93.524902;-694.687805; 5.256910;-4.424235; 0.007706;-2056.396240; 458.202301;-672.859009; 26.077892;-9.434716;-10.677029;-2141.119629; 860.855591;-666.386597; 18.513849;-8.642663; 35.489914;-2072.253662; 0.127838;-492.002625;-18.029589;-14.184147;-0.004103;-2161.812012; 84.538025;-555.237732;-18.029589; 14.184147; 0.004103;-2161.837646; 458.277649;-510.692963; 7.937969; 1.234459; 12.202668;-2205.013672; 867.309021;-497.321381; 4.460042; 6.690167;-27.951250;-2172.058350; 1414.271973;-424.275330;-16.905348; 69.998276; 34.178337;-2085.326172; 1451.449219;-589.029907; 1.108266; 2.352923;-15.145434;-1956.854736; 793.674194;-796.388184; 0.000000;-0.000000; 0.000000;-1944.206421; 12.763260;-703.974915; 0.000000;-0.000000; 0.000000;-2117.132812; 1447.318604;-507.102905; 0.920334; 1.887908; 8.185173;-2194.818115; 772.545105;-338.358398; 0.000000; 0.000000; 0.000000;-2015.365601;-41.217510;-453.021667; 0.000000; 0.000000; 0.000000;-2214.817627; 966.113403;-601.527283; 0.000000;-0.000000; 0.000000;-2180.570801; 1078.613647;-590.964905;-0.217273;-1.189148;-0.052157;-2185.212158; 1165.421997;-592.687134;-0.223263;-1.486440;-0.156458;-2186.891602; 1269.035889;-590.416016;-0.503727;-1.189148;-0.026079;-2169.747070; 1420.995483;-576.098511; 0.000000; 0.000000; 0.000003;-2120.143799; 1491.489868;-552.875122; 3.495855;-2.093849; 3.935396;-2097.371582; 1579.005493;-538.122253; 0.767873; 0.069149; 8.573366;-2095.755615; 1761.697510;-523.223389; 0.000000;-0.000000; 0.000000;-1955.410889; 1623.559692;-512.886353;-2063.703369; 1642.287964;-615.741943;-2089.735596; 1628.605835;-445.146271; 1.820697; 6.363039; 6.930615; 2.478835; 21.037437; 11.460175; 1.069561; 1.376464;
62;0;1776780259416667;;-2134.843994; 879.855530;-581.440308;-2004.343628; 859.008362;-785.677795;-15.760613; 24.172596;-32.867477;-2031.067749; 1123.926392;-759.471924; 0.000000; 172.176453; 0.000000;-2052.184326; 1426.981445;-687.958191; 55.447384; 30.882065; 147.437286;-2193.843018; 852.220093;-359.922546; 7.971423; 12.427003;-23.606504;-2239.317871; 1115.538818;-373.256042; 0.000000; 155.878479; 0.000000;-2167.511475; 1414.703979;-425.662933; 13.971763;-8.137107; 172.500595;-2034.676514; 36.907658;-702.405518; 5.609164;-4.552907; 0.005124;-2159.367188; 96.810852;-699.520630; 5.609164;-4.552907; 0.005124;-2057.313477; 458.170959;-673.645203; 27.305632;-10.278442;-10.834101;-2137.328613; 861.815674;-669.378052; 17.607399;-7.830575; 34.986282;-2073.975342;-0.299171;-493.461090;-18.028543;-14.171935;-0.003541;-2163.233154; 84.943359;-556.000977;-18.028543; 14.171935; 0.003541;-2160.477783; 458.518097;-510.176422; 8.485238; 0.849879; 12.356077;-2201.662842; 867.857971;-500.464874; 4.937347; 5.891030;-27.696913;-2167.511475; 1414.703979;-425.662933;-17.211933; 69.757309; 34.216484;-2080.686768; 1452.129150;-590.364563; 1.159926; 2.463300;-15.212899;-1959.981323; 792.830200;-803.735291; 0.000000;-0.000000; 0.000000;-1958.713257; 10.648912;-704.700073; 0.000000;-0.000000; 0.000000;-2112.761719; 1447.899902;-508.547211; 0.931120; 1.913756; 8.507119;-2193.230957; 773.073059;-339.698639; 0.000000; 0.000000; 0.000000;-2017.201172;-42.170952;-454.878113; 0.000000; 0.000000; 0.000000;-2210.992920; 967.012146;-604.381714; 0.000000;-0.000000; 0.000000;-2176.545410; 1079.409912;-593.389954;-0.218814;-1.173410;-0.058658;-2180.993896; 1166.232422;-594.887756;-0.205878;-1.466769;-0.175956;-2182.471680; 1269.843994;-592.384644;-0.449280;-1.173410;-0.029329;-2165.186523; 1421.758057;-577.755737; 0.000000;-0.000000; 0.000000;-2115.419189; 1492.028564;-554.207031; 2.998632;-2.207767; 3.966582;-2091.921875; 1579.241699;-538.814026; 0.656313; 0.056271; 8.760415;-2088.416016; 1761.791870;-522.563416; 0.000000;-0.000000; 0.000000;-1949.483643; 1622.150513;-513.418640;-2057.693604; 1642.750366;-616.002808;-2083.673340; 1628.069580;-445.482178; 1.924679; 6.390865; 6.523387; 3.072369; 19.891602; 11.115532; 1.068838; 1.341792;
63;0;1776780259433333;;-2132.271973; 880.357483;-583.229065;-2003.448975; 860.036560;-790.855957;-13.787726; 23.112385;-34.126270;-2028.408203; 1124.989624;-763.298584; 0.000000; 171.929047; 0.000000;-2046.959595; 1427.545898;-689.015198; 54.608467; 30.153940; 146.778961;-2191.834229; 852.652588;-361.379883; 7.612531; 12.359841;-23.540209;-2236.047119; 1116.193604;-374.564789; 0.000000; 155.826645; 0.000000;-2162.521240; 1414.972412;-426.792175; 13.946891;-7.986754; 172.491806;-2049.141113; 36.166550;-705.529968; 5.569922;-4.687982; 0.003137;-2171.786865; 100.215240;-705.057007; 5.569922;-4.687982; 0.003137;-2058.492432; 457.865295;-674.785461; 28.457808;-11.026121;-11.020534;-2133.165771; 862.544800;-671.952515; 16.658220;-7.131976; 34.427345;-2075.933838;-0.759148;-494.956604;-17.951689;-14.165251;-0.002874;-2164.902832; 85.254791;-556.848267;-17.951689; 14.165251; 0.002874;-2158.939209; 458.641479;-509.812073; 8.987826; 0.538382; 12.500447;-2197.809814; 868.268494;-503.146393; 5.290223; 5.196752;-27.441761;-2162.521240; 1414.972412;-426.792175;-17.584806; 69.525612; 34.292835;-2075.669189; 1452.646362;-591.470154; 1.180437; 2.506685;-15.191427;-1962.351807; 792.290039;-810.732117; 0.000000;-0.000000; 0.000000;-1974.071411; 7.371954;-706.316589; 0.000000;-0.000000; 0.000000;-2107.976074; 1448.323364;-509.749023; 0.943013; 1.941777; 8.817514;-2191.076660; 773.489502;-341.223755; 0.000000; 0.000000; 0.000000;-2019.265503;-43.120464;-456.754242; 0.000000; 0.000000; 0.000000;-2206.732666; 967.721313;-606.813232; 0.000000;-0.000000; 0.000000;-2172.066895; 1080.016357;-595.463440;-0.214521;-1.164511;-0.068853;-2176.327637; 1166.851562;-596.762817;-0.185113;-1.455647;-0.206530;-2177.618652; 1270.460327;-594.050537;-0.388063;-1.164510;-0.034428;-2160.231934; 1422.335693;-579.143005;-0.000000;-0.000000; 0.000002;-2110.305420; 1492.392700;-555.296814; 2.472309;-2.189655; 4.035314;-2085.998047; 1579.307251;-539.478394; 0.537574; 0.078389; 8.861225;-2080.401123; 1761.725952;-522.360474; 0.000000;-0.000000; 0.000000;-1943.060913; 1620.469971;-513.995422;-2051.107910; 1642.790161;-616.391479;-2077.122559; 1627.591675;-445.921631; 1.961243; 6.386476; 6.109488; 3.573689; 18.674408; 10.822968; 1.067998; 1.295249;
64;0;1776780259450000;;-2129.413330; 880.649658;-584.879211;-2001.936768; 860.940796;-795.485474;-11.791924; 22.212984;-35.486557;-2025.365967; 1125.931519;-766.964478; 0.000000; 171.591675; 0.000000;-2041.391113; 1427.942505;-689.925537; 53.792385; 29.665546; 146.164764;-2189.328613; 852.955444;-363.042664; 7.325578; 12.356438;-23.316410;-2232.502197; 1116.690674;-375.781067; 0.000000; 155.671631; 0.000000;-2157.009766; 1415.033325;-427.694550; 13.958403;-7.755473; 172.534119;-2063.536377; 35.027916;-709.359436; 5.262843;-4.826154; 0.002280;-2183.718750; 103.567780;-711.077881; 5.262843;-4.826154; 0.002280;-2059.832031; 457.289764;-676.459351; 29.501106;-11.602584;-11.238534;-2128.789795; 862.985168;-674.064697; 15.750022;-6.614481; 33.844124;-2077.714844;-1.115829;-496.244324;-17.760033;-14.165634;-0.002150;-2166.480713; 85.438843;-557.672058;-17.760033; 14.165634; 0.002150;-2157.206543; 458.633911;-509.661469; 9.406915; 0.314878; 12.623451;-2193.648682; 868.515503;-505.334503; 5.545294; 4.645083;-27.203005;-2157.009766; 1415.033325;-427.694550;-17.996559; 69.324081; 34.391735;-2070.151367; 1452.906006;-592.360291; 1.169256; 2.482111;-15.104868;-1964.135498; 791.882080;-817.293579; 0.000000;-0.000000; 0.000000;-1989.582520; 3.473375;-708.769653; 0.000000;-0.000000; 0.000000;-2102.650146; 1448.519653;-510.718689; 0.960501; 1.980957; 9.091042;-2188.409668; 773.784424;-342.924561; 0.000000; 0.000000; 0.000000;-2021.113281;-43.822433;-458.328400; 0.000000; 0.000000; 0.000000;-2202.162354; 968.217346;-608.796326; 0.000000;-0.000000; 0.000000;-2167.212158; 1080.394653;-597.158508;-0.203920;-1.160717;-0.079299;-2171.250732; 1167.242676;-598.292847;-0.162543;-1.450907;-0.237869;-2172.318604; 1270.849243;-595.404053;-0.325850;-1.160716;-0.039651;-2154.779297; 1422.684082;-580.264648;-0.000000;-0.000000; 0.000000;-2104.671387; 1492.524414;-556.164795; 1.970547;-2.047161; 4.123534;-2079.498535; 1579.157104;-540.155273; 0.423934; 0.130080; 8.858811;-2071.706787; 1761.463379;-522.701782; 0.000000;-0.000000; 0.000000;-1936.079346; 1618.548218;-514.581360;-2043.836182; 1642.356201;-616.947937;-2070.054199; 1627.159302;-446.509003; 1.965131; 6.343256; 5.769524; 3.952353; 17.461182; 10.615288; 1.067980; 1.242635;
65;0;1776780259466667;;-2126.324219; 880.697876;-586.433105;-2000.044312; 861.539124;-799.638733;-9.861814; 21.458843;-36.948143;-2022.032349; 1126.589233;-770.528076; 0.000000; 171.178711; 0.000000;-2035.413696; 1428.033447;-690.811340; 53.025394; 29.478563; 145.637283;-2186.373291; 853.145569;-364.967743; 7.089333; 12.448374;-22.942999;-2228.687256; 1117.054688;-376.967010; 0.000000; 155.395279; 0.000000;-2150.843018; 1414.864014;-428.467712; 13.952071;-7.384972; 172.611023;-2077.128906; 33.747452;-713.639343; 4.830225;-4.963912; 0.002515;-2194.685303; 106.632111;-717.218079; 4.830225;-4.963912; 0.002515;-2061.269043; 456.473236;-678.788147; 30.397423;-11.956861;-11.492320;-2124.492920; 863.097412;-675.763489; 14.979493;-6.321567; 33.272163;-2078.919922;-1.223106;-497.172424;-17.413282;-14.173338;-0.001361;-2167.690674; 85.475220;-558.390076;-17.413282; 14.173338; 0.001361;-2155.313477; 458.500763;-509.765472; 9.714886; 0.177962; 12.715300;-2189.413574; 868.597717;-507.056152; 5.748123; 4.260426;-26.995098;-2150.843018; 1414.864014;-428.467712;-18.414068; 69.173759; 34.471329;-2064.026611; 1452.818359;-593.157288; 1.131922; 2.401596;-14.973071;-1965.541138; 791.395325;-823.366577; 0.000000;-0.000000; 0.000000;-2004.397461;-0.490715;-711.879639; 0.000000;-0.000000; 0.000000;-2096.634521; 1448.427734;-511.559357; 0.986258; 2.036561; 9.301201;-2185.268799; 773.985107;-344.817566; 0.000000; 0.000000; 0.000000;-2022.285645;-44.025131;-459.413330; 0.000000; 0.000000; 0.000000;-2197.492920; 968.502625;-610.356812; 0.000000;-0.000000; 0.000000;-2162.123047; 1080.527100;-598.516541;-0.185288;-1.160284;-0.087290;-2165.856689; 1167.390381;-599.523621;-0.140131;-1.450368;-0.261845;-2166.601074; 1270.995850;-596.498840;-0.270302;-1.160283;-0.043645;-2148.737305; 1422.776123;-581.193115; 0.000000;-0.000000;-0.000002;-2098.383789; 1492.380981;-556.924866; 1.569536;-1.837790; 4.187500;-2072.358643; 1578.761963;-540.918091; 0.332966; 0.191381; 8.744799;-2062.472412; 1760.974121;-523.542603; 0.000000;-0.000000; 0.000000;-1928.528320; 1616.495361;-515.154358;-2035.852173; 1641.503052;-617.689636;-2062.492676; 1626.698608;-447.281677; 1.972586; 6.262501; 5.565036; 4.199086; 16.319450; 10.515862; 1.069582; 1.190451;
66;0;1776780259483333;;-2123.167969; 880.517700;-587.957581;-1997.993652; 861.711548;-803.432251;-8.076378; 20.814903;-38.497715;-2018.600708; 1126.851807;-774.132751; 0.000000; 170.694366; 0.000000;-2029.135498; 1427.728760;-691.885864; 52.361233; 29.710217; 145.271286;-2183.020020; 853.282776;-367.189636; 6.877120; 12.637527;-22.459019;-2224.589111; 1117.354736;-378.166626; 0.000000; 154.989502; 0.000000;-2143.915039; 1414.483887;-429.239105; 13.894483;-6.799187; 172.694489;-2089.269531; 32.527161;-718.041931; 4.403168;-5.097185; 0.003430;-2204.357910; 109.170776;-723.030090; 4.403168;-5.097185; 0.003430;-2062.852051; 455.495819;-681.791687; 31.109921;-12.079090;-11.780604;-2120.719482; 862.901917;-677.176453; 14.438848;-6.263643; 32.745678;-2079.306152;-0.919510;-497.686676;-16.878677;-14.187380;-0.000569;-2168.435547; 85.390289;-558.932373;-16.878677; 14.187380; 0.000569;-2153.394287; 458.295135;-510.133362; 9.898296; 0.113329; 12.770821;-2185.399902; 868.566101;-508.382202; 5.952322; 4.049091;-26.827587;-2143.915039; 1414.483887;-429.239105;-18.799040; 69.093788; 34.483906;-2057.307617; 1452.345581;-594.061279; 1.077371; 2.284353;-14.811036;-1966.749390; 790.667786;-828.931458; 0.000000;-0.000000; 0.000000;-2017.710083;-4.044437;-715.400574; 0.000000;-0.000000; 0.000000;-2089.860107; 1448.031982;-512.437134; 1.021588; 2.111109; 9.430872;-2181.692383; 774.151855;-346.936951; 0.000000; 0.000000; 0.000000;-2022.462524;-43.481426;-459.970734; 0.000000; 0.000000; 0.000000;-2193.052246; 968.634521;-611.557068; 0.000000;-0.000000; 0.000000;-2157.054932; 1080.449829;-599.630859;-0.157316;-1.161913;-0.091070;-2160.354248; 1167.331665;-600.546997;-0.119935;-1.452405;-0.273169;-2160.611084; 1270.936768;-597.429199;-0.228899;-1.161912;-0.045532;-2142.127197; 1422.634521;-582.040894; 0.000000;-0.000000;-0.000002;-2091.411133; 1491.967651;-557.749878; 1.341784;-1.652033; 4.170843;-2064.622559; 1578.135132;-541.851929; 0.281376; 0.233893; 8.520028;-2052.964355; 1760.265015;-524.714294; 0.000000;-0.000000; 0.000000;-1920.496582; 1614.467163;-515.728699;-2027.270264; 1640.393677;-618.609497;-2054.546387; 1626.110229;-448.257629; 2.005255; 6.150712; 5.518960; 4.323592; 15.305428; 10.535225; 1.073223; 1.144025;
67;0;1776780259500000;;-2120.121582; 880.187805;-589.519104;-1995.982910; 861.434448;-806.984131;-6.491016; 20.248798;-40.101830;-2015.296509; 1126.698486;-777.923950; 0.000000; 170.143280; 0.000000;-2022.766968; 1427.027100;-693.370056; 51.851086; 30.441048; 145.135498;-2179.325928; 853.448486;-369.708435; 6.668518; 12.897114;-21.931858;-2220.184326; 1117.680664;-379.426178; 0.000000; 154.472107; 0.000000;-2136.225098; 1413.958862;-430.146179; 13.765058;-5.950742; 172.752991;-2099.366455; 31.507637;-722.217896; 4.076077;-5.221022; 0.004399;-2212.455811; 111.012115;-728.076050; 4.076077;-5.221022; 0.004399;-2064.610596; 454.497284;-685.352722; 31.613098;-12.000700;-12.090766;-2117.888672; 862.496948;-678.470642; 14.192904;-6.417354; 32.290699;-2078.675781;-0.035072;-497.771301;-16.143976;-14.205704; 0.000106;-2168.636475; 85.267731;-559.212158;-16.143976; 14.205704;-0.000106;-2151.549805; 458.125183;-510.725769; 9.959771; 0.099677; 12.790230;-2181.868164; 868.525879;-509.422180; 6.207037; 3.997054;-26.704481;-2136.225098; 1413.958862;-430.146179;-19.104891; 69.099861; 34.391563;-2050.127197; 1451.523682;-595.285156; 1.014733; 2.149994;-14.635912;-1967.901855; 789.628662;-833.984497; 0.000000;-0.000000; 0.000000;-2028.768921;-6.847610;-719.044250; 0.000000;-0.000000; 0.000000;-2082.385010; 1447.376953;-513.535522; 1.066227; 2.204007; 9.478643;-2177.740479; 774.358032;-349.316772; 0.000000; 0.000000; 0.000000;-2021.381714;-41.967289;-460.031647; 0.000000; 0.000000; 0.000000;-2189.172852; 968.721191;-612.499023; 0.000000;-0.000000; 0.000000;-2152.303955; 1080.259033;-600.637024;-0.124983;-1.164835;-0.090485;-2155.011963; 1167.161987;-601.494324;-0.105591;-1.456059;-0.271419;-2154.573975; 1270.764893;-598.323730;-0.209038;-1.164834;-0.045241;-2135.082764; 1422.337402;-582.944214;-0.000000;-0.000000; 0.000000;-2083.841553; 1491.343018;-558.822998; 1.326736;-1.574748; 4.026356;-2056.422363; 1577.332520;-543.037415; 0.278339; 0.232651; 8.192529;-2043.449707; 1759.384155;-526.013123; 0.000000;-0.000000; 0.000000;-1912.134644; 1612.590576;-516.341370;-2018.275513; 1639.234131;-619.692749;-2046.373779; 1625.315796;-449.444366; 2.063268; 6.016758; 5.610945; 4.348795; 14.460396; 10.670746; 1.078819; 1.106379;
68;0;1776780259516667;;-2117.220947; 879.812561;-591.160889;-1994.073120; 860.779419;-810.365295;-5.130703; 19.744471;-41.700687;-2012.189453; 1126.197632;-781.949463; 0.000000; 169.540436; 0.000000;-2016.424194; 1426.010498;-695.365417; 51.513252; 31.619179; 145.246613;-2175.321045; 853.693359;-372.476898; 6.454288; 13.179718;-21.443943;-2215.419922; 1118.089233;-380.808441; 0.000000; 153.889923; 0.000000;-2127.860840; 1413.364746;-431.288391; 13.536670;-4.855399; 172.759613;-2106.976074; 30.770294;-725.942322; 3.897566;-5.329708; 0.004916;-2218.736328; 112.111389;-732.085693; 3.897566;-5.329708; 0.004916;-2066.419434; 453.625397;-689.268311; 31.905651;-11.781774;-12.397759;-2116.126953; 862.023621;-679.796387; 14.253635;-6.730332; 31.922583;-2076.847168; 1.537292;-497.469604;-15.220766;-14.225910; 0.000666;-2168.151855; 85.204193;-559.176819;-15.220766; 14.225910;-0.000666;-2149.710693; 458.098480;-511.476166; 9.919603; 0.116414; 12.779179;-2178.857422; 868.584473;-510.300232; 6.542098; 4.068912;-26.624754;-2127.860840; 1413.364746;-431.288391;-19.285311; 69.203461; 34.165661;-2042.620850; 1450.443359;-596.947571; 0.950763; 2.013113;-14.476308;-1968.986816; 788.309143;-838.514465; 0.000000;-0.000000; 0.000000;-2037.021973;-8.733631;-722.614746; 0.000000;-0.000000; 0.000000;-2074.324219; 1446.540405;-514.969360; 1.118022; 2.310787; 9.451383;-2173.477783; 774.640320;-351.962067; 0.000000; 0.000000; 0.000000;-2018.839111;-39.370602;-459.696411; 0.000000; 0.000000; 0.000000;-2185.969238; 968.875183;-613.297791; 0.000000;-0.000000; 0.000000;-2148.006836; 1080.069824;-601.665100;-0.097476;-1.168767;-0.088584;-2149.973145; 1166.993042;-602.487793;-0.101050;-1.460973;-0.265721;-2148.632568; 1270.587524;-599.295959;-0.215387;-1.168766;-0.044290;-2127.732422; 1421.981201;-584.005493; 0.000000;-0.000000; 0.000002;-2075.792725; 1490.590454;-560.250488; 1.518001;-1.644782; 3.737710;-2047.876709; 1576.427856;-544.507690; 0.322596; 0.177764; 7.776883;-2034.052856; 1758.398804;-527.290955; 0.000000;-0.000000; 0.000000;-1903.553833; 1610.920288;-517.013672;-2008.998535; 1638.180542;-620.915344;-2038.082520; 1624.297729;-450.829620; 2.131756; 5.869556; 5.793492; 4.303932; 13.810745; 10.906754; 1.085899; 1.078129;
69;0;1776780259533333;;-2114.338379; 879.473511;-592.895325;-1992.101807; 859.873291;-813.542725;-3.993832; 19.302336;-43.211399;-2009.090942; 1125.467773;-786.093811; 0.000000; 168.913620; 0.000000;-2010.039307; 1424.803101;-697.776367; 51.338684; 33.055328; 145.562958;-2170.984619; 854.002991;-375.402130; 6.228003; 13.429133;-21.073088;-2210.231689; 1118.566284;-382.362793; 0.000000; 153.298447; 0.000000;-2118.948242; 1412.742920;-432.661133; 13.174947;-3.583317; 172.698303;-2112.033447; 30.357590;-729.254822; 3.873811;-5.417762; 0.004787;-2223.159668; 112.585815;-735.081909; 3.873811;-5.417762; 0.004787;-2068.054932; 452.979309;-693.363953; 32.015694;-11.491511;-12.670864;-2115.204102; 861.611145;-681.255188; 14.571819;-7.130908; 31.647989;-2073.836182; 3.766441;-496.945984;-14.135538;-14.246010; 0.001088;-2166.936768; 85.250305;-558.890625;-14.135538; 14.246010;-0.001088;-2147.696777; 458.250397;-512.346558; 9.813066; 0.150641; 12.747979;-2176.141357; 868.785522;-511.130829; 6.959162; 4.209545;-26.583162;-2118.948242; 1412.742920;-432.661133;-19.311913; 69.408562; 33.781250;-2034.856323; 1449.209229;-598.994934; 0.889615; 1.882847;-14.378166;-1969.750854; 786.812622;-842.460022; 0.000000;-0.000000; 0.000000;-2042.385376;-9.701817;-726.156372; 0.000000;-0.000000; 0.000000;-2065.782227; 1445.589600;-516.707397; 1.172219; 2.421551; 9.354240;-2168.926270; 774.968140;-354.837677; 0.000000; 0.000000; 0.000000;-2014.881958;-35.776497;-459.184052; 0.000000; 0.000000; 0.000000;-2183.268555; 969.161865;-614.043884; 0.000000;-0.000000; 0.000000;-2144.058105; 1079.961060;-602.783508;-0.081401;-1.173533;-0.090795;-2145.171387; 1166.899658;-603.578247;-0.107919;-1.466931;-0.272353;-2142.764404; 1270.474609;-600.376953;-0.246946;-1.173532;-0.045397;-2120.128418; 1421.632080;-585.220825; 0.000000;-0.000000; 0.000002;-2067.349854; 1489.777466;-561.985107; 1.872385;-1.841301; 3.329441;-2039.041992; 1575.478271;-546.197449; 0.404402; 0.078197; 7.298056;-2024.737549; 1757.362915;-528.468079; 0.000000;-0.000000; 0.000000;-1894.780151; 1609.438965;-517.737610;-1999.496460; 1637.282959;-622.219666;-2029.669067; 1623.097534;-452.348694; 2.192049; 5.715151; 6.013988; 4.217097; 13.366760; 11.219757; 1.093900; 1.058194;
70;0;1776780259550000;;-2111.302734; 879.206604;-594.738770;-1989.758789; 858.842285;-816.383301;-3.065400; 18.928026;-44.542751;-2005.653809; 1124.625488;-790.131836; 0.000000; 168.295547; 0.000000;-2003.453369; 1423.526978;-700.379272; 51.322773; 34.507282; 146.019287;-2166.300049; 854.322632;-378.381439; 5.976388; 13.594030;-20.876926;-2204.617676; 1119.052002;-384.096191; 0.000000; 152.734909; 0.000000;-2109.631836; 1412.093628;-434.164154; 12.659230;-2.215220; 172.562744;-2114.872070; 30.284225;-732.414246; 3.975954;-5.482027; 0.004280;-2225.925781; 112.668884;-737.343994; 3.975954;-5.482027; 0.004280;-2069.312988; 452.606445;-697.588867; 31.991571;-11.186639;-12.887598;-2114.708252; 861.353760;-682.940125; 15.058342;-7.541564; 31.466835;-2070.005371; 6.474640;-496.453644;-12.923879;-14.264592; 0.001400;-2165.211670; 85.389038;-558.524048;-12.923879; 14.264592;-0.001400;-2145.388428; 458.529938;-513.374390; 9.680710; 0.200605; 12.708572;-2173.382812; 869.095642;-512.046936; 7.436753; 4.349327;-26.571541;-2109.631836; 1412.093628;-434.164154;-19.189926; 69.703087; 33.219746;-2026.874512; 1447.912109;-601.252441; 0.834993; 1.767368;-14.402147;-1969.781372; 785.255737;-845.701538; 0.000000;-0.000000; 0.000000;-2045.256104;-9.872112;-729.906799; 0.000000;-0.000000; 0.000000;-2056.863281; 1444.561157;-518.607361; 1.220647; 2.519336; 9.192163;-2164.086914; 775.271790;-357.894653; 0.000000; 0.000000; 0.000000;-2009.946289;-31.466370;-458.789337; 0.000000; 0.000000; 0.000000;-2180.757080; 969.591248;-614.826111; 0.000000;-0.000000; 0.000000;-2140.231201; 1079.961670;-604.021484;-0.079597;-1.178551;-0.101505;-2140.435303; 1166.907593;-604.763428;-0.125405;-1.473208;-0.304478;-2136.867920; 1270.447998;-601.528992;-0.298405;-1.178550;-0.050752;-2112.293213; 1421.314575;-586.494751; 0.000000; 0.000000; 0.000002;-2058.590576; 1488.939331;-563.863098; 2.328411;-2.106879; 2.855913;-2029.949463; 1574.508545;-547.963196; 0.509717;-0.045276; 6.792955;-2015.388184; 1756.298706;-529.490845; 0.000000;-0.000000; 0.000000;-1885.793945; 1608.074707;-518.514099;-1989.823486; 1636.506470;-623.522400;-2021.046265; 1621.770264;-453.888275; 2.233269; 5.551144; 6.235205; 4.107610; 13.117004; 11.586487; 1.102525; 1.045003;
71;0;1776780259566667;;-2108.000488; 879.017029;-596.745850;-1986.692871; 857.765991;-818.706604;-2.334385; 18.621332;-45.617050;-2001.543823; 1123.743652;-793.850891; 0.000000; 167.712692; 0.000000;-1996.572266; 1422.276123;-702.987549; 51.501301; 35.805248; 146.582184;-2161.307373; 854.599976;-381.342133; 5.685833; 13.641695;-20.884163;-2198.631836; 1119.492432;-385.964874; 0.000000; 152.213425; 0.000000;-2100.021484; 1411.394775;-435.678864; 12.016742;-0.794119; 172.350342;-2115.991699; 30.525673;-735.694946; 4.151803;-5.523472; 0.003954;-2227.329590; 112.598633;-739.216492; 4.151803;-5.523472; 0.003954;-2070.070068; 452.527344;-702.021301; 31.883911;-10.897497;-13.046738;-2114.272461; 861.312744;-684.982788; 15.620254;-7.891589; 31.371216;-2065.968018; 9.381454;-496.230499;-11.637802;-14.280555; 0.001653;-2163.417725; 85.554779;-558.243896;-11.637802; 14.280555;-0.001653;-2142.804688; 458.838898;-514.658569; 9.556130; 0.273172; 12.671092;-2170.297119; 869.438171;-513.220398; 7.944462; 4.414976;-26.580828;-2100.021484; 1411.394775;-435.678864;-18.963036; 70.054413; 32.479279;-2018.751099; 1446.625488;-603.566650; 0.792887; 1.679610;-14.609591;-1968.621094; 783.711975;-848.084351; 0.000000;-0.000000; 0.000000;-2046.235596;-9.433239;-734.091370; 0.000000;-0.000000; 0.000000;-2047.680420; 1443.469360;-520.537170; 1.252793; 2.582577; 8.980333;-2158.995850; 775.489502;-361.097992; 0.000000; 0.000000; 0.000000;-2004.732544;-26.857197;-458.784698; 0.000000; 0.000000; 0.000000;-2178.165039; 970.139893;-615.760925; 0.000000;-0.000000; 0.000000;-2136.337402; 1080.068604;-605.424866;-0.093270;-1.182839;-0.121052;-2135.629395; 1167.012817;-606.049561;-0.151534;-1.478574;-0.363100;-2130.875977; 1270.502319;-602.713806;-0.362900;-1.182837;-0.060522;-2104.281982; 1421.030640;-587.725952; 0.000000; 0.000000; 0.000000;-2049.616943; 1488.090698;-565.726990; 2.819483;-2.388492; 2.373112;-2020.645142; 1573.518066;-549.664978; 0.623330;-0.172959; 6.301988;-2005.881836; 1755.197144;-530.281982; 0.000000;-0.000000; 0.000000;-1876.573364; 1606.716675;-519.400391;-1980.075317; 1635.801514;-624.750854;-2012.098999; 1620.328735;-455.331787; 2.258108; 5.363374; 6.442234; 3.983248; 13.022316; 11.987396; 1.111879; 1.037467;
72;0;1776780259583333;;-2104.422852; 878.883484;-598.990417;-1982.666138; 856.642700;-820.357300;-1.798890; 18.374945;-46.390072;-1996.610352; 1122.816650;-797.130981; 0.000000; 167.184753; 0.000000;-1989.482910; 1421.092041;-705.569946; 51.961166; 36.938866; 147.288132;-2156.097168; 854.798828;-384.259521; 5.360378; 13.567352;-21.092098;-2192.316406; 1119.860107;-387.887817; 0.000000; 151.737183; 0.000000;-2090.145996; 1410.614380;-437.138519; 11.337590; 0.698257; 172.058655;-2115.819336; 31.000557;-739.195374; 4.343419;-5.547643; 0.004163;-2227.613037; 112.509583;-740.908020; 4.343419;-5.547643; 0.004163;-2070.307129; 452.737701;-706.771667; 31.730038;-10.630238;-13.172038;-2113.723145; 861.509155;-687.520935; 16.188782;-8.126972; 31.342741;-2062.329346; 12.157715;-496.440247;-10.355522;-14.292931; 0.001790;-2162.009277; 85.666260;-558.123901;-10.355522; 14.292931;-0.001790;-2140.058105; 459.074707;-516.292236; 9.458278; 0.375910; 12.641556;-2166.730469; 869.727905;-514.807861; 8.454573; 4.348224;-26.604214;-2090.145996; 1410.614380;-437.138519;-18.698462; 70.421982; 31.578817;-2010.624512; 1445.396606;-605.912354; 0.772707; 1.639599;-15.040893;-1965.950562; 782.170349;-849.479309; 0.000000;-0.000000; 0.000000;-2045.843628;-8.602535;-738.741089; 0.000000;-0.000000; 0.000000;-2038.347168; 1442.313110;-522.469482; 1.259205; 2.592264; 8.747263;-2153.747559; 775.583740;-364.433044; 0.000000; 0.000000; 0.000000;-1999.917480;-22.433372;-459.380402; 0.000000; 0.000000; 0.000000;-2175.373535; 970.765564;-616.954773; 0.000000;-0.000000; 0.000000;-2132.312500; 1080.257446;-607.055725;-0.122867;-1.185410;-0.145205;-2130.729004; 1167.191406;-607.465942;-0.183830;-1.481801;-0.435559;-2124.814209; 1270.614258;-603.925232;-0.433576;-1.185408;-0.072602;-2096.208496; 1420.766846;-588.872803; 0.000001; 0.000000;-0.000002;-2040.561768; 1487.227661;-567.526367; 3.282270;-2.665884; 1.910290;-2011.203857; 1572.481201;-551.243286; 0.730964;-0.296072; 5.851441;-1996.129883; 1754.011597;-530.739258; 0.000000;-0.000000; 0.000000;-1867.125000; 1605.220703;-520.516052;-1970.377319; 1635.137695;-625.878357;-2002.742065; 1618.706665;-456.614349; 2.275635; 5.134158; 6.632233; 3.844456; 13.016251; 12.404678; 1.122181; 1.035199;
73;0;1776780259600000;;-2100.628906; 878.752625;-601.507019;-1977.720581; 855.383667;-821.267273;-1.453497; 18.180426;-46.858711;-1990.962280; 1121.753174;-799.949402; 0.000000; 166.730988; 0.000000;-1982.411499; 1419.945557;-708.239502; 52.802452; 38.040417; 148.225754;-2150.754395; 854.889526;-387.157379; 5.029077; 13.393530;-21.472052;-2185.656006; 1120.139282;-389.795929; 0.000000; 151.306564; 0.000000;-2079.939697; 1409.706543;-438.553955; 10.737254; 2.324176; 171.686493;-2114.619629; 31.577263;-742.784912; 4.507595;-5.563195; 0.004854;-2226.928223; 112.392487;-742.420959; 4.507595;-5.563195; 0.004854;-2070.111816; 453.184875;-711.846741; 31.547060;-10.381660;-13.304673;-2113.085693; 861.904358;-690.603271; 16.728598;-8.216550; 31.351101;-2059.449463; 14.488930;-497.171143;-9.171820;-14.301260; 0.002023;-2161.245361; 85.650970;-558.146851;-9.171820; 14.301260;-0.002023;-2137.258545; 459.151917;-518.306091; 9.389647; 0.511172; 12.619446;-2162.650635; 869.886414;-516.859985; 8.946275; 4.127751;-26.641094;-2079.939697; 1409.706543;-438.553955;-18.458073; 70.781120; 30.544466;-2002.637939; 1444.223145;-608.385620; 0.784121; 1.667897;-15.697266;-1961.806519; 780.530029;-849.855896; 0.000000;-0.000000; 0.000000;-2044.402466;-7.589100;-743.647949; 0.000000;-0.000000; 0.000000;-2028.931885; 1441.067017;-524.484314; 1.234928; 2.538857; 8.521796;-2148.459229; 775.532227;-367.901367; 0.000000; 0.000000; 0.000000;-1995.905640;-18.658665;-460.720795; 0.000000; 0.000000; 0.000000;-2172.397461; 971.404785;-618.429321; 0.000000;-0.000000; 0.000000;-2128.189941; 1080.475098;-608.939453;-0.167123;-1.185945;-0.167733;-2125.783203; 1167.391113;-609.028564;-0.219337;-1.482483;-0.503135;-2118.753906; 1270.732910;-605.171326;-0.503796;-1.185941;-0.083866;-2088.185547; 1420.481934;-589.958313;-0.000000;-0.000000; 0.000000;-2031.532349; 1486.315063;-569.326111; 3.663101;-2.950156; 1.458536;-2001.677856; 1571.336914;-552.737122; 0.820768;-0.417714; 5.435456;-1986.037354; 1752.650269;-530.787292; 0.000000;-0.000000; 0.000000;-1857.456055; 1603.403320;-521.970642;-1960.781494; 1634.475952;-626.925964;-1992.934448; 1616.769043;-457.750275; 2.288414; 4.856074; 6.795494; 3.690562; 13.014816; 12.823883; 1.133223; 1.037960;
74;0;1776780259616667;;-2096.668701; 878.527649;-604.258362;-1972.108643; 853.865234;-821.462463;-1.276117; 18.034645;-47.054508;-1984.845947; 1120.426270;-802.346436; 0.000000; 166.364792; 0.000000;-1975.557861; 1418.751221;-711.141235; 54.076973; 39.281139; 149.468979;-2145.294922; 854.820923;-390.089691; 4.727875; 13.159090;-21.978447;-2178.599609; 1120.284058;-391.692566; 0.000000; 150.918884; 0.000000;-2069.305176; 1408.596191;-439.996796; 10.289701; 4.136641; 171.236267;-2112.566895; 32.098320;-746.182922; 4.631286;-5.579587; 0.005699;-2225.406738; 112.130615;-743.634399; 4.631286;-5.579587; 0.005699;-2069.631592; 453.736389;-717.078918; 31.337372;-10.153107;-13.488521;-2112.444824; 862.380737;-694.133667; 17.226629;-8.151317; 31.358086;-2057.344238; 16.144859;-498.419250;-8.162478;-14.306434; 0.002604;-2161.081787; 85.440552;-558.261597;-8.162478; 14.306434;-0.002604;-2134.430176; 458.994537;-520.676086; 9.338767; 0.679866; 12.595345;-2158.086670; 869.832825;-519.295410; 9.405252; 3.779536;-26.699793;-2069.305176; 1408.596191;-439.996796;-18.273895; 71.136154; 29.388369;-1994.850342; 1443.037598;-611.104858; 0.829496; 1.769624;-16.538490;-1956.520996; 778.658752;-849.294922; 0.000000;-0.000000; 0.000000;-2042.108643;-6.576694;-748.437500; 0.000000;-0.000000; 0.000000;-2019.430176; 1439.667725;-526.693726; 1.181711; 2.426332; 8.314099;-2143.184814; 775.298401;-371.506104; 0.000000; 0.000000; 0.000000;-1992.739258;-15.861393;-462.824219; 0.000000; 0.000000; 0.000000;-2169.274658; 971.958679;-620.104370; 0.000000;-0.000000; 0.000000;-2123.991943; 1080.622803;-611.033447;-0.221062;-1.185592;-0.183576;-2120.808350; 1167.513184;-610.713257;-0.253895;-1.482052;-0.550657;-2112.710938; 1270.760742;-606.451050;-0.565655;-1.185588;-0.091786;-2080.244385; 1420.088989;-591.035583;-0.000001; 0.000000; 0.000002;-2022.550903; 1485.270630;-571.234558; 3.915590;-3.257834; 0.984900;-1992.035889; 1569.977173;-554.239258; 0.882557;-0.545099; 5.012666;-1975.427490; 1750.970581;-530.437805; 0.000000;-0.000000; 0.000000;-1847.529297; 1601.026855;-523.767883;-1951.158203; 1633.704834;-627.933472;-1982.661865; 1614.355835;-458.815491; 2.288671; 4.535960; 6.907681; 3.516414; 12.933167; 13.244118; 1.143941; 1.044742;
75;0;1776780259633333;;-2092.508301; 878.051086;-607.162903;-1966.007935; 851.972290;-821.011597;-1.227633; 17.943605;-47.030128;-1978.389404; 1118.717041;-804.385681; 0.000000; 166.079788; 0.000000;-1968.900269; 1417.386108;-714.334595; 55.744999; 40.758236; 151.013000;-2139.650391; 854.476501;-393.109375; 4.465114; 12.902824;-22.556395;-2171.110840; 1120.168823;-393.677673; 0.000000; 150.564911; 0.000000;-2058.176758; 1407.144775;-441.564880; 9.980185; 6.132082; 170.714203;-2109.942139; 32.392265;-749.115112; 4.734990;-5.604925; 0.006318;-2223.314453; 111.572540;-744.459351; 4.734990;-5.604925; 0.006318;-2069.015137; 454.153717;-722.199768; 31.104088;-9.953131;-13.755546;-2111.762939; 862.727966;-697.922729; 17.668861;-7.939511; 31.327496;-2055.790527; 16.997772;-500.064758;-7.346206;-14.310338; 0.003791;-2161.251465; 84.929230;-558.441101;-7.346206; 14.310338;-0.003791;-2131.485107; 458.493256;-523.377075; 9.288781; 0.890023; 12.549653;-2153.038574; 869.447205;-521.973022; 9.821243; 3.363878;-26.797785;-2058.176758; 1407.144775;-441.564880;-18.145773; 71.508766; 28.099007;-1987.151611; 1441.691162;-614.107544; 0.897355; 1.920325;-17.497940;-1950.390625; 776.439697;-847.929260; 0.000000;-0.000000; 0.000000;-2039.250000;-5.749775;-752.722900; 0.000000;-0.000000; 0.000000;-2009.745239; 1437.988281;-529.157043; 1.108654; 2.273335; 8.104959;-2137.851562; 774.785034;-375.230194; 0.000000; 0.000000; 0.000000;-1990.221802;-14.180780;-465.512756; 0.000000; 0.000000; 0.000000;-2165.932129; 972.266907;-621.868774; 0.000000;-0.000000; 0.000000;-2119.612061; 1080.530884;-613.262512;-0.275704;-1.187488;-0.191669;-2115.677979; 1167.387695;-612.480652;-0.282233;-1.484426;-0.574938;-2106.547852; 1270.529297;-607.762756;-0.609892;-1.187483;-0.095836;-2072.263916; 1419.430664;-592.154053; 0.000002;-0.000000; 0.000000;-2013.505127; 1483.942993;-573.317200; 4.003172;-3.580931; 0.463564;-1982.119873; 1568.232056;-555.838074; 0.908037;-0.679114; 4.523836;-1964.005371; 1748.777832;-529.837646; 0.000000;-0.000000; 0.000000;-1837.215942; 1597.802490;-525.785156;-1941.165039; 1632.582031;-628.946289;-1971.883667; 1611.321655;-459.913422; 2.268226; 4.185679; 6.941362; 3.308905; 12.702904; 13.690506; 1.152611; 1.053314;
76;0;1776780259650000;;-2088.001953; 877.082397;-610.139160;-1959.318481; 849.571411;-819.957336;-1.262163; 17.922970;-46.848206;-1971.409424; 1116.488037;-806.108521; 0.000000; 165.845551; 0.000000;-1962.054932; 1415.661987;-717.734985; 57.667000; 42.427807; 152.753952;-2133.789307; 853.652344;-396.247986; 4.199493; 12.648325;-23.146423;-2163.234131; 1119.575928;-395.905029; 0.000000; 150.224762; 0.000000;-2046.511475; 1405.108398;-443.334320; 9.705011; 8.248890; 170.134125;-2107.315918; 32.256813;-751.413208; 4.863414;-5.644769; 0.006546;-2221.191406; 110.581604;-744.925293; 4.863414;-5.644769; 0.006546;-2068.381836; 454.081696;-726.967773; 30.864861;-9.790641;-14.117743;-2110.770264; 862.638428;-701.782898; 18.024841;-7.603926; 31.236511;-2054.630127; 16.971893;-501.887421;-6.671920;-14.314405; 0.005493;-2161.541016; 83.942474;-558.715942;-6.671920; 14.314405;-0.005493;-2128.300293; 457.461823;-526.406311; 9.232560; 1.158316; 12.456208;-2147.419189; 868.535400;-524.782288; 10.183694; 2.948483;-26.958515;-2046.511475; 1405.108398;-443.334320;-18.064497; 71.911087; 26.654678;-1979.193848; 1439.922729;-617.301025; 0.963264; 2.067442;-18.504927;-1943.430908; 773.742126;-845.863647; 0.000000;-0.000000; 0.000000;-2036.409180;-5.351795;-756.213196; 0.000000;-0.000000; 0.000000;-1999.648926; 1435.796387;-531.829834; 1.030257; 2.109189; 7.851399;-2132.364014; 773.806152;-379.037689; 0.000000; 0.000000; 0.000000;-1988.234253;-13.630650;-468.416931; 0.000000; 0.000000; 0.000000;-2162.114502; 972.087402;-623.667664; 0.000000;-0.000000; 0.000000;-2114.755127; 1079.940674;-615.576721;-0.320560;-1.196462;-0.195493;-2110.070068; 1166.754517;-614.318420;-0.299903;-1.495647;-0.586409;-2099.925781; 1269.778442;-609.125977;-0.629763;-1.196457;-0.097747;-2063.916260; 1418.253296;-593.340149;-0.000001; 0.000000; 0.000001;-2004.097290; 1482.083496;-575.544983; 3.922511;-3.875073;-0.098788;-1971.623169; 1565.855469;-557.575928; 0.895778;-0.809078; 3.921488;-1951.414917; 1745.831299;-529.269287; 0.000000;-0.000000; 0.000000;-1826.266602; 1593.445679;-527.827148;-1930.306885; 1630.724365;-630.019104;-1960.471313; 1607.549805;-461.138092; 2.233707; 3.813722; 6.887292; 3.051783; 12.285721; 14.212761; 1.157570; 1.060867;
77;0;1776780259666667;;-2082.992188; 875.322937;-613.124634;-1951.696289; 846.476196;-818.255371;-1.341648; 17.995190;-46.575115;-1963.477539; 1113.549072;-807.496521; 0.000000; 165.617813; 0.000000;-1954.410889; 1413.322144;-721.146484; 59.648685; 44.123806; 154.530426;-2127.841309; 852.102783;-399.493896; 3.851946; 12.397205;-23.686880;-2155.152344; 1118.252319;-398.471741; 0.000000; 149.865250; 0.000000;-2034.313477; 1402.164795;-445.313110; 9.335744; 10.401888; 169.520386;-2105.520264; 31.457535;-753.014587; 5.068775;-5.701948; 0.006353;-2219.813721; 109.043427;-745.147705; 5.068775;-5.701948; 0.006353;-2067.842041; 453.102905;-731.245483; 30.653589;-9.666705;-14.566639;-2109.068848; 861.748718;-705.581970; 18.255043;-7.183618; 31.080975;-2054.058594; 16.007736;-503.653656;-6.032484;-14.318808; 0.007407;-2162.079102; 82.269440;-559.200134;-6.032484; 14.318808;-0.007407;-2124.868164; 455.651306;-529.756714; 9.187489; 1.500977; 12.288332;-2141.133789; 866.845581;-527.669189; 10.477040; 2.588029;-27.206825;-2034.313477; 1402.164795;-445.313110;-18.040131; 72.324638; 25.058680;-1970.512573; 1437.386475;-620.493835; 0.998323; 2.148247;-19.505655;-1935.376953; 770.383606;-843.099609; 0.000000;-0.000000; 0.000000;-2034.439941;-5.691853;-758.734131; 0.000000;-0.000000; 0.000000;-1988.869751; 1432.774658;-534.572327; 0.961587; 1.964334; 7.509936;-2126.741211; 772.125977;-382.876556; 0.000000; 0.000000; 0.000000;-1987.020264;-14.177076;-471.096985; 0.000000; 0.000000; 0.000000;-2157.499268; 971.122681;-625.524963; 0.000000;-0.000000; 0.000000;-2109.062988; 1078.535645;-617.970093;-0.347090;-1.217911;-0.200174;-2103.599365; 1165.296143;-616.250122;-0.305098;-1.522463;-0.600444;-2092.440186; 1268.189941;-610.579895;-0.624660;-1.217906;-0.100086;-2054.793213; 1416.236206;-594.590149; 0.000000;-0.000000; 0.000000;-1993.957520; 1479.374390;-577.801208; 3.717458;-4.076217;-0.661924;-1960.225952; 1562.560181;-559.429871; 0.854484;-0.916621; 3.195298;-1937.443359; 1741.888916;-529.047546; 0.000000;-0.000000; 0.000000;-1814.432373; 1587.767578;-529.705078;-1918.169189; 1627.700562;-631.200317;-1948.278198; 1602.949707;-462.533173; 2.209391; 3.429540; 6.766194; 2.741312; 11.681435; 14.869263; 1.157963; 1.065546;
78;0;1776780259683333;;-2077.463379; 872.489624;-616.050476;-1942.756104; 842.467773;-815.784668;-1.446108; 18.182756;-46.276772;-1954.200317; 1109.672485;-808.493225; 0.000000; 165.350525; 0.000000;-1945.506836; 1410.085938;-724.358459; 61.521057; 45.656254; 156.195908;-2122.066162; 849.616333;-402.770020; 3.342725; 12.136076;-24.117146;-2147.180420; 1115.980103;-401.319031; 0.000000; 149.439468; 0.000000;-2021.714478; 1397.998291;-447.433044; 8.809482; 12.520078; 168.899384;-2105.325684; 29.778305;-753.930664; 5.397873;-5.777004; 0.005838;-2219.910645; 106.845459;-745.247253; 5.397873;-5.777004; 0.005838;-2067.508789; 450.842621;-734.988647; 30.508673;-9.574380;-15.078889;-2106.383301; 859.711914;-709.214050; 18.336803;-6.737341; 30.871212;-2054.626709; 14.091209;-505.200500;-5.293338;-14.322918; 0.009176;-2163.368164; 79.744049;-560.059326;-5.293338; 14.322918;-0.009176;-2121.362549; 452.821777;-533.336670; 9.201440; 1.919961; 12.024902;-2134.227539; 864.132507;-530.574036; 10.680815; 2.319329;-27.564943;-2021.714478; 1397.998291;-447.433044;-18.107986; 72.703125; 23.368063;-1960.825806; 1433.737061;-623.485962; 0.978920; 2.111127;-20.476732;-1925.865967; 766.150879;-839.535400; 0.000000;-0.000000; 0.000000;-2034.127319;-7.050156;-760.228210; 0.000000;-0.000000; 0.000000;-1977.307617; 1428.602051;-537.214661; 0.913260; 1.860239; 7.062953;-2121.105957; 769.533630;-386.661926; 0.000000; 0.000000; 0.000000;-1987.166992;-15.740707;-473.193604; 0.000000; 0.000000; 0.000000;-2151.929688; 969.080750;-627.474976; 0.000000;-0.000000; 0.000000;-2102.362793; 1076.012207;-620.439697;-0.352238;-1.256721;-0.208136;-2096.079590; 1162.707764;-618.296204;-0.299165;-1.570984;-0.624318;-2083.893555; 1265.457642;-612.151001;-0.600078;-1.256714;-0.104067;-2044.681885; 1413.065796;-595.873901;-0.000002; 0.000000; 0.000001;-1982.901855; 1475.505005;-579.941345; 3.457805;-4.136297;-1.174165;-1947.835571; 1558.081543;-561.322388; 0.798832;-0.985887; 2.379202;-1922.219971; 1736.752441;-529.361450; 0.000000;-0.000000; 0.000000;-1801.677490; 1580.703613;-531.309082;-1904.703369; 1623.168945;-632.500183;-1935.305908; 1597.427246;-464.070374; 2.219908; 3.058575; 6.618973; 2.402326; 10.926544; 15.706886; 1.154147; 1.067584;
79;0;1776780259700000;;-2071.526367; 868.368530;-618.813660;-1932.282104; 837.326233;-812.414978;-1.573223; 18.498383;-46.013279;-1943.395264; 1104.623291;-809.054810; 0.000000; 165.003937; 0.000000;-1935.186401; 1405.684937;-727.219910; 63.185867; 46.892406; 157.660156;-2116.706787; 846.074158;-405.971832; 2.627404; 11.854689;-24.382511;-2139.636963; 1112.633301;-404.256744; 0.000000; 148.892792; 0.000000;-2008.906006; 1392.378540;-449.583862; 8.156629; 14.570281; 168.290405;-2107.096680; 27.090172;-754.267212; 5.892489;-5.869009; 0.005254;-2221.855713; 103.869751;-745.338562; 5.892489;-5.869009; 0.005254;-2067.430420; 447.042328;-738.198547; 30.460875;-9.506605;-15.624166;-2102.662109; 856.248535;-712.534546; 18.284845;-6.342748; 30.622389;-2056.935791; 11.279373;-506.502777;-4.326690;-14.326206; 0.010389;-2165.998047; 76.303192;-561.473389;-4.326690; 14.326206;-0.010389;-2118.004639; 448.806274;-536.903687; 9.347401; 2.390340; 11.655176;-2126.881836; 860.216370;-533.356506; 10.777727; 2.166496;-28.049011;-2008.906006; 1392.378540;-449.583862;-18.311981; 72.998749; 21.686180;-1950.114258; 1428.694824;-626.140686; 0.892460; 1.928203;-21.425159;-1914.672852; 760.827332;-835.030701; 0.000000;-0.000000; 0.000000;-2035.827881;-9.561943;-760.792603; 0.000000;-0.000000; 0.000000;-1965.051025; 1423.025146;-539.621826; 0.888950; 1.804328; 6.526131;-2115.583740; 765.907349;-390.298279; 0.000000; 0.000000; 0.000000;-1989.288452;-18.190104;-474.556122; 0.000000; 0.000000; 0.000000;-2145.473633; 965.727905;-629.476074; 0.000000;-0.000000; 0.000000;-2094.729980; 1072.137329;-622.931274;-0.340905;-1.316472;-0.217550;-2087.585205; 1158.756470;-620.427307;-0.286796;-1.645684;-0.652550;-2074.354004; 1261.348389;-613.821472;-0.566714;-1.316464;-0.108774;-2033.618774; 1408.498779;-597.145935; 0.000000; 0.000000; 0.000000;-1970.974854; 1470.233521;-581.854126; 3.215070;-4.051841;-1.599580;-1934.593872; 1552.220093;-563.150085; 0.744689;-1.012534; 1.537134;-1906.137817; 1730.278320;-530.188416; 0.000000;-0.000000; 0.000000;-1788.170898; 1572.280029;-532.610535;-1890.192749; 1616.955322;-633.867310;-1921.699829; 1590.852417;-465.660004; 2.271158; 2.754206; 6.485341; 2.099097; 10.081558; 16.745743; 1.147676; 1.069173;
80;0;1776780259716667;;-2065.274170; 862.850403;-621.296814;-1920.296875; 830.857727;-808.069458;-1.732039; 18.936468;-45.830307;-1931.057129; 1098.187988;-809.180664; 0.000000; 164.547684; 0.000000;-1923.445679; 1399.883423;-729.654480; 64.604111; 47.765442; 158.884338;-2111.927490; 841.489380;-409.029663; 1.718075; 11.562425;-24.438644;-2132.703369; 1108.223389;-407.078217; 0.000000; 148.182175; 0.000000;-1995.969604; 1385.205078;-451.660217; 7.455556; 16.561167; 167.705811;-2110.732910; 23.421486;-754.269165; 6.601677;-5.976490; 0.005044;-2225.613037; 100.048462;-745.588806; 6.601677;-5.976490; 0.005044;-2067.523926; 441.591553;-740.923523; 30.532486;-9.461348;-16.172441;-2097.967285; 851.188049;-715.358582; 18.147043;-6.084737; 30.347353;-2061.238525; 7.704391;-507.774384;-3.039477;-14.328494; 0.010734;-2170.245117; 72.007538;-563.695129;-3.039477; 14.328494;-0.010734;-2114.838867; 443.544586;-540.116821; 9.709383; 2.855593; 11.181816;-2119.265869; 855.019348;-535.806946; 10.767758; 2.145420;-28.665552;-1995.969604; 1385.205078;-451.660217;-18.687365; 73.187126; 20.124651;-1938.441528; 1422.075684;-628.402649; 0.739222; 1.599590;-22.375217;-1901.824585; 754.213379;-829.471497; 0.000000;-0.000000; 0.000000;-2039.409546;-13.138466;-760.714905; 0.000000;-0.000000; 0.000000;-1952.193481; 1415.892456;-541.722656; 0.885310; 1.789773; 5.935211;-2110.312988; 761.260132;-393.722809; 0.000000; 0.000000; 0.000000;-1993.629028;-21.347551;-475.368469; 0.000000; 0.000000; 0.000000;-2138.275635; 960.932251;-631.401855; 0.000000;-0.000000; 0.000000;-2086.325928; 1066.786499;-625.335144;-0.324330;-1.398492;-0.224567;-2078.278809; 1153.318237;-622.561646;-0.275098;-1.748222;-0.673587;-2063.972900; 1255.737671;-615.532776;-0.538610;-1.398484;-0.112283;-2021.700195; 1402.396851;-598.364197; 0.000000;-0.000000; 0.000001;-1958.259888; 1463.416016;-583.489319; 3.054039;-3.865097;-1.931118;-1920.666992; 1544.860596;-564.814331; 0.707294;-1.005227; 0.738186;-1889.590088; 1722.382935;-531.333435; 0.000000;-0.000000; 0.000000;-1774.082520; 1562.575684;-533.606323;-1874.962158; 1609.051147;-635.196716;-1907.593140; 1583.076172;-467.183990; 2.345519; 2.602410; 6.391601; 1.933910; 9.212791; 17.971397; 1.140800; 1.073491;
81;0;1776780259733333;;-2058.679932; 855.954834;-623.425537;-1906.968140; 822.950439;-802.739929;-1.938837; 19.471258;-45.750053;-1917.262085; 1090.229858;-808.924316; 0.000000; 163.955917; 0.000000;-1910.305664; 1392.525757;-731.650391; 65.770241; 48.247707; 159.859802;-2107.795410; 836.013672;-411.924866; 0.687397; 11.291448;-24.254812;-2126.361816; 1102.907959;-409.639465; 0.000000; 147.296310; 0.000000;-1982.834229; 1376.532349;-453.593292; 6.783752; 18.520485; 167.153381;-2115.844238; 19.006042;-754.249390; 7.592967;-6.098189; 0.005803;-2230.896729; 95.442474;-746.194397; 7.592967;-6.098189; 0.005803;-2067.596191; 434.544281;-743.278015; 30.744127;-9.437561;-16.699442;-2092.366455; 844.511963;-717.537415; 17.981985;-6.031487; 30.055561;-2067.123535; 3.570011;-509.517365;-1.386140;-14.329792; 0.010117;-2175.752686; 67.019531;-567.122498;-1.386140; 14.329792;-0.010117;-2111.591064; 437.089050;-542.680725; 10.363309; 3.236871; 10.621513;-2111.445801; 848.580505;-537.741638; 10.683235; 2.262427;-29.408360;-1982.834229; 1376.532349;-453.593292;-19.250679; 73.269699; 18.770432;-1925.832275; 1413.828613;-630.287537; 0.532366; 1.153480;-23.351625;-1887.513428; 746.182129;-822.784363; 0.000000;-0.000000; 0.000000;-2044.433228;-17.437912;-760.374084; 0.000000;-0.000000; 0.000000;-1938.740479; 1407.187378;-543.511719; 0.893113; 1.797963; 5.330690;-2105.461426; 755.745667;-396.916931; 0.000000; 0.000000; 0.000000;-1999.751099;-24.980942;-476.185547; 0.000000; 0.000000; 0.000000;-2130.434814; 954.697327;-633.114197; 0.000000;-0.000000; 0.000000;-2077.263184; 1059.970337;-627.539429;-0.314412;-1.501046;-0.226187;-2068.272217; 1146.403931;-624.609009;-0.270831;-1.876425;-0.678431;-2052.846680; 1248.635498;-617.221924;-0.528433;-1.501037;-0.113094;-2008.962402; 1394.755859;-599.510925; 0.000001;-0.000000; 0.000000;-1944.771118; 1455.039062;-584.858582; 3.021872;-3.641452;-2.185003;-1906.124023; 1536.003784;-566.249268; 0.698284;-0.980053; 0.036040;-1872.808838; 1713.076172;-532.538574; 0.000000;-0.000000; 0.000000;-1759.473389; 1551.714600;-534.288147;-1859.193115; 1599.590942;-636.372009;-1893.029907; 1574.005249;-468.538147; 2.420184; 2.712816; 6.356626; 2.031147; 8.374161; 19.339203; 1.135636; 1.083725;
82;0;1776780259750000;;-2051.593262; 847.833252;-625.192444;-1892.451050; 813.639099;-796.472778;-2.218261; 20.064342;-45.769402;-1902.089233; 1080.749023;-808.385010; 0.000000; 163.199814; 0.000000;-1895.811279; 1383.591919;-733.223267; 66.688850; 48.314590; 160.583466;-2104.223633; 829.882568;-414.670166;-0.352180; 11.085645;-23.819839;-2120.410645; 1096.926880;-411.873291; 0.000000; 146.262360; 0.000000;-1969.381104; 1366.561279;-455.345642; 6.189512; 20.455181; 166.638596;-2121.840820; 14.271538;-754.393677; 8.952849;-6.233030; 0.007940;-2237.254395; 90.253021;-747.254761; 8.952849;-6.233030; 0.007940;-2067.364014; 426.109222;-745.387329; 31.115088;-9.430261;-17.189108;-2085.887695; 836.367554;-719.031067; 17.837013;-6.208615; 29.754360;-2073.317871;-0.863289;-512.389404; 0.632294;-14.330203; 0.008683;-2181.337891; 61.534637;-572.244629; 0.632294; 14.330203;-0.008683;-2107.635742; 429.584747;-544.446594; 11.358100; 3.451681; 10.003194;-2103.402588; 841.049316;-539.091064; 10.599880; 2.510576;-30.258459;-1969.381104; 1366.561279;-455.345642;-19.989697; 73.261002; 17.673697;-1912.295532; 1404.062622;-631.840149; 0.295253; 0.640403;-24.367220;-1871.910400; 736.754578;-814.925049; 0.000000;-0.000000; 0.000000;-2050.245361;-21.891834;-760.007385; 0.000000;-0.000000; 0.000000;-1924.667847; 1397.045410;-545.015869; 0.900484; 1.805268; 4.750473;-2101.127197; 749.597473;-399.893463; 0.000000; 0.000000; 0.000000;-2006.339478;-28.785997;-477.756622; 0.000000; 0.000000; 0.000000;-2121.984131; 947.165955;-634.544067; 0.000000;-0.000000; 0.000000;-2067.587158; 1051.837158;-629.483337;-0.319659;-1.619587;-0.221116;-2057.612305; 1138.161377;-626.513794;-0.278078;-2.024605;-0.663199;-2041.015137; 1240.188843;-618.849731;-0.543169;-1.619578;-0.110557;-1995.411865; 1385.713989;-600.589844; 0.000000; 0.000000; 0.000000;-1930.497192; 1445.233032;-586.000610; 3.133258;-3.439884;-2.383811;-1890.970459; 1525.778320;-567.418640; 0.721835;-0.952329;-0.538111;-1855.859619; 1702.477661;-533.573242; 0.000000;-0.000000; 0.000000;-1744.335205; 1539.853271;-534.635315;-1842.933838; 1588.809204;-637.294373;-1878.001587; 1563.665649;-469.646515; 2.489157; 3.192182; 6.397243; 2.507022; 7.594612; 20.788872; 1.133342; 1.102224;
83;0;1776780259766667;;-2043.753662; 838.737915;-626.610718;-1876.835938; 803.126099;-789.348511;-2.607109; 20.678696;-45.867184;-1885.587646; 1069.903687;-807.667419; 0.000000; 162.249115; 0.000000;-1880.039673; 1373.214355;-734.357666; 67.354576; 47.914661; 161.039246;-2100.995605; 823.344604;-417.305573;-1.290923; 10.981943;-23.151907;-2114.551270; 1090.526855;-413.789917; 0.000000; 145.138962; 0.000000;-1955.543945; 1355.598267;-456.874878; 5.669855; 22.333298; 166.174072;-2127.891846; 9.758675;-754.646729; 10.775440;-6.379057; 0.011310;-2244.021973; 84.744415;-748.697449; 10.775440;-6.379057; 0.011310;-2066.448242; 416.604431;-747.270020; 31.650965;-9.435370;-17.632557;-2078.503662; 827.036377;-719.884766; 17.739338;-6.592813; 29.448057;-2077.690674;-5.319477;-516.925476; 2.975872;-14.329768; 0.006610;-2184.990723; 55.698334;-579.439575; 2.975872; 14.329768;-0.006610;-2102.034424; 421.242798;-545.364868; 12.705777; 3.429914; 9.365014;-2095.076172; 832.668640;-539.882690; 10.635301; 2.870826;-31.188553;-1955.543945; 1355.598267;-456.874878;-20.859980; 73.182182; 16.845224;-1897.854736; 1393.032104;-633.070007; 0.055734; 0.120979;-25.416082;-1855.096558; 726.133423;-805.875977; 0.000000;-0.000000; 0.000000;-2055.938232;-25.788700;-759.572632; 0.000000;-0.000000; 0.000000;-1909.980591; 1385.734985;-546.234070; 0.898001; 1.793297; 4.223004;-2097.282959; 743.054749;-402.697662; 0.000000; 0.000000; 0.000000;-2011.209717;-32.402832;-480.704163; 0.000000; 0.000000; 0.000000;-2112.907471; 938.593811;-635.690857; 0.000000;-0.000000; 0.000000;-2057.298584; 1042.650146;-631.148315;-0.346035;-1.748543;-0.209564;-2046.308716; 1128.853271;-628.245972;-0.298578;-2.185797;-0.628527;-2028.493774; 1230.660156;-620.385925;-0.584368;-1.748535;-0.104782;-1981.067139; 1375.532715;-601.589233; 0.000000;-0.000000; 0.000000;-1915.448364; 1434.254639;-586.920593; 3.369153;-3.291166;-2.539774;-1875.196289; 1514.426880;-568.282288; 0.774190;-0.930158;-0.971105;-1838.683105; 1690.811279;-534.278320; 0.000000;-0.000000; 0.000000;-1728.641113; 1527.177002;-534.611023;-1826.162842; 1576.991943;-637.883728;-1862.477905; 1552.230103;-470.444702; 2.563688; 4.119226; 6.518486; 3.447873; 6.878540; 22.259972; 1.133915; 1.129272;
84;0;1776780259783333;;-2034.859253; 828.976746;-627.631348;-1860.243164; 791.723389;-781.458313;-3.151656; 21.292238;-46.014366;-1867.830322; 1057.959839;-806.818115; 0.000000; 161.087250; 0.000000;-1863.108154; 1361.637329;-734.983765; 67.757263; 46.996178; 161.209442;-2097.947510; 816.653137;-419.896057;-2.057251; 10.994521;-22.303518;-2108.521484; 1083.956421;-415.462311; 0.000000; 144.001770; 0.000000;-1941.312866; 1344.005127;-458.105347; 5.171690; 24.114950; 165.786621;-2133.004883; 5.983032;-754.800842; 13.138951;-6.532154; 0.014988;-2250.371826; 79.122528;-750.319580; 13.138951;-6.532154; 0.014988;-2064.464355; 406.386292;-748.762878; 32.326305;-9.460948;-18.024364;-2070.185303; 816.869263;-720.115662; 17.701769;-7.133278; 29.135283;-2077.610352;-9.567219;-523.293335; 5.570158;-14.328438; 0.004161;-2184.214600; 49.575562;-588.731506; 5.570158; 14.328438;-0.004161;-2093.685303; 412.324402;-545.334656; 14.384743; 3.121006; 8.750757;-2086.382812; 823.747742;-540.122803; 10.927737; 3.321308;-32.170101;-1941.312866; 1344.005127;-458.105347;-21.803116; 73.065025; 16.257927;-1882.548096; 1381.077271;-633.921997;-0.159442;-0.346258;-26.473166;-1837.174316; 714.652771;-795.656372; 0.000000;-0.000000; 0.000000;-2060.444824;-28.422897;-758.862000; 0.000000;-0.000000; 0.000000;-1894.706421; 1373.604248;-547.105591; 0.881256; 1.753685; 3.759636;-2093.920410; 736.357178;-405.405365; 0.000000; 0.000000; 0.000000;-2011.672119;-35.495838;-485.279419; 0.000000; 0.000000; 0.000000;-2103.175049; 929.303589;-636.524475; 0.000000;-0.000000; 0.000000;-2046.385742; 1032.741577;-632.489319;-0.398459;-1.883891;-0.194151;-2034.360352; 1118.811646;-629.745605;-0.333222;-2.354972;-0.582272;-2015.293457; 1220.382080;-621.763672;-0.650973;-1.883883;-0.097075;-1965.959961; 1364.547485;-602.445190; 0.000000; 0.000001; 0.000000;-1899.652832; 1422.436035;-587.560242; 3.693896;-3.196648;-2.651946;-1858.786499; 1502.263306;-568.778625; 0.847569;-0.913861;-1.262454;-1821.148804; 1678.372437;-534.574402; 0.000000;-0.000000; 0.000000;-1712.356323; 1513.904907;-534.174561;-1808.834717; 1564.437134;-638.076965;-1846.405396; 1539.991211;-470.868744; 2.643825; 5.528113; 6.691169; 4.896410; 6.216400; 23.702347; 1.136858; 1.161009;
85;0;1776780259800000;;-2024.676025; 818.884277;-628.114380;-1842.838257; 779.784851;-772.886047;-3.893000; 21.905624;-46.180851;-1848.956177; 1045.233643;-805.779724; 0.000000; 159.731979; 0.000000;-1845.202148; 1349.175293;-735.013611; 67.917511; 45.590778; 161.112457;-2095.088135; 810.110107;-422.490601;-2.620633; 11.111105;-21.351479;-2102.145264; 1077.508789;-416.956787; 0.000000; 142.929001; 0.000000;-1926.671143; 1332.164673;-458.928833; 4.639425; 25.794983; 165.506805;-2136.369873; 3.320053;-754.694824; 16.072212;-6.685978; 0.017737;-2255.586182; 73.492218;-751.900818; 16.072212;-6.685978; 0.017737;-2061.237061; 395.809845;-749.590637; 33.078400;-9.529075;-18.361025;-2060.999268; 806.239258;-719.635315; 17.732571;-7.782251; 28.809086;-2070.633789;-13.426937;-531.211609; 8.303452;-14.326127; 0.001648;-2176.694092; 43.240143;-599.655090; 8.303452; 14.326127;-0.001648;-2081.610352; 403.157501;-544.120117; 16.347864; 2.497276; 8.205609;-2077.229736; 814.631714;-539.709656; 11.605720; 3.843788;-33.179207;-1926.671143; 1332.164673;-458.928833;-22.777859; 72.949753; 15.864006;-1866.434814; 1368.575439;-634.305542;-0.327478;-0.711305;-27.502588;-1818.294556; 702.713440;-784.341980; 0.000000;-0.000000; 0.000000;-2062.921143;-29.255508;-757.750488; 0.000000;-0.000000; 0.000000;-1878.870117; 1361.034180;-547.534241; 0.848599; 1.683448; 3.357786;-2091.174316; 729.793091;-408.085876; 0.000000; 0.000000; 0.000000;-2005.226440;-37.821541;-491.311859; 0.000000; 0.000000; 0.000000;-2092.784912; 919.650757;-636.901855; 0.000000;-0.000000; 0.000000;-2034.848511; 1022.469604;-633.385376;-0.476061;-2.024580;-0.180808;-2021.772949; 1108.393799;-630.884583;-0.380764;-2.530826;-0.542232;-2001.429077; 1209.712280;-622.854126;-0.738100;-2.024573;-0.090404;-1950.131836; 1353.122925;-603.038879; 0.000002; 0.000000; 0.000000;-1883.150757; 1410.142456;-587.821167; 4.068592;-3.148365;-2.719443;-1841.733765; 1489.635742;-568.830383; 0.933214;-0.901847;-1.423185;-1803.120483; 1665.490967;-534.408386; 0.000000;-0.000000; 0.000000;-1695.452393; 1500.288574;-533.291199;-1790.918335; 1551.457031;-637.815430;-1829.723633; 1527.295410;-470.848083; 2.692900; 7.403586; 6.847421; 6.846762; 5.596420; 25.074547; 1.142425; 1.186586;
86;0;1776780259816667;;-2013.090332; 808.815796;-627.866882;-1824.713867; 767.685547;-763.680664;-4.848539; 22.541927;-46.337391;-1829.135376; 1032.084595;-804.375793; 0.000000; 158.245483; 0.000000;-1826.586304; 1336.219238;-734.389160; 67.912773; 43.861176; 160.826904;-2092.523682; 804.076843;-425.075806;-2.972372; 11.300105;-20.376932;-2095.277588; 1071.524780;-418.254242; 0.000000; 141.993301; 0.000000;-1911.558716; 1320.465332;-459.224213; 4.073366; 27.405424; 165.350494;-2137.633545; 1.955246;-754.297729; 19.523367;-6.833430; 0.018487;-2259.257080; 67.918457;-753.274902; 19.523367;-6.833430; 0.018487;-2056.859375; 385.229950;-749.511536; 33.823990;-9.663338;-18.641272;-2051.093506; 795.524231;-718.286621; 17.834307;-8.510827; 28.462259;-2055.091553;-16.694954;-539.955994; 11.027081;-14.322814;-0.000500;-2160.853516; 36.916626;-611.262939; 11.027081; 14.322814; 0.000500;-2065.161133; 394.166473;-541.398254; 18.526163; 1.561725; 7.769095;-2067.502441; 805.670532;-538.467407; 12.761966; 4.417020;-34.199577;-1911.558716; 1320.465332;-459.224213;-23.778599; 72.871338; 15.623083;-1849.616943; 1355.939941;-634.139465;-0.430594;-0.935134;-28.470222;-1798.530273; 690.757629;-772.056213; 0.000000;-0.000000; 0.000000;-2063.055176;-28.033422;-756.287109; 0.000000;-0.000000; 0.000000;-1862.499146; 1348.431641;-547.430542; 0.798526; 1.579822; 3.015897;-2089.255127; 723.714355;-410.764221; 0.000000; 0.000000; 0.000000;-1990.156250;-39.194366;-498.214081; 0.000000; 0.000000; 0.000000;-2081.750732; 909.999329;-636.598816; 0.000000;-0.000000; 0.000000;-2022.686768; 1012.193115;-633.667358;-0.568788;-2.172005;-0.176358;-2008.552612; 1097.958374;-631.492065;-0.436004;-2.715109;-0.528862;-1986.921143; 1199.012207;-623.490479;-0.834610;-2.171998;-0.088179;-1933.649048; 1341.637939;-603.225891; 0.000000;-0.000000;-0.000001;-1866.011230; 1397.765991;-587.604431; 4.446208;-3.148270;-2.754441;-1824.062256; 1476.916504;-568.351501; 1.020336;-0.896261;-1.476247;-1784.497559; 1652.510010;-533.674194; 0.000000;-0.000000; 0.000000;-1677.934448; 1486.598145;-531.913818;-1772.416016; 1538.404663;-637.016663;-1812.404785; 1514.489258;-470.293243; 2.642492; 9.670973; 6.903847; 9.234973; 5.004959; 26.344303; 1.152718; 1.187644;
87;0;1776780259833333;;-2000.120117; 799.156250;-626.709534;-1805.841187; 755.824463;-753.845093;-6.005949; 23.237814;-46.454639;-1808.537964; 1018.927307;-802.343933; 0.000000; 156.724670; 0.000000;-1807.569458; 1323.240845;-733.099182; 67.860748; 42.055012; 160.474838;-2090.329346; 798.934204;-427.583221;-3.113791; 11.519490;-19.449190;-2087.761475; 1066.340820;-419.241333; 0.000000; 141.255875; 0.000000;-1895.899780; 1309.281738;-458.881134; 3.541261; 28.986965; 165.313782;-2136.958496; 1.887466;-753.584534; 23.346001;-6.968195; 0.016609;-2261.322510; 62.530243;-754.280884; 23.346001;-6.968195; 0.016609;-2051.589355; 375.008606;-748.371826; 34.487305;-9.873623;-18.864546;-2040.608032; 785.102112;-715.931152; 17.997231;-9.302379; 28.095963;-2030.507935;-19.071720;-548.482666; 13.562059;-14.318557;-0.002013;-2136.237305; 31.072418;-622.315796; 13.562059; 14.318557; 0.002013;-2044.194336; 385.889801;-536.885559; 20.828730; 0.355585; 7.466375;-2057.104980; 797.207886;-536.241394; 14.434899; 5.008662;-35.222553;-1895.899780; 1309.281738;-458.881134;-24.828871; 72.847954; 15.520440;-1832.246704; 1343.620239;-633.374451;-0.457372;-0.992889;-29.352201;-1777.820801; 679.257446;-758.942688; 0.000000;-0.000000; 0.000000;-2061.132324;-24.846804;-754.527588; 0.000000;-0.000000; 0.000000;-1845.649170; 1336.224731;-546.734741; 0.730184; 1.441468; 2.745426;-2088.308350; 718.502197;-413.432404; 0.000000; 0.000000; 0.000000;-1965.965942;-39.426720;-505.063629; 0.000000; 0.000000; 0.000000;-2070.085449; 900.712341;-635.416199; 0.000000;-0.000000; 0.000000;-2009.895752; 1002.264954;-633.185059;-0.659261;-2.328197;-0.183092;-1994.707153; 1087.859131;-631.414856;-0.489804;-2.910365;-0.549021;-1971.804443; 1188.640747;-623.519653;-0.923817;-2.328188;-0.091546;-1916.619629; 1330.482666;-602.875549; 0.000000; 0.000000; 0.000000;-1848.351562; 1385.722534;-586.834839; 4.768245;-3.207862;-2.781247;-1805.849243; 1464.497925;-567.259216; 1.095465;-0.902759;-1.454767;-1765.238159; 1639.778076;-532.208618; 0.000000;-0.000000; 0.000000;-1659.869385; 1473.110840;-529.970215;-1753.370972; 1525.671021;-635.574036;-1794.492065; 1501.909668;-469.104187; 2.435421; 12.191248; 6.800110; 11.937464; 4.425438; 27.485348; 1.171655; 1.148307;
88;0;1776780259850000;;-1985.936646; 790.302368;-624.526733;-1786.142578; 744.605225;-743.379456;-7.336419; 24.030138;-46.502213;-1787.331543; 1006.214417;-799.430603; 0.000000; 155.271759; 0.000000;-1788.420898; 1310.748047;-731.162354; 67.873924; 40.422226; 160.179626;-2088.513916; 795.044434;-429.898712;-3.060708; 11.724342;-18.617285;-2079.452148; 1062.247314;-419.749207; 0.000000; 140.758224; 0.000000;-1879.627563; 1298.941040;-457.811768; 3.138042; 30.573351; 165.375885;-2134.917969; 2.951088;-752.444275; 27.306070;-7.085262; 0.012000;-2262.020752; 57.578674;-754.716858; 27.306070;-7.085262; 0.012000;-2045.770874; 365.519165;-746.101685; 35.015358;-10.149412;-19.026993;-2029.667480; 775.351501;-712.518982; 18.204723;-10.138206; 27.726543;-1997.771484;-20.232590;-555.711548; 15.699156;-14.313158;-0.002681;-2103.667480; 26.367035;-631.599487; 15.699156; 14.313158; 0.002681;-2019.224487; 378.940338;-530.470642; 23.143044;-1.045903; 7.302316;-2046.057373; 789.578125;-532.974915; 16.603708; 5.575897;-36.244202;-1879.627563; 1298.941040;-457.811768;-25.959763; 72.879570; 15.558451;-1814.478516; 1332.059814;-631.985107;-0.405632;-0.880069;-30.136240;-1756.050781; 668.678040;-745.164307; 0.000000;-0.000000; 0.000000;-2057.893799;-20.124319;-752.416504; 0.000000;-0.000000; 0.000000;-1828.385986; 1324.823486;-545.411499; 0.645503; 1.272433; 2.567565;-2088.360596; 714.535645;-416.044067; 0.000000; 0.000000; 0.000000;-1933.556763;-38.408257;-510.863861; 0.000000; 0.000000; 0.000000;-2057.833496; 892.151306;-633.261230; 0.000000;-0.000000; 0.000000;-1996.493530; 993.028137;-631.852966;-0.727126;-2.493703;-0.196008;-1980.262329; 1078.439209;-630.555054;-0.531038;-3.117273;-0.587710;-1956.128296; 1178.946533;-622.832153;-0.988085;-2.493691;-0.098003;-1899.161377; 1320.037842;-601.887451; 0.000000;-0.000000; 0.000000;-1830.298340; 1374.418457;-585.459045; 4.983005;-3.335721;-2.824936;-1787.190796; 1452.763794;-565.485352; 1.146571;-0.926353;-1.395323;-1745.344360; 1627.635376;-529.852112; 0.000000;-0.000000; 0.000000;-1641.352295; 1460.109131;-527.381226;-1733.841553; 1513.643921;-633.386108;-1776.067139; 1489.883545;-467.192810; 2.060516; 14.781712; 6.522366; 14.789325; 3.850471; 28.464912; 1.203604; 1.072297;
89;0;1776780259866667;;-1970.782104; 782.642883;-621.299133;-1765.586182; 734.428101;-732.356995;-8.811940; 24.945417;-46.448727;-1765.656006; 994.419922;-795.497681; 0.000000; 153.961227; 0.000000;-1769.251221; 1299.235107;-728.585693; 68.018776; 39.153519; 160.026581;-2086.971436; 792.741028;-431.842621;-2.850328; 11.877207;-17.907583;-2070.195801; 1059.483032;-419.604309; 0.000000; 140.516983; 0.000000;-1862.636719; 1289.703369;-455.940125; 2.927530; 32.193996; 165.501312;-2132.117432; 4.856361;-750.847839; 31.110184;-7.180404; 0.005423;-2261.633057; 53.405640;-754.473328; 31.110184;-7.180404; 0.005423;-2039.686523; 357.162567;-742.765259; 35.373531;-10.467521;-19.120089;-2018.349976; 766.666565;-708.111328; 18.447788;-10.994773; 27.383196;-1958.688965;-20.011662;-560.793762; 17.198603;-14.305986;-0.002645;-2064.859619; 23.448303;-638.146851; 17.198603; 14.305986; 0.002645;-1991.250610; 373.905273;-522.270935; 25.338348;-2.547318; 7.262057;-2034.440796; 783.102722;-528.728821; 19.202839; 6.068671;-37.260658;-1862.636719; 1289.703369;-455.940125;-27.184399; 72.957870; 15.723433;-1796.358643; 1321.649048;-629.934204;-0.285278;-0.618549;-30.818916;-1733.167969; 659.456909;-730.938110; 0.000000;-0.000000; 0.000000;-2054.091064;-14.542740;-749.972595; 0.000000;-0.000000; 0.000000;-1810.688721; 1314.576538;-543.416077; 0.550136; 1.083761; 2.493892;-2089.266113; 712.185242;-418.458435; 0.000000; 0.000000; 0.000000;-1894.746216;-36.272133;-514.835815; 0.000000; 0.000000; 0.000000;-2045.031128; 884.682556;-630.152100; 0.000000;-0.000000; 0.000000;-1982.480591; 984.821899;-629.648926;-0.754718;-2.666351;-0.206029;-1965.212402; 1070.035645;-628.861572;-0.550304;-3.333111;-0.617710;-1939.891479; 1170.266357;-621.347656;-1.015555;-2.666337;-0.103015;-1881.297363; 1310.654175;-600.166626; 0.000002;-0.000000; 0.000000;-1811.875000; 1364.217896;-583.411438; 5.076630;-3.529289;-2.901986;-1768.105469; 1442.070679;-562.957275; 1.170087;-0.968479;-1.329202;-1724.821655; 1616.417114;-526.477905; 0.000000;-0.000000; 0.000000;-1622.406982; 1447.921143;-524.067017;-1713.836670; 1502.691284;-630.359558;-1757.153076; 1478.736328;-464.475250; 1.540277; 17.252439; 6.093198; 17.612755; 3.298134; 29.226662; 1.251701; 0.981915;
90;0;1776780259883333;;-1954.730591; 776.521423;-617.121033;-1744.221680; 725.680054;-720.961060;-10.406068; 25.995523;-46.262215;-1743.561646; 984.017090;-790.560425; 0.000000; 152.823502; 0.000000;-1749.911499; 1289.149902;-725.320984; 68.296036; 38.337013; 160.039490;-2085.369873; 792.295227;-433.180878;-2.537789; 11.959246;-17.327194;-2059.765137; 1058.222168;-418.696716; 0.000000; 140.524765; 0.000000;-1844.732666; 1281.770874;-453.186157; 2.891909; 33.868645; 165.648102;-2128.741211; 7.277275;-749.094360; 34.460995;-7.250092;-0.001509;-2260.140625; 50.370178;-753.746704; 34.460995;-7.250092;-0.001509;-2033.324463; 350.356476;-738.640259; 35.540119;-10.807774;-19.133844;-2006.552490; 759.445435;-702.875488; 18.723866;-11.848307; 27.097740;-1914.931641;-18.489460;-563.327026; 17.821054;-14.296711;-0.002104;-2021.465942; 22.720551;-641.407959; 17.821054; 14.296711; 0.002104;-1961.187134; 371.228424;-512.666626; 27.274168;-4.048201; 7.313695;-2022.189941; 778.054382;-523.665222; 22.148767; 6.439317;-38.265068;-1844.732666; 1281.770874;-453.186157;-28.474939; 73.082153; 15.952561;-1777.725464; 1312.706177;-627.133423;-0.117383;-0.254345;-31.402939;-1709.251587; 651.982483;-716.556274; 0.000000;-0.000000; 0.000000;-2049.981201;-8.837799;-747.550537; 0.000000;-0.000000; 0.000000;-1792.359253; 1305.757202;-540.656067; 0.453194; 0.892840; 2.504803;-2090.596680; 711.775452;-420.418091; 0.000000; 0.000000; 0.000000;-1851.170898;-33.392483;-516.661377; 0.000000; 0.000000; 0.000000;-2031.568604; 878.650024;-626.182861; 0.000000;-0.000000; 0.000000;-1967.729370; 977.973206;-626.591431;-0.734504;-2.840810;-0.206607;-1949.422119; 1062.972900;-626.304077;-0.544854;-3.551198;-0.619393;-1922.949341; 1162.920288;-618.988464;-1.007040;-2.840796;-0.103302;-1862.858276; 1302.641235;-597.592407; 0.000002;-0.000000; 0.000000;-1792.909668; 1355.432861;-580.577454; 5.096102;-3.774050;-3.019390;-1748.468750; 1432.755005;-559.565857; 1.176211;-1.026792;-1.278948;-1703.686035; 1606.487061;-521.980652; 0.000000;-0.000000; 0.000000;-1602.921509; 1436.994385;-519.907349;-1693.270752; 1493.184570;-626.382568;-1737.666504; 1468.815918;-460.844238; 0.891532; 19.441692; 5.545316; 20.237957; 2.811790; 29.686287; 1.316690; 0.897786;
91;0;1776780259900000;;-1937.515747; 772.228394;-612.206909;-1722.177002; 718.698486;-709.450806;-12.076915; 27.175657;-45.911205;-1720.975952; 975.435303;-784.731812; 0.000000; 151.856781; 0.000000;-1729.973999; 1280.873779;-721.258972; 68.649361; 37.943005; 160.184662;-2083.017090; 793.839111;-433.727020;-2.182376; 11.973051;-16.870430;-2047.792603; 1058.534424;-417.051514; 0.000000; 140.753296; 0.000000;-1825.625610; 1275.312378;-449.479248; 2.916624; 35.588634; 165.784698;-2124.536621; 10.047981;-747.778564; 37.132637;-7.292367;-0.006873;-2257.233398; 48.889984;-753.006165; 37.132637;-7.292367;-0.006873;-2026.296997; 345.505585;-734.215027; 35.518150;-11.158309;-19.061874;-1993.854004; 754.061218;-697.074951; 19.005674;-12.672055; 26.900290;-1866.858154;-15.763435;-563.519409; 17.392687;-14.286186;-0.001262;-1973.941528; 24.328979;-641.431030; 17.392687; 14.286186; 0.001262;-1929.177490; 371.197296;-502.347839; 28.813267;-5.455486; 7.411065;-2008.903320; 774.617188;-518.027222; 25.372969; 6.661049;-39.250904;-1825.625610; 1275.312378;-449.479248;-29.749556; 73.270012; 16.133818;-1758.188721; 1305.486816;-623.445679; 0.072653; 0.157316;-31.896687;-1684.534302; 646.543457;-702.358215; 0.000000;-0.000000; 0.000000;-2045.307007;-3.516722;-745.810242; 0.000000;-0.000000; 0.000000;-1773.006836; 1298.578613;-536.996460; 0.367219; 0.723675; 2.544394;-2091.509521; 713.490845;-421.657806; 0.000000; 0.000000; 0.000000;-1803.103638;-30.009758;-516.640808; 0.000000; 0.000000; 0.000000;-2017.075073; 874.337341;-621.498962; 0.000000;-0.000000; 0.000000;-1951.904175; 972.784973;-622.734497;-0.676710;-3.008622;-0.198665;-1932.567505; 1057.556763;-622.871155;-0.522711;-3.760958;-0.595532;-1904.973511; 1157.209717;-615.683777;-0.980006;-3.008608;-0.099333;-1843.460205; 1296.270020;-594.027710; 0.000002;-0.000001; 0.000000;-1773.018311; 1348.332031;-576.801270; 5.145029;-4.042988;-3.177353;-1727.997437; 1425.147705;-555.175293; 1.188182;-1.095459;-1.261505;-1681.949951; 1598.263428;-516.297546; 0.000000;-0.000000; 0.000000;-1582.631958; 1427.913818;-514.728210;-1671.937988; 1485.510620;-621.331787;-1717.414673; 1460.517944;-456.180420; 0.118694; 21.243612; 4.917092; 22.514072; 2.445984; 29.755074; 1.397253; 0.827257;
92;0;1776780259916667;;-1918.528809; 770.027588;-606.855774;-1699.634888; 713.734131;-698.113770;-13.749795; 28.460245;-45.366840;-1697.750854; 969.028076;-778.138489; 0.000000; 151.057816; 0.000000;-1708.847900; 1274.727905;-716.276123; 68.997910; 37.857239; 160.402039;-2078.899658; 797.310669;-433.441925;-1.832731; 11.934939;-16.524189;-2033.791870; 1060.372681;-414.837738; 0.000000; 141.161407; 0.000000;-1804.985229; 1270.498169;-444.791595; 2.826761; 37.308315; 165.900406;-2119.266113; 13.383553;-747.465637; 39.031288;-7.308099;-0.009359;-2252.711670; 49.574707;-752.659790; 39.031288;-7.308099;-0.009359;-2018.052002; 342.985901;-730.069214; 35.351170;-11.503357;-18.905767;-1979.550781; 750.838562;-691.036743; 19.210114;-13.431511; 26.825972;-1813.031982;-11.473724;-562.071289; 15.864522;-14.276815;-0.000401;-1921.021362; 28.445282;-638.812622; 15.864522; 14.276815; 0.000401;-1894.304932; 374.087891;-492.241791; 29.837921;-6.688657; 7.498055;-1993.862061; 772.890381;-512.106506; 28.854345; 6.734920;-40.218628;-1804.985229; 1270.498169;-444.791595;-30.884722; 73.553307; 16.137146;-1737.225952; 1300.220581;-618.735779; 0.264245; 0.571850;-32.314705;-1659.373535; 643.278625;-688.696716; 0.000000;-0.000000; 0.000000;-2039.782959; 1.409084;-745.403564; 0.000000;-0.000000; 0.000000;-1752.135498; 1293.236328;-532.308411; 0.308109; 0.607131; 2.533436;-2090.799561; 717.297180;-422.045990; 0.000000; 0.000000; 0.000000;-1749.007324;-25.648859;-515.540466; 0.000000; 0.000000; 0.000000;-2000.958252; 871.960205;-616.280029; 0.000000;-0.000000; 0.000000;-1934.509766; 969.539551;-618.173218;-0.610390;-3.159873;-0.190638;-1914.190918; 1054.080444;-618.588013;-0.502064;-3.950015;-0.571424;-1885.516602; 1153.427734;-611.398071;-0.964615;-3.159860;-0.095318;-1822.594360; 1291.796265;-589.361572; 0.000000;-0.000000;-0.000001;-1751.694458; 1343.165894;-571.936523; 5.342996;-4.297181;-3.369008;-1706.297363; 1419.577393;-549.674561; 1.233189;-1.165250;-1.290067;-1659.548584; 1592.196167;-509.447205; 0.000000;-0.000000; 0.000000;-1561.157471; 1421.305786;-508.368744;-1649.529785; 1480.047363;-615.125610;-1696.102417; 1454.272461;-450.400452;-0.743621; 22.613710; 4.277824; 24.317709; 2.262260; 29.382946; 1.492352; 0.768226;
93;0;1776780259933333;;-1896.986084; 770.158691;-601.358643;-1676.704590; 710.945923;-687.220581;-15.317476; 29.796816;-44.606659;-1673.709839; 965.068420;-770.858459; 0.000000; 150.444992; 0.000000;-1685.986450; 1270.979980;-710.279053; 69.274811; 37.932629; 160.639099;-2071.974609; 802.463867;-432.412354;-1.519220; 11.864738;-16.271811;-2017.298828; 1063.592163;-412.285980; 0.000000; 141.710861; 0.000000;-1782.555664; 1267.495117;-439.150543; 2.460074; 38.958385; 166.000031;-2112.742188; 17.810638;-748.399353; 40.201389;-7.301630;-0.008806;-2246.464844; 53.073792;-752.782043; 40.201389;-7.301630;-0.008806;-2007.961182; 343.075531;-726.693176; 35.110832;-11.811884;-18.679363;-1962.791260; 749.986572;-685.067200; 19.214472;-14.092134; 26.915972;-1750.753540;-4.443790;-559.749634; 13.333679;-14.271810; 0.000155;-1860.176514; 35.633209;-634.348022; 13.333679; 14.271810;-0.000155;-1854.869263; 380.319336;-483.255768; 30.273899;-7.674884; 7.517487;-1976.190796; 772.882141;-506.172394; 32.623974; 6.677341;-41.173393;-1782.555664; 1267.495117;-439.150543;-31.759089; 73.961105; 15.847861;-1714.371338; 1297.126099;-612.913818; 0.446839; 0.966490;-32.677959;-1634.074097; 642.185852;-675.892029; 0.000000;-0.000000; 0.000000;-2033.168213; 6.398867;-746.675842; 0.000000;-0.000000; 0.000000;-1729.313965; 1289.920410;-526.510376; 0.292704; 0.576098; 2.388828;-2087.234131; 722.941406;-421.597534; 0.000000; 0.000000; 0.000000;-1686.111572;-18.766594;-514.126465; 0.000000; 0.000000; 0.000000;-1982.537476; 871.629150;-610.700134; 0.000000;-0.000000; 0.000000;-1915.010620; 968.455933;-613.023804;-0.575899;-3.286469;-0.193423;-1893.823364; 1052.782959;-613.513062;-0.505185;-4.108274;-0.579731;-1864.148193; 1151.822510;-606.139771;-0.992756;-3.286455;-0.096711;-1799.808472; 1289.445557;-583.535583;-0.000003;-0.000000; 0.000000;-1728.492554; 1340.158691;-565.886475; 5.766212;-4.493738;-3.577968;-1682.992920; 1416.326294;-543.006775; 1.328988;-1.224910;-1.370367;-1636.312256; 1588.662354;-501.507996; 0.000000;-0.000000; 0.000000;-1538.119629; 1417.656006;-500.761017;-1625.738892; 1477.098755;-607.750305;-1673.397705; 1450.450439;-443.475311;-1.619792; 23.555889; 3.734129; 25.567869; 2.326881; 28.592178; 1.603396; 0.717030;
94;0;1776780259950000;;-1872.177612; 772.744507;-595.907776;-1653.315308; 710.368286;-677.007568;-16.663397; 31.101910;-43.620640;-1648.693604; 963.704346;-762.926025; 0.000000; 150.057602; 0.000000;-1661.077271; 1269.785645;-703.232117; 69.451126; 38.036297; 160.870422;-2061.482910; 808.888367;-430.749451;-1.254162; 11.779531;-16.095694;-1998.009521; 1067.934082;-409.561035; 0.000000; 142.378143; 0.000000;-1758.239380; 1266.380371;-432.622437; 1.742004; 40.471375; 166.086990;-2104.571533; 23.794796;-750.446594; 40.773441;-7.280796;-0.006078;-2238.173828; 59.679688;-753.127563; 40.773441;-7.280796;-0.006078;-1995.350830; 345.816711;-724.349304; 34.860409;-12.042220;-18.411263;-1942.796875; 751.481628;-679.363770; 18.910482;-14.632898; 27.202711;-1677.610962; 7.184963;-557.047058; 10.005646;-14.273494; 0.000493;-1789.077393; 46.991852;-628.706726; 10.005646; 14.273494;-0.000493;-1809.225586; 390.429443;-476.029724; 30.118269;-8.338487; 7.423632;-1955.110840; 774.451843;-500.400543; 36.727757; 6.506314;-42.112041;-1758.239380; 1266.380371;-432.622437;-32.302776; 74.501541; 15.192074;-1689.385742; 1296.337769;-605.954529; 0.619451; 1.339123;-33.010731;-1608.724731; 643.128235;-664.197510; 0.000000;-0.000000; 0.000000;-2025.036377; 12.022055;-749.569580; 0.000000;-0.000000; 0.000000;-1704.321167; 1288.739136;-519.583496; 0.333965; 0.655438; 2.043109;-2079.908203; 729.978333;-420.388336; 0.000000; 0.000000; 0.000000;-1611.993042;-7.050904;-512.810852; 0.000000; 0.000000; 0.000000;-1961.223755; 873.261536;-604.882996; 0.000000;-0.000000; 0.000000;-1892.967896; 969.571350;-607.385193;-0.607858;-3.385020;-0.214007;-1871.108398; 1053.727417;-607.712646;-0.548452;-4.231511;-0.641388;-1840.581665; 1152.477539;-599.944885;-1.084173;-3.385003;-0.107003;-1774.868042; 1289.315918;-576.542969; 0.000002; 0.000000; 0.000001;-1703.192993; 1339.422729;-558.619019; 6.411997;-4.600799;-3.781361;-1657.871704; 1415.522095;-535.165466; 1.475589;-1.264718;-1.498474;-1612.040527; 1587.812744;-492.546722; 0.000000;-0.000000; 0.000000;-1513.286255; 1417.129517;-491.954193;-1600.393188; 1476.788696;-599.240906;-1649.048706; 1449.206177;-435.412933;-2.409810; 24.110136; 3.399379; 26.242554; 2.691154; 27.476597; 1.733588; 0.672524;
95;0;1776780259966667;;-1843.806030; 777.678589;-590.594543;-1629.311523; 711.837280;-667.711914;-17.699619; 32.266239;-42.419434;-1622.661987; 964.864258;-754.404663; 0.000000; 149.939499; 0.000000;-1634.121216; 1271.073975;-695.186462; 69.536003; 38.092800; 161.100372;-2047.090698; 816.039001;-428.530029;-1.036674; 11.691566;-15.978900;-1975.844971; 1073.000732;-406.684875; 0.000000; 143.146133; 0.000000;-1732.096924; 1267.018066;-425.303436; 0.723448; 41.808765; 166.146942;-2094.335938; 31.441750;-753.229980; 40.891788;-7.256267;-0.002480;-2227.460693; 69.154541;-753.322205; 40.891788;-7.256267;-0.002480;-1979.788330; 350.948914;-723.059143; 34.628460;-12.156135;-18.141674;-1919.150757; 755.012085;-674.011292; 18.243292;-15.047740; 27.692631;-1593.320068; 25.183266;-554.157776; 6.090693;-14.281715; 0.001124;-1707.358154; 63.842163;-622.314087; 6.090693; 14.281715;-0.001124;-1756.803833; 404.847443;-470.867279; 29.450676;-8.591990; 7.193177;-1930.221680; 777.271240;-494.877045; 41.175911; 6.233217;-43.010418;-1732.096924; 1267.018066;-425.303436;-32.520477; 75.153664; 14.154593;-1662.312744; 1297.775146;-597.915710; 0.786923; 1.700258;-33.333824;-1583.268433; 645.800110;-653.828247; 0.000000;-0.000000; 0.000000;-2014.965332; 18.586216;-753.718933; 0.000000;-0.000000; 0.000000;-1677.189087; 1289.587036;-511.588318; 0.435364; 0.850306; 1.461193;-2068.398682; 737.814636;-418.502625; 0.000000; 0.000000; 0.000000;-1526.431763; 11.539616;-511.672424; 0.000000; 0.000000; 0.000000;-1936.720215; 876.534485;-598.905273; 0.000000;-0.000000; 0.000000;-1868.174683; 972.640259;-601.334290;-0.717166;-3.457105;-0.252378;-1845.905029; 1056.689331;-601.257263;-0.634185;-4.321716;-0.756355;-1814.749146; 1155.192383;-592.874512;-1.237334;-3.457080;-0.126189;-1747.810547; 1291.253174;-568.433899; 0.000000; 0.000000; 0.000000;-1675.852417; 1340.833130;-550.182434; 7.210360;-4.608624;-3.959985;-1630.945923; 1417.012939;-526.198242; 1.657489;-1.280086;-1.666717;-1586.599976; 1589.443726;-482.586578; 0.000000;-0.000000; 0.000000;-1486.642944; 1419.461792;-482.091278;-1573.511841; 1478.951172;-589.664856;-1622.973511; 1450.341797;-426.254944;-3.032478; 24.333296; 3.352462; 26.373470; 3.364273; 26.155605; 1.885098; 0.635604;
96;0;1776780259983333;;-1812.217529; 784.586060;-585.452820;-1604.597900; 714.965088;-659.594788;-18.400248; 33.172428;-41.037350;-1595.736206; 968.214355;-745.436340; 0.000000; 150.123108; 0.000000;-1605.364258; 1274.499023;-686.280029; 69.557365; 38.089832; 161.348846;-2028.839722; 823.330750;-425.771729;-0.858814; 11.608484;-15.906457;-1950.932373; 1078.316650;-403.520294; 0.000000; 143.984375; 0.000000;-1704.275879; 1269.033813;-417.304260;-0.433596; 42.970589; 166.143921;-2082.117676; 40.519115;-756.319397; 40.664379;-7.239983; 0.000744;-2214.401611; 80.952271;-753.067688; 40.664379;-7.239983; 0.000744;-1961.455444; 358.010010;-722.689697; 34.407784;-12.128855;-17.913769;-1891.982056; 760.061890;-669.048401; 17.214188;-15.333847; 28.362669;-1500.949463; 49.988922;-551.097168; 1.705370;-14.293734; 0.002428;-1617.810547; 86.862762;-615.348877; 1.705370; 14.293734;-0.002428;-1698.810181; 423.508636;-467.788116; 28.421091;-8.334888; 6.829440;-1901.682739; 780.879517;-489.661530; 45.897511; 5.861306;-43.818554;-1704.275879; 1269.033813;-417.304260;-32.484474; 75.868286; 12.786564;-1633.405884; 1301.085938;-588.934692; 0.954633; 2.061466;-33.658581;-1557.649048; 649.725159;-644.993469; 0.000000;-0.000000; 0.000000;-2003.058960; 26.042023;-758.630737; 0.000000;-0.000000; 0.000000;-1648.137817; 1292.094116;-502.662567; 0.585602; 1.135818; 0.651704;-2052.700928; 745.814148;-416.002045; 0.000000; 0.000000; 0.000000;-1432.630005; 37.307060;-510.639526; 0.000000; 0.000000; 0.000000;-1909.133789; 880.957275;-592.842041; 0.000000;-0.000000; 0.000000;-1840.712036; 977.158813;-594.949158;-0.880421;-3.506428;-0.302252;-1818.306885; 1061.168823;-594.234497;-0.747539;-4.383522;-0.905801;-1786.783691; 1159.480713;-585.022156;-1.427924;-3.506391;-0.151127;-1718.877197; 1294.827515;-559.319702; 0.000000;-0.000000;-0.000001;-1646.727905; 1343.993530;-540.706604; 8.066094;-4.527697;-4.107891;-1602.407837; 1420.354248;-516.211975; 1.852786;-1.272359;-1.873722;-1559.976196; 1593.020508;-471.638153; 0.000000;-0.000000; 0.000000;-1458.364746; 1424.021973;-471.346924;-1545.256714; 1483.122803;-579.115845;-1595.276367; 1453.329102;-416.087891;-3.444237; 24.260098; 3.618337; 26.004999; 4.306526; 24.713730; 2.055925; 0.607237;
97;0;1776780260000000;;-1778.371948; 792.822021;-580.501343;-1579.118286; 719.205017;-652.914307;-18.808701; 33.718361;-39.522896;-1568.071167; 973.213867;-736.220764; 0.000000; 150.620407; 0.000000;-1575.122070; 1279.496216;-676.690430; 69.535225; 38.031223; 161.625214;-2007.015747; 830.252197;-422.440826;-0.710535; 11.533925;-15.866285;-1923.533325; 1083.433716;-399.807281; 0.000000; 144.842346; 0.000000;-1674.926270; 1271.894775;-408.719971;-1.503853; 43.978985; 166.032013;-2068.665771; 50.629185;-759.335938; 40.145195;-7.243352; 0.002674;-2199.695801; 94.503815;-752.221130; 40.145195;-7.243352; 0.002674;-1941.176514; 366.500305;-723.045654; 34.167110;-11.947279;-17.764153;-1861.917358; 766.056580;-664.544373; 15.869020;-15.475354; 29.170597;-1406.953857; 79.388260;-547.739441;-3.114666;-14.305864; 0.004598;-1526.463379; 114.833679;-607.785828;-3.114666; 14.305864;-0.004598;-1638.263550; 445.338867;-466.602966; 27.226856;-7.464998; 6.357388;-1870.194214; 784.786316;-484.856293; 50.694042; 5.398910;-44.464981;-1674.926270; 1271.894775;-408.719971;-32.309296; 76.574310; 11.205931;-1602.983276; 1305.699341;-579.189392; 1.122785; 2.423150;-33.987164;-1531.803711; 654.329834;-637.875061; 0.000000;-0.000000; 0.000000;-1990.105347; 34.090240;-763.800720; 0.000000;-0.000000; 0.000000;-1617.460693; 1295.689941;-492.986267; 0.757547; 1.456536;-0.327431;-2033.080444; 753.417114;-412.920502; 0.000000; 0.000000; 0.000000;-1337.219604; 67.463028;-509.527924; 0.000000; 0.000000; 0.000000;-1878.926636; 886.001648;-586.819519; 0.000000;-0.000000; 0.000000;-1810.888672; 982.486023;-588.337524;-1.042765;-3.535289;-0.353651;-1788.568115; 1066.506836;-586.764404;-0.859670;-4.419783;-1.059814;-1756.924438; 1164.677734;-576.519348;-1.614970;-3.535238;-0.176825;-1688.379150; 1299.417114;-549.362305; 0.000000; 0.000001; 0.000000;-1616.141602; 1348.308472;-530.371704; 8.899523;-4.373626;-4.231011;-1572.523193; 1424.905273;-505.360474; 2.042202;-1.245362;-2.129390;-1532.254272; 1597.821777;-459.762207; 0.000000;-0.000000; 0.000000;-1428.721191; 1429.993286;-459.864990;-1515.828857; 1488.631226;-567.712585;-1566.189697; 1457.464233;-405.046814;-3.628658; 23.859102; 4.179827; 25.135298; 5.447945; 23.189423; 2.237428; 0.587414;
98;0;1776780260016667;;-1743.591553; 801.485352;-575.758179;-1552.855469; 723.940186;-647.906494;-19.007801; 33.836224;-37.928589;-1539.760376; 979.204102;-726.971741; 0.000000; 151.424194; 0.000000;-1543.648071; 1285.374878;-666.582764; 69.463013; 37.899456; 161.911484;-1982.041992; 836.406372;-418.532135;-0.582246; 11.466824;-15.849748;-1893.971191; 1087.969604;-395.252319; 0.000000; 145.661346; 0.000000;-1644.159058; 1274.992065;-399.607635;-2.251439; 44.852932; 165.772629;-2054.974365; 61.300392;-761.933289; 39.345406;-7.275744; 0.002924;-2184.276367; 109.256073;-750.720947; 39.345406;-7.275744; 0.002924;-1920.062744; 375.972229;-723.901917; 33.861061;-11.601659;-17.715635;-1829.902222; 772.477295;-660.621094; 14.294691;-15.434571; 30.067276;-1319.919922; 107.903183;-543.783203;-8.284574;-14.315541; 0.007375;-1441.407349; 143.700409;-599.495117;-8.284574; 14.315541;-0.007375;-1579.292603; 467.877167;-466.970947; 26.090179;-5.905143; 5.812858;-1836.833374; 788.557922;-480.619720; 55.219189; 4.878009;-44.871651;-1644.159058; 1274.992065;-399.607635;-32.113750; 77.194351; 9.592875;-1571.319946; 1310.918701;-568.853088; 1.283666; 2.768630;-34.316475;-1505.694824; 659.007507;-632.633667; 0.000000;-0.000000; 0.000000;-1977.140015; 42.304440;-768.728149; 0.000000;-0.000000; 0.000000;-1585.439331; 1299.697021;-482.739899; 0.915127; 1.742479;-1.372627;-2009.958374; 760.184204;-409.340302; 0.000000; 0.000000; 0.000000;-1248.986694; 95.706284;-507.937347; 0.000000; 0.000000; 0.000000;-1846.798584; 891.205688;-581.026001; 0.000000;-0.000000; 0.000000;-1779.160156; 987.980469;-581.647705;-1.135646;-3.543596;-0.395727;-1757.033081; 1072.025635;-579.003967;-0.937063;-4.430339;-1.185901;-1725.444458; 1170.078369;-567.531738;-1.754137;-3.543533;-0.197864;-1656.594971; 1304.324219;-538.749084;-0.000002; 0.000001; 0.000002;-1584.373657; 1353.085083;-519.365234; 9.673244;-4.149857;-4.335323;-1541.534058; 1429.946289;-493.824738; 2.215354;-1.200169;-2.450379;-1503.557495; 1603.087158;-447.123749; 0.000000;-0.000000; 0.000000;-1397.976318; 1436.540649;-447.754822;-1485.392090; 1494.705566;-555.609375;-1535.975098; 1462.023804;-393.310211;-3.568480; 23.018965; 5.003237; 23.685221; 6.715134; 21.627220; 2.413918; 0.575263;
99;0;1776780260033333;;-1709.151611; 809.508728;-571.237244;-1525.860962; 728.562988;-644.770752;-19.070332; 33.504696;-36.311699;-1510.856323; 985.494202;-717.871155; 0.000000; 152.516678; 0.000000;-1511.144653; 1291.407959;-656.071960; 69.307030; 37.658005; 162.164200;-1954.432495; 841.465820;-414.103638;-0.465278; 11.399048;-15.851394;-1862.615479; 1091.568848;-389.596222; 0.000000; 146.393570; 0.000000;-1612.100586; 1277.699585;-389.976471;-2.467221; 45.586716; 165.341644;-2041.506104; 71.950043;-763.868958; 38.274326;-7.342850; 0.001802;-2168.603027; 124.464355;-748.601624; 38.274326;-7.342850; 0.001802;-1898.927490; 385.970062;-725.031860; 33.441879;-11.089478;-17.768860;-1796.938354; 778.873474;-657.394592; 12.612464;-15.166111; 31.000849;-1248.156250; 128.108246;-538.929260;-13.522985;-14.321779; 0.010069;-1370.427612; 167.237854;-590.534180;-13.522985; 14.321779;-0.010069;-1525.759399; 487.617340;-468.490692; 25.238173;-3.643778; 5.229340;-1802.765259; 791.826538;-477.102112; 59.038181; 4.359407;-44.975536;-1612.100586; 1277.699585;-389.976471;-31.987757; 77.659752; 8.168291;-1538.660522; 1316.012817;-558.057800; 1.423727; 3.068717;-34.641830;-1479.361694; 663.166992;-629.447021; 0.000000;-0.000000; 0.000000;-1964.640625; 50.195957;-773.016052; 0.000000;-0.000000; 0.000000;-1552.358276; 1303.416260;-472.066772; 1.023723; 1.930776;-2.352332;-1983.860229; 765.754211;-405.420410; 0.000000; 0.000000; 0.000000;-1176.481567; 113.911659;-505.367218; 0.000000; 0.000000; 0.000000;-1813.536011; 896.177002;-575.652893; 0.000000;-0.000000; 0.000000;-1746.074341; 993.075195;-575.036438;-1.106352;-3.530780;-0.419615;-1724.123535; 1077.116943;-571.119629;-0.955083;-4.414422;-1.257500;-1692.665527; 1175.035767;-558.231934;-1.815235;-3.530708;-0.209808;-1623.785156; 1308.868530;-527.655029; 0.000003;-0.000001; 0.000000;-1551.673828; 1357.618530;-507.838989; 10.394444;-3.840424;-4.414133;-1509.666504; 1434.764771;-481.780334; 2.372137;-1.131927;-2.849465;-1474.049316; 1608.107666;-433.982849; 0.000000;-0.000000; 0.000000;-1366.379395; 1442.906494;-435.119049;-1454.109009; 1500.565308;-542.990540;-1504.894043; 1466.352417;-381.070496;-3.249320; 21.623219; 6.045978; 21.558985; 8.045341; 20.134552; 2.566266; 0.569602;
100;0;1776780260050000;;-1675.857056; 815.872742;-566.934753;-1498.156494; 732.558167;-643.624023;-19.030348; 32.757069;-34.733719;-1481.383301; 991.444702;-709.037598; 0.000000; 153.870224; 0.000000;-1477.867676; 1296.919678;-645.200806; 69.020493; 37.247124; 162.321869;-1924.848511; 845.133484;-409.175079;-0.351557; 11.313068;-15.868450;-1829.928345; 1093.866089;-382.627777; 0.000000; 147.026031; 0.000000;-1579.015869; 1279.439209;-379.793701;-1.995350; 46.138069; 164.729309;-2027.703491; 81.887802;-765.229980; 37.003098;-7.444945; 0.000292;-2152.253174; 139.067963;-746.196533; 37.003098;-7.444945; 0.000292;-1877.809937; 395.872803;-726.252014; 32.884048;-10.441189;-17.892174;-1763.735718; 784.767151;-654.852478; 10.945109;-14.658153; 31.915245;-1197.060303; 134.141373;-533.325012;-18.307953;-14.324658; 0.011905;-1318.438477; 179.826538;-581.539795;-18.307953; 14.324658;-0.011905;-1479.831787; 501.312653;-470.794952; 24.884548;-0.778799; 4.624625;-1768.857544; 794.231323;-474.321869; 61.769985; 3.922610;-44.748428;-1579.015869; 1279.439209;-379.793701;-31.987368; 77.915916; 7.144013;-1505.321777; 1320.307861;-546.871887; 1.528235; 3.291768;-34.958092;-1452.795410; 666.323669;-628.491089; 0.000000;-0.000000; 0.000000;-1951.999146; 57.296177;-776.601868; 0.000000;-0.000000; 0.000000;-1518.598022; 1306.212280;-461.047577; 1.056397; 1.976607;-3.139357;-1955.480225; 769.815613;-401.266266; 0.000000; 0.000000; 0.000000;-1125.385620; 116.057785;-501.687592; 0.000000; 0.000000; 0.000000;-1779.798096; 900.493652;-570.789062; 0.000000;-0.000000; 0.000000;-1712.184204; 997.262878;-568.599731;-0.944292;-3.499498;-0.420514;-1690.321289; 1081.247437;-563.233643;-0.908895;-4.375315;-1.260216;-1659.001221; 1178.988525;-548.758301;-1.794164;-3.499427;-0.210256;-1590.290039; 1312.443115;-516.210999; 0.000000; 0.000000; 0.000000;-1518.368530; 1361.263428;-495.884979; 11.082829;-3.416462;-4.443370;-1477.227417; 1438.719116;-469.366699; 2.516529;-1.030688;-3.327694;-1443.989502; 1612.273315;-420.631378; 0.000000;-0.000000; 0.000000;-1334.247925; 1448.443359;-422.069183;-1422.249023; 1505.492920;-530.043335;-1473.268433; 1469.899902;-368.494904;-2.709494; 19.726635; 7.228029; 18.813009; 9.383049; 18.871468; 2.679127; 0.569428;
101;0;1776780260066667;;-1643.875000; 819.861694;-562.787781;-1469.692261; 735.538818;-644.517395;-18.891647; 31.679941;-33.255852;-1451.367310; 996.506836;-700.574402; 0.000000; 155.438049; 0.000000;-1444.178467; 1301.322998;-633.956787; 68.554733; 36.583561; 162.308807;-1894.155884; 847.176392;-403.639862;-0.234825; 11.183974;-15.900776;-1796.467773; 1094.510010;-374.218567; 0.000000; 147.597107; 0.000000;-1545.342407; 1279.743530;-369.018311;-0.777671; 46.444332; 163.954178;-2012.322632; 90.503075;-766.539673; 35.711758;-7.575831;-0.000359;-2134.283936; 151.920090;-744.226990; 35.711758;-7.575831;-0.000359;-1856.029785; 404.817413;-727.401001; 32.212074;-9.746684;-18.019140;-1730.500732; 789.543884;-652.717346; 9.373308;-13.976459; 32.751205;-1167.552124; 125.114151;-527.894348;-21.988991;-14.324990; 0.012573;-1286.179932; 179.533417;-573.833923;-21.988991; 14.324990;-0.012573;-1441.430664; 507.411987;-473.542145; 25.207464; 2.459664; 3.988914;-1735.419067; 795.367188;-472.027008; 63.231262; 3.650359;-44.207836;-1545.342407; 1279.743530;-369.018311;-32.145458; 77.932755; 6.661130;-1471.726807; 1323.237549;-535.315308; 1.585718; 3.413260;-35.257206;-1425.862183; 668.158569;-629.941589; 0.000000;-0.000000; 0.000000;-1937.833130; 63.320976;-779.868469; 0.000000;-0.000000; 0.000000;-1484.646729; 1307.568970;-449.709625; 0.996684; 1.854939;-3.649549;-1925.763794; 772.157166;-396.806702; 0.000000; 0.000000; 0.000000;-1096.803711; 101.839417;-497.593353; 0.000000; 0.000000; 0.000000;-1745.950806; 903.614258;-566.308228; 0.000000;-0.000000; 0.000000;-1677.943970; 1000.049011;-562.292419;-0.688525;-3.458649;-0.398304;-1656.103027; 1083.925049;-555.365723;-0.815673;-4.324146;-1.193688;-1624.933105; 1181.445435;-539.178650;-1.713685;-3.458587;-0.199152;-1556.557373; 1314.534668;-504.499512;-0.000003;-0.000001;-0.000001;-1484.896484; 1363.475586;-483.552551; 11.736483;-2.850643;-4.389939;-1444.627686; 1441.272339;-456.695526; 2.649534;-0.885605;-3.875849;-1413.714722; 1615.086426;-407.359985; 0.000000;-0.000000; 0.000000;-1301.985962; 1452.604736;-408.740875;-1390.198608; 1508.870239;-516.953613;-1441.490601; 1472.229492;-355.726013;-2.094337; 17.674545; 8.396320; 15.782220; 10.671959; 17.973038; 2.747302; 0.574069;
102;0;1776780260083333;;-1612.914551; 821.168579;-558.619812;-1440.525269; 737.232422;-647.522095;-18.653883; 30.394365;-31.947540;-1420.933716; 1000.217651;-692.659912; 0.000000; 157.150482; 0.000000;-1410.453979; 1304.102539;-622.327759; 67.854034; 35.599461; 162.040619;-1863.274536; 847.458191;-397.335236;-0.113588; 10.986400;-15.950605;-1762.763428; 1093.214233;-364.411407; 0.000000; 148.185822; 0.000000;-1511.561401; 1278.293579;-357.652954; 1.089675; 46.455551; 163.091003;-1994.397583; 97.565994;-768.537476; 34.667599;-7.723448; 0.000620;-2114.113037; 162.293884;-743.577881; 34.667599;-7.723448; 0.000620;-1832.783936; 411.862946;-728.252869; 31.507738;-9.150528;-18.065762;-1697.062012; 792.483154;-650.423157; 7.921549;-13.268141; 33.452671;-1156.258911; 105.319099;-523.964478;-23.980902;-14.324184; 0.012446;-1270.730103; 168.748383;-568.881348;-23.980902; 14.324184;-0.012446;-1408.851685; 506.403198;-476.267975; 26.317396; 5.738939; 3.281605;-1702.304199; 794.832825;-469.663330; 63.480682; 3.616126;-43.411510;-1511.561401; 1278.293579;-357.652954;-32.468060; 77.720573; 6.754667;-1438.281738; 1324.346436;-523.408081; 1.591317; 3.423069;-35.523197;-1398.491699; 668.493774;-634.038086; 0.000000;-0.000000; 0.000000;-1920.983032; 68.347916;-783.430725; 0.000000;-0.000000; 0.000000;-1450.960327; 1307.104004;-438.069214; 0.841168; 1.561827;-3.864658;-1895.753662; 772.700745;-391.852051; 0.000000; 0.000000; 0.000000;-1087.227783; 76.654243;-494.329529; 0.000000; 0.000000; 0.000000;-1712.091797; 904.938171;-561.849670; 0.000000;-0.000000; 0.000000;-1643.659180; 1000.971436;-555.907898;-0.407757;-3.422695;-0.355755;-1621.855713; 1084.713623;-547.419922;-0.705762;-4.279028;-1.066191;-1590.897583; 1181.996338;-529.489929;-1.612553;-3.422646;-0.177877;-1523.011597; 1314.737183;-492.584473;-0.000002; 0.000000;-0.000001;-1451.673584; 1363.828247;-470.899811; 12.338502;-2.130535;-4.229717;-1412.254028; 1442.007690;-443.894592; 2.770284;-0.690017;-4.483206;-1383.531982; 1616.173950;-394.477173; 0.000000;-0.000000; 0.000000;-1269.970093; 1454.964355;-395.292511;-1358.316895; 1510.198730;-503.926239;-1409.928589; 1473.027344;-342.922302;-1.644134; 15.961969; 9.338183; 12.963424; 11.852760; 17.488243; 2.776584; 0.583005;
103;0;1776780260100000;;-1582.552246; 819.851379;-554.175537;-1410.959106; 737.527405;-652.743164;-18.332184; 29.026531;-30.901518;-1390.341553; 1002.253906;-685.565735; 0.000000; 158.922958; 0.000000;-1376.952759; 1304.854736;-610.359314; 66.844681; 34.284031; 161.432053;-1832.998535; 846.011292;-390.154541; 0.008211; 10.699109;-16.020683;-1729.215210; 1089.865845;-353.459595; 0.000000; 148.883926; 0.000000;-1478.060425; 1274.973877;-345.789764; 3.360088; 46.157242; 162.265640;-1973.798584; 103.311859;-771.778625; 34.130405;-7.872344; 0.002710;-2091.928467; 170.166336;-744.940857; 34.130405;-7.872344; 0.002710;-1807.637573; 416.284454;-728.502991; 30.887331;-8.809607;-17.962280;-1663.181030; 792.968079;-647.315369; 6.582278;-12.705374; 33.974766;-1157.212036; 81.287384;-522.359985;-23.917618;-14.323823; 0.012607;-1267.177002; 152.136230;-567.444580;-23.917618; 14.323823;-0.012607;-1379.901855; 500.008423;-478.317810; 28.223598; 8.713841; 2.446004;-1669.263916; 792.380005;-466.567566; 62.745068; 3.875193;-42.437668;-1478.060425; 1274.973877;-345.789764;-32.929047; 77.320999; 7.368275;-1405.236450; 1323.334106;-511.223724; 1.547941; 3.327954;-35.731331;-1370.852539; 667.323303;-641.060242; 0.000000;-0.000000; 0.000000;-1901.145508; 72.775887;-787.724976; 0.000000;-0.000000; 0.000000;-1417.830811; 1304.609131;-426.185394; 0.598065; 1.110869;-3.819516;-1866.386230; 771.557068;-386.221222; 0.000000; 0.000000; 0.000000;-1090.198120; 48.154587;-492.753204; 0.000000; 0.000000; 0.000000;-1678.219727; 904.013977;-556.983032; 0.000000;-0.000000; 0.000000;-1609.522461; 999.725586;-549.192566;-0.169883;-3.407326;-0.296342;-1587.843140; 1083.342773;-539.274902;-0.609701;-4.259614;-0.888142;-1557.195068; 1180.403931;-519.688354;-1.530730;-3.407292;-0.148170;-1489.919434; 1312.820679;-480.567108;-0.000002;-0.000000;-0.000001;-1418.951904; 1362.070801;-458.043610; 12.884790;-1.263009;-3.958833;-1380.341919; 1440.688232;-431.140594; 2.881227;-0.443835;-5.143015;-1353.639404; 1615.342896;-382.317627; 0.000000;-0.000000; 0.000000;-1238.445923; 1455.293457;-381.876312;-1326.794067; 1509.171875;-491.187775;-1378.845093; 1472.152466;-330.290222;-1.598019; 14.947092; 9.850157; 10.745963; 12.860161; 17.393089; 2.778826; 0.595564;
104;0;1776780260116667;;-1552.452637; 816.224060;-549.232666;-1381.519531; 736.553101;-660.267639;-17.956554; 27.682529;-30.228710;-1359.936768; 1002.528015;-679.607483; 0.000000; 160.671310; 0.000000;-1343.792236; 1303.383301;-598.195435; 65.441345; 32.706333; 160.413116;-1804.037842; 843.172363;-381.997742; 0.124626; 10.303012;-16.111807;-1696.138062; 1084.661865;-341.712189; 0.000000; 149.774811; 0.000000;-1445.102051; 1269.912842;-333.623352; 5.737984; 45.580555; 161.589905;-1950.712036; 108.043175;-776.227905; 34.242489;-8.007562; 0.004432;-2068.078857; 175.849609;-748.446960; 34.242489;-8.007562; 0.004432;-1780.416016; 417.695892;-727.807251; 30.461643;-8.835559;-17.677423;-1628.777588; 790.727539;-642.937683; 5.354478;-12.404080; 34.287399;-1164.227295; 58.567986;-522.919556;-21.731646;-14.325241; 0.013800;-1270.492554; 134.118805;-569.225342;-21.731646; 14.325241;-0.013800;-1352.771973; 490.158142;-479.049652; 30.822844; 11.133965; 1.438179;-1636.198486; 788.045959;-462.258759; 61.289967; 4.454464;-41.364494;-1445.102051; 1269.912842;-333.623352;-33.486530; 76.769012; 8.399770;-1372.678833; 1320.128906;-498.925812; 1.465008; 3.148528;-35.855232;-1343.360107; 664.889465;-651.222229; 0.000000;-0.000000; 0.000000;-1878.409668; 76.905319;-792.598816; 0.000000;-0.000000; 0.000000;-1385.395142; 1300.100464;-414.203156; 0.279741; 0.520956;-3.563564;-1838.521362; 769.150085;-379.710693; 0.000000; 0.000000; 0.000000;-1098.937622; 22.597221;-492.777161; 0.000000; 0.000000; 0.000000;-1644.396729; 900.730103;-551.434753; 0.000000;-0.000000; 0.000000;-1575.716064; 996.307373;-542.018555;-0.030673;-3.425295;-0.224705;-1554.272461; 1079.836304;-530.915527;-0.553591;-4.281883;-0.673436;-1524.022827; 1176.715088;-509.861481;-1.503939;-3.425277;-0.112352;-1457.389282; 1308.816284;-468.631561; 0.000000; 0.000001; 0.000000;-1386.811523; 1358.195312;-445.184418; 13.396188;-0.272399;-3.590633;-1348.961548; 1437.309326;-418.659698; 2.990225;-0.152871;-5.848167;-1324.102417; 1612.609863;-371.197083; 0.000000;-0.000000; 0.000000;-1207.514893; 1453.593140;-368.635315;-1295.636108; 1505.739258;-478.965393;-1348.381348; 1469.659424;-318.080505;-2.087973; 14.710696; 9.806883; 9.263168; 13.616577; 17.629951; 2.764763; 0.610857;
105;0;1776780260133333;;-1522.422119; 810.704163;-543.678955;-1352.860596; 734.678345;-670.129272;-17.552862; 26.434040;-30.024057;-1330.109253; 1001.212463;-675.067322; 0.000000; 162.330170; 0.000000;-1311.055542; 1299.736816;-586.058350; 63.571918; 31.012453; 158.949890;-1777.094482; 839.569031;-372.642212; 0.231090; 9.779563;-16.223391;-1663.846313; 1078.087036;-329.439667; 0.000000; 150.922485; 0.000000;-1412.874146; 1263.426880;-321.403778; 7.994105; 44.796497; 161.093826;-1924.608521; 111.436279;-781.074768; 34.965813;-8.117924; 0.004408;-2042.048584; 179.164688;-753.413208; 34.965813;-8.117924; 0.004408;-1750.738525; 415.897308;-725.814514; 30.302637;-9.247356;-17.219028;-1593.984863; 785.923950;-637.168030; 4.275316;-12.381441; 34.375500;-1172.801636; 40.207489;-524.825439;-17.685877;-14.329080; 0.016015;-1276.826782; 117.559265;-573.198425;-17.685877; 14.329080;-0.016015;-1326.408081; 478.346375;-478.119965; 33.918354; 12.894944; 0.249122;-1603.161377; 782.145142;-456.589478; 59.306328; 5.334086;-40.262165;-1412.874146; 1263.426880;-321.403778;-34.098591; 76.065979; 9.740527;-1340.652588; 1314.895142;-486.742950; 1.356231; 2.914423;-35.880547;-1316.614502; 661.676147;-664.603149; 0.000000;-0.000000; 0.000000;-1852.234009; 80.325790;-797.176575; 0.000000;-0.000000; 0.000000;-1353.740845; 1293.797241;-402.337158;-0.102674;-0.192066;-3.129570;-1813.005127; 766.195923;-371.977417; 0.000000; 0.000000; 0.000000;-1108.583252; 3.167408;-493.692993; 0.000000; 0.000000; 0.000000;-1610.824341; 895.333740;-545.172302; 0.000000;-0.000000; 0.000000;-1542.523926; 991.045776;-534.450500;-0.046041;-3.484522;-0.149443;-1521.417969; 1074.539307;-522.468994;-0.564844;-4.355772;-0.447861;-1491.601562; 1171.279053;-500.193298;-1.570363;-3.484513;-0.074721;-1425.484985; 1303.016113;-457.012177; 0.000000; 0.000001;-0.000001;-1355.265869; 1352.422241;-432.566895; 13.915447; 0.800508;-3.145710;-1318.105225; 1432.069092;-406.669769; 3.109892; 0.172414;-6.579523;-1294.901367; 1608.148682;-361.299438; 0.000000;-0.000000; 0.000000;-1177.195801; 1450.035645;-355.713867;-1264.780029; 1500.097534;-467.428192;-1318.585571; 1465.727051;-306.520172;-3.089778; 15.118419; 9.195158; 8.444408; 14.048248; 18.119553; 2.738644; 0.628085;
106;0;1776780260150000;;-1492.374146; 803.701599;-537.504211;-1325.668945; 732.460693;-682.281372;-17.124468; 25.314810;-30.321686;-1301.279053; 998.701416;-672.108521; 0.000000; 163.863266; 0.000000;-1278.925171; 1294.181763;-574.158875; 61.200150; 29.371542; 157.052795;-1752.746460; 835.890808;-361.776947; 0.324971; 9.118629;-16.358953;-1632.675903; 1070.712524;-316.784454; 0.000000; 152.361267; 0.000000;-1381.580811; 1255.911011;-309.351868; 9.997480; 43.890514; 160.723633;-1893.687378; 112.127457;-784.950012; 36.096588;-8.197337; 0.002230;-2011.971313; 178.832581;-758.420959; 36.096588;-8.197337; 0.002230;-1717.697876; 410.690674;-722.219421; 30.428797;-9.955544;-16.622370;-1559.084717; 779.087708;-630.158936; 3.432801;-12.579315; 34.239326;-1180.713257; 26.819748;-527.176514;-12.353024;-14.335426; 0.018583;-1283.854248; 103.688660;-578.142944;-12.353024; 14.335426;-0.018583;-1300.520142; 465.433167;-475.533356; 37.253201; 14.006320;-1.090357;-1570.237793; 775.165894;-449.694641; 56.852356; 6.427360;-39.198101;-1381.580811; 1255.911011;-309.351868;-34.713154; 75.189598; 11.288951;-1309.298462; 1307.985229;-474.880280; 1.237305; 2.659167;-35.820168;-1291.321655; 658.349121;-681.111877; 0.000000;-0.000000; 0.000000;-1820.861816; 81.623749;-800.153992; 0.000000;-0.000000; 0.000000;-1323.025879; 1286.055786;-390.788544;-0.536431;-1.009709;-2.529480;-1790.511841; 763.456299;-362.586823; 0.000000; 0.000000; 0.000000;-1116.938843;-9.888840;-494.764893; 0.000000; 0.000000; 0.000000;-1577.836792; 888.321899;-538.324585; 0.000000;-0.000000; 0.000000;-1510.393188; 984.532104;-526.676880;-0.288416;-3.587938;-0.084722;-1489.716064; 1068.049316;-514.126526;-0.679539;-4.484961;-0.253888;-1460.295288; 1164.680542;-490.874878;-1.779315;-3.587933;-0.042361;-1394.358521; 1295.903320;-445.890808;-0.000002;-0.000002;-0.000001;-1324.393921; 1345.132690;-420.381958; 14.500362; 1.898097;-2.643120;-1287.814819; 1425.300293;-395.275604; 3.256155; 0.517720;-7.295371;-1266.047974; 1602.220093;-352.537781; 0.000000;-0.000000; 0.000000;-1147.523193; 1444.896484;-343.227631;-1234.266968; 1492.643799;-456.598633;-1289.481812; 1460.567993;-295.694275;-4.434426; 15.958083; 8.129292; 8.158271; 14.128777; 18.763855; 2.696901; 0.646989;
107;0;1776780260166667;;-1462.261597; 795.622742;-530.736267;-1300.514404; 730.620483;-696.583191;-16.655327; 24.327145;-31.066566;-1273.831177; 995.578369;-670.741821; 0.000000; 165.260056; 0.000000;-1247.696899; 1287.175659;-562.619324; 58.331085; 27.905031; 154.764862;-1731.233643; 832.684448;-349.162567; 0.405502; 8.336589;-16.532541;-1602.924561; 1063.042969;-303.839294; 0.000000; 154.088913; 0.000000;-1351.471191; 1247.799194;-297.608032; 11.669015; 42.939209; 160.385468;-1855.041260; 108.036697;-786.369446; 37.354675;-8.244855;-0.001316;-1974.900391; 172.613403;-761.709717; 37.354675;-8.244855;-0.001316;-1679.852783; 401.949585;-716.794678; 30.802357;-10.793246;-15.944399;-1524.374268; 771.036865;-622.186890; 2.958001;-12.918387; 33.893818;-1187.533447; 17.363472;-529.268982;-6.512680;-14.344026; 0.020870;-1290.467163; 92.623779;-582.981079;-6.512680; 14.344026;-0.020870;-1275.401611; 451.788849;-471.450531; 40.544357; 14.527708;-2.517964;-1537.425659; 767.725708;-441.837708; 53.851040; 7.584210;-38.246971;-1351.471191; 1247.799194;-297.608032;-35.244759; 74.123840; 12.941684;-1278.882202; 1299.909668;-463.449585; 1.121587; 2.410971;-35.722343;-1268.124023; 655.724731;-700.471375; 0.000000;-0.000000; 0.000000;-1781.428955; 78.819946;-800.255493; 0.000000;-0.000000; 0.000000;-1293.495361; 1277.348877;-379.674683;-1.001497;-1.899688;-1.771224;-1771.288452; 761.514221;-351.173401; 0.000000; 0.000000; 0.000000;-1123.898804;-18.327980;-495.476013; 0.000000; 0.000000; 0.000000;-1545.813354; 880.364075;-531.053894; 0.000000;-0.000000; 0.000000;-1479.880615; 977.553650;-518.897522;-0.850059;-3.733951;-0.048153;-1459.734131; 1061.154419;-506.043732;-0.943564;-4.667451;-0.144286;-1430.602661; 1157.683472;-482.016571;-2.191989;-3.733952;-0.024078;-1364.270508; 1288.107300;-435.322662;-0.000003;-0.000001;-0.000001;-1294.369629; 1336.834839;-408.700104; 15.214353; 2.948658;-2.097486;-1258.218018; 1417.447754;-384.413971; 3.445859; 0.865660;-7.932445;-1237.634399; 1595.171265;-344.519318; 0.000000;-0.000000; 0.000000;-1118.572632; 1438.540771;-331.225739;-1204.293457; 1483.949951;-446.322327;-1261.094604; 1454.423828;-285.481995;-5.851094; 17.050241; 6.843180; 8.332016; 13.903358; 19.480545; 2.630154; 0.668171;
108;0;1776780260183333;;-1431.971436; 786.991272;-523.374512;-1277.704834; 730.026855;-712.831665;-16.129351; 23.457907;-32.121262;-1248.001221; 992.588684;-670.861816; 0.000000; 166.525101; 0.000000;-1217.628540; 1279.333374;-551.457153; 54.999374; 26.662401; 152.142975;-1712.343872; 830.351135;-334.669678; 0.473987; 7.493439;-16.771046;-1574.736328; 1055.542847;-290.676971; 0.000000; 156.065598; 0.000000;-1322.725342; 1239.589355;-286.224731; 12.935679; 42.011063; 159.970306;-1805.198608; 97.424164;-784.108093; 38.506001;-8.264392;-0.004992;-1927.422119; 158.274628;-761.677979; 38.506001;-8.264392;-0.004992;-1635.455933; 389.971802;-709.354309; 31.332760;-11.585665;-15.263478;-1490.018311; 762.812378;-613.503052; 2.998328;-13.334186; 33.366497;-1193.768677; 10.124100;-530.565735;-0.963920;-14.353977; 0.022408;-1296.308594; 83.997925;-586.892456;-0.963920; 14.353977;-0.022408;-1251.663574; 437.622803;-465.971649; 43.519646; 14.532189;-3.954148;-1504.576050; 760.600220;-433.252411; 50.134823; 8.634074;-37.491257;-1322.725342; 1239.589355;-286.224731;-35.573040; 72.877762; 14.574695;-1249.645996; 1291.308716;-452.458252; 1.014779; 2.181637;-35.662239;-1247.407227; 654.750244;-722.272461; 0.000000;-0.000000; 0.000000;-1730.465698; 70.475403;-796.515991; 0.000000;-0.000000; 0.000000;-1265.334961; 1268.261841;-369.010864;-1.471179;-2.815446;-0.880910;-1755.040894; 760.760742;-337.458618; 0.000000; 0.000000; 0.000000;-1130.386230;-24.698185;-495.419281; 0.000000; 0.000000; 0.000000;-1515.023071; 872.278931;-523.452271; 0.000000;-0.000000; 0.000000;-1451.468018; 971.031311;-511.227478;-1.826493;-3.917367;-0.054817;-1431.977661; 1054.771606;-498.270844;-1.404290;-4.896725;-0.164234;-1402.968750; 1151.176514;-473.605652;-2.870574;-3.917365;-0.027408;-1335.438843; 1280.366577;-425.229095; 0.000002; 0.000000; 0.000000;-1265.324829; 1328.145874;-397.472290; 16.116966; 3.874589;-1.523513;-1229.400879; 1409.067261;-373.884033; 3.693916; 1.196835;-8.421738;-1209.719849; 1587.468750;-336.648041; 0.000000;-0.000000; 0.000000;-1090.347778; 1431.431274;-319.673035;-1175.058716; 1474.730957;-436.319824;-1233.358887; 1447.615356;-275.591553;-7.049014; 18.297676; 5.622983; 8.983275; 13.455795; 20.249680; 2.526658; 0.693325;
109;0;1776780260200000;;-1401.215820; 778.517578;-515.367615;-1257.144409; 731.604858;-730.808655;-15.535501; 22.692545;-33.308731;-1223.699097; 990.521240;-672.275024; 0.000000; 167.673569; 0.000000;-1188.653564; 1271.283936;-540.568604; 51.246143; 25.637300; 149.238358;-1695.380127; 829.229248;-318.245209; 0.533056; 6.685688;-17.111370;-1547.944336; 1048.701172;-277.291107; 0.000000; 158.207031; 0.000000;-1295.200806; 1231.781738;-275.137573; 13.725649; 41.186726; 159.359924;-1741.102295; 80.375282;-777.623413; 39.444252;-8.263700;-0.008008;-1866.517334; 135.252151;-757.522400; 39.444252;-8.263700;-0.008008;-1582.967651; 375.955841;-699.843201; 31.900364;-12.216195;-14.669244;-1455.898315; 755.511047;-604.235352; 3.670555;-13.789541; 32.692387;-1200.071411; 3.706444;-530.658264; 3.701882;-14.363111; 0.022775;-1301.325195; 77.484222;-589.386230; 3.701882; 14.363111;-0.022775;-1229.895508; 423.291748;-459.076996; 45.965553; 14.110126;-5.317340;-1471.402954; 754.648071;-424.052155; 45.547558; 9.461226;-37.007126;-1295.200806; 1231.781738;-275.137573;-35.581585; 71.492737; 16.028215;-1221.504639; 1282.805786;-441.789276; 0.912459; 1.961363;-35.709763;-1229.125610; 656.406799;-746.100098; 0.000000;-0.000000; 0.000000;-1664.932129; 57.060112;-788.564819; 0.000000;-0.000000; 0.000000;-1238.382080; 1259.370850;-358.682617;-1.921709;-3.711849; 0.076656;-1740.931396; 761.481445;-321.236176; 0.000000; 0.000000; 0.000000;-1137.395020;-31.051918;-494.206512; 0.000000; 0.000000; 0.000000;-1485.395874; 864.924255;-515.488831; 0.000000;-0.000000; 0.000000;-1425.226562; 965.817139;-503.615051;-3.272588;-4.129005;-0.107828;-1406.521240; 1049.741089;-490.689575;-2.089052;-5.161329;-0.323011;-1377.415039; 1145.972046;-465.465851;-3.851516;-4.129000;-0.053913;-1307.734619; 1273.361206;-415.393036;-0.000002;-0.000000; 0.000000;-1237.076172; 1319.657959;-386.526917; 17.253969; 4.607775;-0.940751;-1201.158569; 1400.710693;-363.384491; 4.009889; 1.492303;-8.710072;-1182.116577; 1579.610474;-328.267792; 0.000000;-0.000000; 0.000000;-1062.565918; 1424.050659;-308.411163;-1146.474976; 1465.691162;-426.235657;-1205.939575; 1440.493286;-265.621918;-7.843226; 19.683640; 4.687844; 10.158246; 12.853050; 21.109131; 2.377447; 0.725685;
110;0;1776780260216667;;-1369.496948; 770.987915;-506.597595;-1238.164062; 736.235474;-750.303528;-14.851039; 22.001135;-34.482044;-1200.320801; 990.066162;-674.670593; 0.000000; 168.730942; 0.000000;-1160.133789; 1263.481567;-529.648193; 47.089802; 24.792801; 146.072372;-1679.177246; 829.628967;-299.852478; 0.589396; 6.000697;-17.593086;-1521.951660; 1043.027588;-263.470703; 0.000000; 160.371216; 0.000000;-1268.203247; 1224.724731;-264.064697; 14.001629; 40.575500; 158.443359;-1661.900391; 59.846092;-767.613586; 40.185844;-8.251087;-0.010349;-1791.063232; 106.221313;-749.985413; 40.185844;-8.251087;-0.010349;-1521.980835; 362.132599;-688.588013; 32.411991;-12.650459;-14.229486;-1421.523315; 749.899475;-594.275757; 5.014594;-14.293696; 31.898678;-1206.492310;-2.122978;-529.306152; 7.314973;-14.367171; 0.021367;-1305.244873; 73.134552;-590.369263; 7.314973; 14.367171;-0.021367;-1210.219971; 409.469055;-450.673370; 47.794247; 13.405522;-6.538131;-1437.636475; 750.492615;-414.144897; 40.114368; 10.100643;-36.835651;-1268.203247; 1224.724731;-264.064697;-35.236103; 70.045906; 17.096073;-1193.763428; 1274.775513;-431.104797; 0.799345; 1.717487;-35.865128;-1212.650879; 661.630371;-771.676392; 0.000000;-0.000000; 0.000000;-1584.147095; 41.672283;-777.065979; 0.000000;-0.000000; 0.000000;-1211.861694; 1251.026855;-348.344788;-2.345953;-4.569829; 0.974972;-1727.637939; 763.911987;-302.398529; 0.000000; 0.000000; 0.000000;-1145.145508;-37.798168;-491.503357; 0.000000; 0.000000; 0.000000;-1456.312012; 858.908325;-506.959503; 0.000000;-0.000000; 0.000000;-1400.416260; 962.302124;-495.730286;-5.128035;-4.352401;-0.184626;-1382.567017; 1046.428467;-482.910492;-2.967303;-5.440726;-0.552979;-1353.119263; 1142.417847;-457.168060;-5.098086;-4.352385;-0.092314;-1280.403687; 1267.410034;-405.398804; 0.000000;-0.000001;-0.000001;-1208.901611; 1311.713013;-375.499512; 18.621210; 5.112753;-0.368355;-1172.799561; 1392.722900;-352.494354; 4.388269; 1.738157;-8.774080;-1154.213623; 1571.938232;-318.769684; 0.000000;-0.000000; 0.000000;-1034.490601; 1416.752686;-297.105286;-1117.947998; 1457.277466;-415.637451;-1178.079346; 1433.300781;-255.084961;-8.266123; 21.232319; 4.095960; 11.801379; 12.126472; 22.084808; 2.184215; 0.770861;
111;0;1776780260233333;;-1336.366455; 764.985901;-496.847290;-1219.642456; 744.808472;-771.009521;-14.035620; 21.299204;-35.585983;-1176.860107; 991.839722;-677.587402; 0.000000; 169.720810; 0.000000;-1130.984863; 1256.198120;-518.174316; 42.504181; 24.066759; 142.608490;-1662.408936; 831.890320;-279.393463; 0.663291; 5.460774;-18.243513;-1495.911133; 1039.065674;-248.745468; 0.000000; 162.374451; 0.000000;-1240.659424; 1218.606567;-252.492950; 13.801759; 40.288227; 157.148743;-1570.927002; 40.751911;-755.820984; 40.808819;-8.230912;-0.012403;-1703.729370; 76.741608;-741.236023; 40.808819;-8.230912;-0.012403;-1454.234375; 350.942688;-676.185242; 32.865463;-12.920925;-13.948110;-1386.268066; 746.018494;-583.205017; 6.980388;-14.910281; 30.979074;-1212.060059;-6.259499;-526.495300; 10.201592;-14.359215; 0.017130;-1307.305054; 71.354706;-590.126160; 10.201592; 14.359215;-0.017130;-1192.062500; 397.035797;-440.738983; 49.084743; 12.644835;-7.567348;-1403.384033; 748.151184;-403.178314; 34.180092; 10.780918;-36.934120;-1240.659424; 1218.606567;-252.492950;-34.649452; 68.628624; 17.547314;-1165.241089; 1267.292236;-419.824219; 0.653396; 1.403375;-35.999527;-1196.952637; 671.405945;-798.774048; 0.000000;-0.000000; 0.000000;-1491.783325; 28.802963;-763.483459; 0.000000;-0.000000; 0.000000;-1184.541992; 1243.313477;-337.402954;-2.759509;-5.408820; 1.628587;-1713.713745; 768.336487;-280.930939; 0.000000; 0.000000; 0.000000;-1152.588501;-43.402542;-487.141357; 0.000000; 0.000000; 0.000000;-1426.760376; 854.333008;-497.498291; 0.000000;-0.000000; 0.000000;-1375.485229; 960.167236;-486.977753;-7.165533;-4.561302;-0.233398;-1358.430054; 1044.479614;-474.300110;-3.923351;-5.702005;-0.698945;-1328.439819; 1140.167603;-448.066528;-6.465058;-4.561274;-0.116700;-1252.214844; 1262.352539;-394.669617;-0.000002;-0.000000;-0.000001;-1179.727295; 1304.357300;-363.840607; 20.115396; 5.406743; 0.190325;-1143.337036; 1385.205200;-340.720032; 4.796834; 1.930466;-8.618634;-1125.131592; 1564.597778;-307.738098; 0.000000;-0.000000; 0.000000;-1005.127258; 1409.739014;-285.304352;-1088.551758; 1449.598389;-404.085022;-1148.787354; 1426.185181;-243.488525;-8.533708; 22.935234; 3.764784; 13.651806; 11.290352; 23.120415; 1.965032; 0.837598;
112;0;1776780260250000;;-1301.926147; 760.711182;-485.840607;-1200.768188; 758.202759;-792.174255;-13.054074; 20.444931;-36.649281;-1152.581543; 996.464172;-680.406372; 0.000000; 170.639221; 0.000000;-1100.366699; 1249.718506;-505.654144; 37.444248; 23.360674; 138.754333;-1644.336060; 836.535156;-256.953918; 0.793298; 5.012813;-19.051796;-1469.349731; 1037.467773;-232.697250; 0.000000; 164.055862; 0.000000;-1211.871338; 1213.691040;-239.956573; 13.226375; 40.367588; 155.493744;-1475.045166; 26.887741;-743.228638; 41.387566;-8.201551;-0.014211;-1610.707153; 52.039642;-732.852173; 41.387566;-8.201551;-0.014211;-1383.297974; 343.628815;-662.663757; 33.365368;-13.096709;-13.755081;-1349.991089; 743.312439;-570.504700; 9.454193;-15.684109; 29.878397;-1215.314819;-7.247200;-522.432678; 12.921093;-14.329628; 0.008982;-1306.713745; 72.432587;-589.079834; 12.921093; 14.329628;-0.008982;-1174.605225; 386.698792;-429.550262; 50.005890; 12.079447;-8.370327;-1369.378296; 747.124329;-390.736145; 28.293312; 11.796511;-37.147926;-1211.871338; 1213.691040;-239.956573;-34.040257; 67.301155; 17.239988;-1135.034180; 1260.407715;-407.403351; 0.462651; 0.993913;-35.898277;-1181.389893; 686.728149;-826.663391; 0.000000;-0.000000; 0.000000;-1394.997070; 21.370480;-748.430603; 0.000000;-0.000000; 0.000000;-1155.545166; 1236.332031;-325.303284;-3.187629;-6.265732; 1.879977;-1698.376221; 775.271362;-257.153137; 0.000000; 0.000000; 0.000000;-1157.945557;-45.684605;-481.243530; 0.000000; 0.000000; 0.000000;-1396.073608; 850.946045;-486.786682; 0.000000;-0.000000; 0.000000;-1348.972900; 958.757812;-476.843994;-9.073075;-4.726823;-0.203271;-1332.494995; 1043.211670;-464.345703;-4.800160;-5.908825;-0.608643;-1301.865356; 1138.573730;-437.668060;-7.751169;-4.726798;-0.101633;-1222.265503; 1257.915161;-382.784943; 0.000000;-0.000001;-0.000001;-1148.875122; 1297.649780;-351.094604; 21.571339; 5.549748; 0.753688;-1112.211304; 1378.309082;-327.748352; 5.188187; 2.076078;-8.266511;-1094.416626; 1557.818604;-295.181488; 0.000000;-0.000000; 0.000000;-973.954834; 1403.327271;-272.666595;-1057.726807; 1442.713867;-391.360474;-1117.572876; 1419.479614;-230.592422;-8.849841; 24.684711; 3.574839; 15.314633; 10.351822; 24.084007; 1.746362; 0.937477;
113;0;1776780260266667;;-1266.799072; 758.141296;-473.369965;-1181.619507; 776.972961;-812.446838;-11.891877; 19.305925;-37.712151;-1127.540283; 1004.451172;-682.402283; 0.000000; 171.455902; 0.000000;-1068.252930; 1244.453369;-491.912292; 31.920528; 22.572792; 134.425247;-1625.173706; 844.265747;-233.196991; 1.026981; 4.573353;-19.949541;-1442.488770; 1038.923340;-215.388443; 0.000000; 165.342773; 0.000000;-1181.978394; 1210.437622;-226.329712; 12.397218; 40.758522; 153.614349;-1380.254639; 18.933769;-728.532715; 41.938904;-8.157816;-0.014952;-1517.703125; 34.110657;-723.837463; 41.938904;-8.157816;-0.014952;-1312.256470; 339.951752;-646.905945; 34.070980;-13.254052;-13.541362;-1313.235474; 741.298584;-555.969788; 12.317659;-16.525892; 28.507612;-1215.304688;-4.565956;-517.482056; 15.810427;-14.267109;-0.002990;-1303.232544; 76.128357;-587.493347; 15.810427; 14.267109; 0.002990;-1157.419312; 378.757599;-417.730042; 50.660255; 11.854948;-8.913554;-1336.530884; 746.978271;-376.715240; 22.873426; 13.291215;-37.270737;-1181.978394; 1210.437622;-226.329712;-33.609943; 66.077080; 16.254789;-1103.130371; 1254.418213;-393.659668; 0.237451; 0.510763;-35.390903;-1166.228760; 708.208435;-853.777222; 0.000000;-0.000000; 0.000000;-1299.871338; 19.281311;-730.432617; 0.000000;-0.000000; 0.000000;-1124.948242; 1230.450562;-311.865448;-3.646464;-7.164391; 1.716816;-1681.863770; 785.456360;-232.045761; 0.000000; 0.000000; 0.000000;-1159.889648;-43.646404;-474.272125; 0.000000; 0.000000; 0.000000;-1364.374146; 848.588013;-474.784119; 0.000000;-0.000000; 0.000000;-1320.433472; 957.761292;-465.238403;-10.632042;-4.831102;-0.084250;-1304.235352; 1042.304688;-452.982056;-5.493893;-6.038930;-0.252245;-1272.975098; 1137.360840;-425.946503;-8.815947;-4.831100;-0.042124;-1190.591797; 1254.171875;-369.743011; 0.000002; 0.000000; 0.000000;-1116.548950; 1291.938354;-337.175751; 22.877438; 5.605441; 1.343258;-1079.734375; 1372.473633;-313.639435; 5.531006; 2.186890;-7.752650;-1062.493896; 1552.124023;-281.554382; 0.000000;-0.000000; 0.000000;-941.374023; 1398.136597;-259.118103;-1025.722046; 1436.932617;-377.598328;-1084.898193; 1413.850708;-216.560547;-9.250728; 26.298100; 3.429711; 16.475029; 9.303978; 24.826935; 1.544300; 1.084234;
114;0;1776780260283333;;-1231.415283; 757.283020;-459.337921;-1162.722168; 801.169067;-830.343933;-10.536745; 17.840218;-38.772312;-1102.231934; 1016.058960;-682.879517; 0.000000; 172.153122; 0.000000;-1035.160767; 1240.867554;-477.051941; 26.039339; 21.658571; 129.615906;-1605.447388; 855.620178;-209.183350; 1.403133; 4.078381;-20.824562;-1415.710693; 1043.877319;-197.279205; 0.000000; 166.251358; 0.000000;-1151.454102; 1209.292847;-211.723145; 11.461673; 41.354317; 151.714401;-1287.783569; 15.550572;-708.678467; 42.374104;-8.095379;-0.012729;-1425.971313; 22.138397;-710.958557; 42.374104;-8.095379;-0.012729;-1241.557983; 339.325348;-626.995789; 35.125156;-13.453451;-13.204632;-1276.573975; 739.981750;-539.829285; 15.527308;-17.186342; 26.776005;-1211.977783; 1.043098;-512.204834; 18.797796;-14.161577;-0.016650;-1297.162598; 81.725800;-585.541748; 18.797796; 14.161577; 0.016650;-1140.552734; 373.138306;-406.048828; 51.009098; 11.939853;-9.158743;-1305.117065; 747.672241;-361.410492; 18.003910; 15.187010;-37.141636;-1151.454102; 1209.292847;-211.723145;-33.480606; 64.951591; 14.873549;-1070.082520; 1249.792969;-378.715179;-0.002231;-0.004812;-34.419838;-1152.081787; 735.890259;-878.292847; 0.000000;-0.000000; 0.000000;-1207.583496; 20.909042;-706.571106; 0.000000;-0.000000; 0.000000;-1093.368530; 1226.183228;-297.222198;-4.142603;-8.118363; 1.280578;-1664.734253; 799.461487;-206.969360; 0.000000; 0.000000; 0.000000;-1158.157837;-38.039570;-467.025543; 0.000000; 0.000000; 0.000000;-1332.069092; 847.358948;-461.677399; 0.000000;-0.000000; 0.000000;-1290.202148; 957.365417;-452.379700;-11.796848;-4.871449; 0.093131;-1274.024048; 1041.957153;-440.434113;-5.992463;-6.089376; 0.278824;-1242.216064; 1136.761597;-413.154449;-9.630657;-4.871446; 0.046564;-1157.789917; 1251.527344;-355.781006; 0.000000;-0.000002; 0.000000;-1083.399902; 1287.743164;-322.257629; 24.016644; 5.614687; 1.962169;-1046.620117; 1368.274780;-298.654449; 5.821040; 2.273052;-7.122737;-1030.172729; 1548.144043;-267.389679; 0.000000;-0.000000; 0.000000;-908.194275; 1394.865967;-244.747620;-993.167358; 1432.734253;-363.081207;-1051.640625; 1410.035645;-201.732529;-9.622612; 27.623600; 3.255820; 17.026266; 8.134460; 25.221603; 1.356261; 1.295056;
115;0;1776780260300000;;-1195.565796; 758.230225;-443.691345;-1144.401245; 830.502625;-844.773560;-8.968203; 16.128323;-39.785793;-1077.048096; 1031.321289;-681.317505; 0.000000; 172.746658; 0.000000;-1001.614441; 1239.384399;-461.267517; 19.972580; 20.642826; 124.416107;-1585.278198; 870.669189;-185.863235; 1.930222; 3.500417;-21.562016;-1389.016724; 1052.368652;-178.847900; 0.000000; 166.835785; 0.000000;-1120.501953; 1210.481323;-196.243835; 10.598186; 42.058414; 149.984924;-1194.155151; 15.425289;-680.038696; 42.456367;-8.014560;-0.005134;-1332.146729; 14.675293;-690.149841; 42.456367;-8.014560;-0.005134;-1169.099487; 341.914276;-600.730408; 36.606632;-13.726816;-12.680727;-1239.975830; 739.673584;-522.540039; 19.158117;-17.331875; 24.618326;-1205.945312; 8.150536;-507.450745; 21.580801;-14.008635;-0.028755;-1289.046631; 88.327850;-583.675720; 21.580801; 14.008635; 0.028755;-1124.342773; 369.484619;-395.290253; 50.904774; 12.168396;-9.068696;-1274.519043; 749.347656;-345.282257; 13.477287; 17.276470;-36.677124;-1120.501953; 1210.481323;-196.243835;-33.721802; 63.931980; 13.421764;-1036.410767; 1246.967773;-362.773773;-0.244014;-0.527504;-33.007782;-1139.186157; 769.491577;-898.848450; 0.000000;-0.000000; 0.000000;-1114.592773; 25.039135;-673.511292; 0.000000;-0.000000; 0.000000;-1061.304932; 1223.946167;-281.588501;-4.685381;-9.154591; 0.770034;-1647.094116; 817.333740;-183.076874; 0.000000; 0.000000; 0.000000;-1153.374023;-30.623249;-460.567261; 0.000000; 0.000000; 0.000000;-1299.213013; 847.414062;-447.705200; 0.000000;-0.000000; 0.000000;-1258.640503; 957.914062;-438.522003;-12.637311;-4.852357; 0.288752;-1242.356201; 1042.533813;-426.924133;-6.339696;-6.066061; 0.864502;-1210.151978; 1137.166016;-399.511597;-10.238262;-4.852309; 0.144377;-1124.388550; 1250.407349;-341.101929; 0.000002;-0.000001;-0.000002;-1049.933594; 1285.498779;-306.543152; 25.009645; 5.598286; 2.593199;-1013.388000; 1366.161011;-283.022278; 6.066152; 2.340584;-6.428863;-998.012695; 1546.335693;-252.994720; 0.000000;-0.000000; 0.000000;-874.992065; 1393.995972;-229.669312;-960.523010; 1430.532227;-348.019775;-1018.417297; 1408.531738;-186.365891;-9.809690; 28.617489; 2.981372; 17.041328; 6.836464; 25.204491; 1.172560; 1.554095;
116;0;1776780260316667;;-1158.723389; 761.137024;-426.420135;-1126.700684; 864.418945;-855.094482;-7.186501; 14.344620;-40.687927;-1052.184326; 1050.078735;-677.442505; 0.000000; 173.258438; 0.000000;-967.985718; 1240.313721;-444.797577; 13.914530; 19.588047; 118.989609;-1564.346069; 889.036865;-163.866959; 2.575021; 2.838231;-22.079683;-1362.059937; 1064.111084;-160.429886; 0.000000; 167.146698; 0.000000;-1089.012817; 1213.999146;-179.956909; 9.977899; 42.819328; 148.565414;-1094.627563; 18.493027;-639.223999; 41.775711;-7.922099; 0.009023;-1231.594727; 11.543915;-657.558716; 41.775711;-7.922099; 0.009023;-1092.364502; 349.047119;-566.059143; 38.520538;-14.074729;-11.954714;-1202.885986; 740.654297;-504.589844; 23.340082;-16.646427; 22.024883;-1198.155518; 15.361359;-504.277405; 23.873196;-13.812893;-0.036837;-1279.539551; 95.121979;-582.758911; 23.873196; 13.812893; 0.036837;-1109.312866; 367.319244;-386.297455; 50.148342; 12.331137;-8.622093;-1243.625854; 752.024963;-328.754456; 8.956171; 19.326084;-35.848835;-1089.012817; 1213.999146;-179.956909;-34.382488; 63.049675; 12.138988;-1002.429504; 1246.226929;-346.065796;-0.485254;-1.051711;-31.207354;-1127.332520; 808.468018;-914.615295; 0.000000;-0.000000; 0.000000;-1016.086548; 31.685421;-628.157288; 0.000000;-0.000000; 0.000000;-1028.975586; 1223.950562;-265.196564;-5.292779;-10.321771; 0.350475;-1628.556396; 838.609436;-161.085327; 0.000000; 0.000000; 0.000000;-1146.631470;-23.154812;-456.038635; 0.000000; 0.000000; 0.000000;-1265.476074; 848.754761;-433.077148; 0.000000;-0.000000; 0.000000;-1225.857544; 959.597900;-423.863678;-13.252636;-4.778100; 0.472526;-1209.517456; 1044.252197;-412.600922;-6.589281;-5.974249; 1.414803;-1177.151855; 1138.817383;-385.147491;-10.697841;-4.777977; 0.236264;-1090.687256; 1251.057861;-325.846680;-0.000002;-0.000002;-0.000002;-1016.399414; 1285.439087;-290.230377; 25.867065; 5.562695; 3.200493;-980.281860; 1366.355713;-266.923401; 6.272638; 2.390175;-5.724189;-966.266541; 1546.896362;-238.470352; 0.000000;-0.000000; 0.000000;-842.035278; 1395.722168;-214.006165;-928.005310; 1430.572144;-332.546906;-985.511169; 1409.518066;-170.628571;-9.703568; 29.335032; 2.518861; 16.680794; 5.413597; 24.822716; 1.003484; 1.487799;
117;0;1776780260333333;;-1120.542603; 766.193115;-407.590546;-1109.570923; 902.067505;-860.949646;-5.246805; 12.693348;-41.403343;-1027.732666; 1071.983887;-671.177612; 0.000000; 173.686203; 0.000000;-934.510010; 1243.806641;-427.889832; 8.056721; 18.556196; 113.541161;-1542.113892; 910.078491;-143.489151; 3.279161; 2.097776;-22.336943;-1334.330444; 1078.621948;-142.200623; 0.000000; 167.230225; 0.000000;-1056.712891; 1219.697998;-162.901367; 9.717991; 43.636211; 147.546036;-987.276978; 26.027946;-584.248596; 39.762428;-7.828546; 0.027847;-1122.592651; 14.653046;-610.795776; 39.762428;-7.828546; 0.027847;-1010.880066; 362.910645;-521.899475; 40.814983;-14.469717;-11.050456;-1164.589966; 742.986572;-486.329498; 28.115482;-14.934066; 19.078091;-1189.373779; 21.806244;-503.538818; 25.514524;-13.587351;-0.040392;-1269.142700; 101.589233;-583.639099; 25.514524; 13.587351; 0.040392;-1095.836914; 366.352966;-379.847778; 48.548531; 12.250299;-7.827794;-1211.251831; 755.496338;-312.050110; 4.141353; 21.132868;-34.665001;-1056.712891; 1219.697998;-162.901367;-35.491310; 62.361343; 11.139572;-968.274353; 1247.679810;-328.822815;-0.729625;-1.584247;-29.077099;-1116.130005; 851.886597;-925.078308; 0.000000;-0.000000; 0.000000;-909.964966; 41.766449;-568.744995; 0.000000;-0.000000; 0.000000;-996.375610; 1226.210815;-248.261246;-5.986004;-11.675895; 0.110203;-1608.507324; 862.531738;-141.284912; 0.000000; 0.000000; 0.000000;-1138.834473;-16.722023;-454.278687; 0.000000; 0.000000; 0.000000;-1230.364746; 851.173157;-417.870453; 0.000000;-0.000000; 0.000000;-1191.749756; 962.355286;-408.482758;-13.718922;-4.652525; 0.625607;-1175.574707; 1047.078857;-397.506653;-6.780284;-5.818430; 1.873330;-1143.372925; 1141.712646;-370.096985;-11.052375;-4.652317; 0.312803;-1056.803345; 1253.505859;-310.108185; 0.000000;-0.000001; 0.000000;-982.863037; 1287.601562;-273.507843; 26.576818; 5.502335; 3.730932;-947.366150; 1368.879272;-250.505615; 6.440598; 2.416887;-5.059088;-935.009949; 1549.806885;-223.794525; 0.000000;-0.000000; 0.000000;-809.401001; 1400.020996;-197.869537;-895.672546; 1432.936523;-316.743652;-953.002563; 1412.918457;-154.631683;-9.291956; 29.865700; 1.742037; 16.099291; 3.876007; 24.211693; 0.915417; 0.959476;
118;0;1776780260350000;;-1081.129272; 773.524963;-387.371490;-1093.022827; 942.384277;-862.110718;-3.264883; 11.347034;-41.843761;-1003.735718; 1096.527588;-662.485718; 0.000000; 174.011414; 0.000000;-901.279785; 1249.842896;-410.692841; 2.575316; 17.562540; 108.259155;-1518.010132; 933.020264;-124.750694; 3.991212; 1.277636;-22.322796;-1305.295898; 1095.300537;-124.214439; 0.000000; 167.148102; 0.000000;-1023.307007; 1227.397095;-145.075592; 9.831056; 44.533184; 146.995758;-874.994141; 39.329086;-515.943970; 35.767971;-7.744049; 0.045755;-1008.405151; 26.923828;-550.470337; 35.767971;-7.744049; 0.045755;-927.252991; 385.337341;-469.108948; 43.387836;-14.854674;-10.017448;-1124.500366; 746.504150;-467.819489; 33.336651;-12.204136; 15.959721;-1179.958984; 27.299370;-505.473511; 26.424978;-13.347591;-0.040267;-1258.093018; 107.715790;-586.545959; 26.424978; 13.347591; 0.040267;-1083.857422; 366.752594;-376.290222; 45.987289; 11.819329;-6.728542;-1176.417480; 759.415710;-295.062378;-1.130152; 22.565687;-33.162182;-1023.307007; 1227.397095;-145.075592;-37.033253; 61.939716; 10.435949;-933.933960; 1251.297607;-311.189575;-0.985020;-2.139716;-26.679470;-1105.261108; 898.452698;-929.888855; 0.000000;-0.000000; 0.000000;-798.789124; 55.660988;-496.163391; 0.000000;-0.000000; 0.000000;-963.353882; 1230.618408;-230.892578;-6.777685;-13.253476; 0.052446;-1586.325806; 888.238647;-123.646782; 0.000000; 0.000000; 0.000000;-1130.402832;-11.619175;-455.526123; 0.000000; 0.000000; 0.000000;-1193.410645; 854.330872;-401.925079; 0.000000;-0.000000; 0.000000;-1156.092896; 965.931152;-392.257019;-14.069737;-4.481983; 0.737138;-1140.427979; 1050.781006;-381.519562;-6.928874;-5.606187; 2.207595;-1108.791870; 1145.649414;-354.262634;-11.316578;-4.481705; 0.368568;-1022.716614; 1257.617554;-293.890076; 0.000002;-0.000000; 0.000000;-949.262268; 1291.889526;-256.484680; 27.096024; 5.411046; 4.130775;-914.570129; 1373.615723;-233.846344; 6.561730; 2.414651;-4.476170;-904.146118; 1554.913818;-208.880951; 0.000000;-0.000000; 0.000000;-777.016602; 1406.710327;-181.324814;-863.450623; 1437.563721;-300.633240;-920.809326; 1418.523438;-138.413635;-8.655942; 30.274401; 0.467719; 15.381134; 2.208054; 23.492073; 1.011832; 0.690788;
119;0;1776780260366667;;-1040.975098; 782.993774;-366.030640;-1077.193604; 984.195007;-858.414490;-1.391806; 10.410785;-41.915276;-980.224854; 1123.024048;-651.276733; 0.000000; 174.226944; 0.000000;-868.264587; 1258.198242;-393.216064;-2.379378; 16.545006; 103.251129;-1491.598633; 957.005920;-107.545280; 4.688439; 0.361296;-22.034937;-1274.562134; 1113.455688;-106.509186; 0.000000; 166.987961; 0.000000;-988.640991; 1236.956299;-126.487602; 10.188025; 45.515667; 146.988190;-764.268799; 57.617985;-438.231476; 29.236605;-7.677715; 0.054257;-895.782043; 49.648956;-480.483337; 29.236605;-7.677715; 0.054257;-846.012939; 416.135742;-410.654602; 46.070778;-15.135175;-8.935451;-1082.319458; 750.879700;-448.803711; 38.677334;-8.692135; 12.907024;-1170.138184; 32.238297;-509.657196; 26.504839;-13.105112;-0.037045;-1246.596191; 114.133041;-590.847656; 26.504839; 13.105112; 0.037045;-1072.962646; 369.174255;-375.276367; 42.469261; 11.012266;-5.391586;-1138.563477; 763.462097;-277.381989;-6.885780; 23.595854;-31.384659;-988.640991; 1236.956299;-126.487602;-38.925194; 61.847248; 9.988444;-899.320312; 1256.931274;-293.199860;-1.260641;-2.734409;-24.084478;-1094.619019; 946.656921;-928.848022; 0.000000;-0.000000; 0.000000;-688.778809; 71.404884;-414.223480; 0.000000;-0.000000; 0.000000;-929.734863; 1236.991943;-213.086533;-7.664577;-15.053976; 0.110222;-1561.559082; 914.828247;-108.015060; 0.000000; 0.000000; 0.000000;-1121.558350;-7.597340;-459.474213; 0.000000; 0.000000; 0.000000;-1154.322144; 857.869751;-384.881622; 0.000000;-0.000000; 0.000000;-1118.672852; 969.987366;-374.907745;-14.304615;-4.277355; 0.802795;-1103.918457; 1055.029907;-364.407166;-7.032724;-5.350894; 2.404599;-1073.292603; 1150.320312;-337.470245;-11.483143;-4.277038; 0.401397;-988.340759; 1263.162354;-277.133698;-0.000002;-0.000002;-0.000002;-915.488159; 1298.112061;-239.182541; 27.361092; 5.292264; 4.368143;-881.752075; 1380.353394;-216.969086; 6.622131; 2.381720;-4.002955;-873.431763; 1561.983276;-193.682404; 0.000000;-0.000000; 0.000000;-744.717163; 1415.485840;-164.415390;-831.179810; 1444.244507;-284.225311;-888.745483; 1426.080078;-121.978569;-7.896750; 30.577774;-1.518009; 14.523184; 0.353348; 22.660942; 1.296328; 0.627900;
120;0;1776780260383333;;-1000.638611; 794.064819;-343.850159;-1062.302124; 1026.255859;-849.767273; 0.229154; 9.914405;-41.545952;-957.230164; 1150.590332;-637.438965; 0.000000; 174.345367; 0.000000;-835.356445; 1268.404297;-375.390961;-6.699876; 15.379039; 98.518845;-1462.687622; 981.094360;-91.769829; 5.380719;-0.686065;-21.460833;-1241.984497; 1132.309326;-89.187889; 0.000000; 166.854645; 0.000000;-952.791260; 1248.257568;-107.236877; 10.538339; 46.535473; 147.597763;-662.028198; 77.307343;-356.733887; 19.930124;-7.641295; 0.044323;-791.183960; 80.698395;-406.249084; 19.930124;-7.641295; 0.044323;-771.124512; 452.405334;-350.597015; 48.615612;-15.184588;-7.926833;-1038.051636; 755.683716;-428.838654; 43.736473;-4.796949; 10.150672;-1160.312378; 37.331337;-515.203308; 25.583603;-12.863612;-0.029561;-1235.036255; 121.973114;-595.181946; 25.583603; 12.863612; 0.029561;-1062.607666; 374.512299;-375.732788; 38.130074; 9.873033;-3.890317;-1097.604858; 767.419556;-258.477844;-13.058469; 24.277416;-29.354521;-952.791260; 1248.257568;-107.236877;-41.014755; 62.102642; 9.744563;-864.336121; 1264.271729;-274.830475;-1.563102;-3.377983;-21.362726;-1084.292114; 994.911438;-921.931030; 0.000000;-0.000000; 0.000000;-587.073364; 84.532547;-328.542084; 0.000000;-0.000000; 0.000000;-895.416382; 1245.043579;-194.798889;-8.634225;-17.049301; 0.163981;-1534.017090; 941.351135;-94.263939; 0.000000; 0.000000; 0.000000;-1112.681885;-4.219036;-465.503174; 0.000000; 0.000000; 0.000000;-1113.042480; 861.458862;-366.346191; 0.000000;-0.000000; 0.000000;-1079.385254; 974.171204;-356.156311;-14.411926;-4.054566; 0.823934;-1065.927368; 1059.466797;-345.971283;-7.082827;-5.072402; 2.468302;-1036.755005; 1155.367798;-319.593750;-11.540402;-4.054251; 0.411965;-953.582397; 1269.811646;-259.797607; 0.000000;-0.000000; 0.000002;-881.449280; 1305.952637;-221.588837; 27.326275; 5.154190; 4.442305;-848.781189; 1388.759766;-199.887085; 6.611518; 2.321167;-3.643711;-842.619995; 1570.678833;-178.243530; 0.000000;-0.000000; 0.000000;-712.344116; 1425.940308;-147.187073;-798.704102; 1452.607788;-267.553558;-856.633850; 1435.271240;-105.345833;-7.041831; 30.751999;-4.356490; 13.470787;-1.706947; 21.557907; 1.674065; 0.625333;
121;0;1776780260400000;;-960.427002; 805.918152;-321.011108;-1048.516357; 1067.218628;-836.141235; 1.500003; 9.823599;-40.715324;-934.752075; 1178.154907;-620.889526; 0.000000; 174.389893; 0.000000;-802.417175; 1279.765625;-357.137390;-10.332540; 13.925568; 93.990166;-1431.334961; 1004.234009;-77.396355; 6.103150;-1.913205;-20.569357;-1207.682861; 1150.991333;-72.444550; 0.000000; 166.851776; 0.000000;-916.062805; 1261.137451;-87.546822; 10.571347; 47.477173; 148.874069;-572.749268; 94.000748;-276.842102; 8.105160;-7.652204; 0.011256;-697.682617; 115.425079;-332.313995; 8.105160;-7.652204; 0.011256;-704.094543; 489.666443;-292.717590; 50.702526;-14.875359;-7.148746;-991.925720; 760.455872;-407.504242; 48.158775;-0.978235; 7.874524;-1150.957520; 43.200577;-520.919067; 23.433739;-12.618372;-0.015226;-1223.764648; 132.363419;-597.688660; 23.433739; 12.618372; 0.015226;-1052.193848; 383.486145;-375.953674; 33.208778; 8.485447;-2.283207;-1053.852295; 771.164673;-237.923767;-19.497749; 24.670628;-27.070553;-916.062805; 1261.137451;-87.546822;-43.093460; 62.665039; 9.649599;-828.911011; 1272.817749;-256.047760;-1.891922;-4.063839;-18.572584;-1074.425903; 1041.577637;-909.249878; 0.000000;-0.000000; 0.000000;-499.018982; 90.683388;-244.935257; 0.000000;-0.000000; 0.000000;-860.404053; 1254.319580;-176.005463;-9.678913;-19.206680; 0.044891;-1503.759277; 966.769165;-82.370529; 0.000000; 0.000000; 0.000000;-1104.284790;-1.193390;-472.793854; 0.000000; 0.000000; 0.000000;-1069.731201; 864.809021;-346.071259; 0.000000;-0.000000; 0.000000;-1038.282104; 978.156738;-335.875183;-14.390601;-3.832566; 0.805960;-1026.440186; 1063.747070;-326.166748;-7.075467;-4.794499; 2.414828;-999.118225; 1160.419678;-300.638092;-11.489306;-3.832280; 0.402979;-918.369263; 1277.123047;-241.896393; 0.000002;-0.000000; 0.000002;-847.093994; 1314.927734;-203.687500; 27.002958; 5.000167; 4.383343;-815.590210; 1398.344116;-182.606323; 6.532473; 2.238720;-3.373297;-811.605713; 1580.516846;-162.651962; 0.000000;-0.000000; 0.000000;-679.817322; 1437.581909;-129.683029;-765.954590; 1462.126099;-250.659210;-824.384338; 1445.646484;-88.541527;-6.008966; 30.754635;-7.931746; 12.187026;-3.833969; 19.918266; 2.064297; 0.633334;
122;0;1776780260416667;;-920.357239; 817.684753;-297.571167;-1035.765137; 1105.589966;-817.579895; 2.386049; 10.059834;-39.468250;-912.675537; 1204.490356;-601.593384; 0.000000; 174.383606; 0.000000;-769.291138; 1291.430664;-338.373383;-13.277833; 12.084790; 89.574486;-1397.775024; 1025.244019;-64.494698; 6.908689;-3.368725;-19.316816;-1171.972900; 1168.536987;-56.558594; 0.000000; 167.070038; 0.000000;-878.932983; 1275.331299;-67.742386; 9.974558; 48.161404; 150.809479;-497.357117; 105.419312;-202.317902;-5.440566;-7.730648;-0.039542;-614.677856; 149.048798;-261.282135;-5.440566;-7.730648;-0.039542;-644.016357; 523.668030;-239.711502; 51.978905;-14.123259;-6.752855;-944.368469; 764.807373;-384.590942; 51.699013; 2.334073; 6.193245;-1142.297363; 50.039742;-525.523865; 19.824823;-12.358569; 0.007995;-1212.634155; 145.832642;-596.382263; 19.824823; 12.358569;-0.007995;-1041.017212; 396.210602;-373.842255; 28.019613; 6.932290;-0.604772;-1007.967285; 774.640991;-215.577316;-25.950684; 24.775576;-24.553148;-878.932983; 1275.331299;-67.742386;-44.904045; 63.443939; 9.640426;-792.995605; 1281.895752;-236.803253;-2.235899;-4.761984;-15.752074;-1065.009277; 1084.936035;-891.008972; 0.000000;-0.000000; 0.000000;-426.601440; 88.895355;-167.882431; 0.000000;-0.000000; 0.000000;-824.786255; 1264.190796;-156.699280;-10.801542;-21.493280;-0.471019;-1471.011353; 989.926758;-72.416702; 0.000000; 0.000000; 0.000000;-1096.775635; 1.430077;-480.467468; 0.000000; 0.000000; 0.000000;-1024.770630; 867.717773;-324.074524; 0.000000;-0.000000; 0.000000;-995.611755; 981.700684;-314.156799;-14.258768;-3.628207; 0.756749;-985.594360; 1067.598267;-305.131866;-7.018034;-4.538421; 2.267684;-960.419128; 1165.142578;-280.736694;-11.350858;-3.627970; 0.378375;-882.643555; 1284.568726;-223.473953;-0.000002;-0.000000;-0.000002;-812.385864; 1324.398315;-185.438004; 26.481754; 4.827857; 4.252345;-782.161682; 1408.468384;-165.092880; 6.405663; 2.142357;-3.135893;-780.455139; 1590.867920;-146.970657; 0.000000;-0.000000; 0.000000;-647.124268; 1449.868164;-111.935608;-732.967163; 1472.152344;-233.556671;-791.973389; 1456.608765;-71.555389;-4.657745; 30.560637;-11.706744; 10.728237;-5.752258; 17.474060; 2.421896; 0.638991;
123;0;1776780260433333;;-880.268799; 828.578674;-273.521149;-1023.549622; 1139.779053;-794.245361; 2.915035; 10.522097;-37.911343;-890.638794; 1228.301270;-579.580444; 0.000000; 174.345566; 0.000000;-735.753052; 1302.507812;-318.992188;-15.584143; 9.834428; 85.204323;-1362.275635; 1042.860229;-53.178303; 7.867679;-5.086257;-17.660904;-1135.208618; 1183.909180;-41.852985; 0.000000; 167.585907; 0.000000;-841.927979; 1290.438232;-48.217484; 8.496940; 48.359295; 153.299545;-433.580048; 112.338844;-134.534027;-19.487528;-7.891197;-0.091584;-539.629150; 178.256348;-194.140579;-19.487528;-7.891197;-0.091584;-588.901855; 551.400085;-192.903992; 52.132488;-12.924447;-6.828957;-895.912964; 768.475403;-360.152618; 54.218369; 4.814300; 5.131210;-1134.117554; 57.552383;-528.070801; 14.610379;-12.072935; 0.038727;-1200.725952; 161.981705;-589.733582; 14.610379; 12.072935;-0.038727;-1028.115234; 411.855713;-367.395752; 22.949001; 5.274742; 1.124277;-960.852661; 777.818726;-191.621765;-32.076477; 24.533306;-21.888996;-841.927979; 1290.438232;-48.217484;-46.158760; 64.318535; 9.639284;-756.496033; 1290.740723;-217.009003;-2.573073;-5.419944;-12.914308;-1055.653564; 1123.228516;-867.519165; 0.000000;-0.000000; 0.000000;-367.951416; 82.271904;-99.121162; 0.000000;-0.000000; 0.000000;-788.646240; 1273.914673;-136.859100;-12.010239;-23.853874;-1.655086;-1436.027344; 1009.603149;-64.505020; 0.000000; 0.000000; 0.000000;-1090.336426; 3.358433;-487.928192; 0.000000; 0.000000; 0.000000;-978.693237; 870.081665;-300.647308; 0.000000;-0.000000; 0.000000;-951.768005; 984.660217;-291.292969;-14.052412;-3.451977; 0.685991;-943.641113; 1070.845337;-283.152100;-6.929067;-4.317444; 2.055874;-920.756409; 1169.278320;-260.107819;-11.165050;-3.451788; 0.342995;-846.306763; 1291.601074;-204.564575; 0.000002;-0.000001;-0.000002;-777.231995; 1333.647217;-166.748291; 25.929266; 4.635746; 4.137471;-748.454529; 1418.423950;-147.255447; 6.269250; 2.043152;-2.852329;-749.327515; 1601.025391;-131.227432; 0.000000;-0.000000; 0.000000;-614.245972; 1462.279907;-93.968704;-699.815918; 1481.989014;-216.225052;-759.361084; 1467.493286;-54.323853;-2.895026; 30.195662;-14.777374; 9.283916;-7.261696; 14.049576; 2.724762; 0.639480;
124;0;1776780260450000;;-839.885681; 837.877563;-248.842712;-1010.935059; 1168.199341;-766.459839; 3.158333; 11.106904;-36.194405;-868.005493; 1248.338379;-554.961975; 0.000000; 174.291199; 0.000000;-701.472534; 1312.192383;-298.852814;-17.331167; 7.240752; 80.861908;-1324.988647; 1055.905518;-43.403236; 9.066444;-7.078450;-15.570817;-1097.597900; 1196.103027;-28.551718; 0.000000; 168.449173; 0.000000;-805.445862; 1305.870850;-29.398300; 6.063800; 47.831127; 156.092224;-377.041931; 116.970253;-72.662323;-32.669369;-8.135716;-0.124289;-469.803833; 201.407349;-131.058151;-32.669369;-8.135716;-0.124289;-536.904907; 571.157349;-152.223083; 50.978943;-11.370242;-7.367350;-846.927246; 771.263428;-334.413605; 55.653835; 6.301357; 4.616961;-1126.011963; 65.258240;-528.309753; 7.819281;-11.756921; 0.070298;-1186.675293; 179.611984;-577.173279; 7.819281; 11.756921;-0.070298;-1012.202820; 428.583557;-355.276703; 18.456017; 3.569028; 2.884070;-913.335693; 780.608765;-166.456116;-37.527557; 23.870056;-19.220297;-805.445862; 1305.870850;-29.398300;-46.611774; 65.147339; 9.559732;-719.220276; 1298.602539;-196.531540;-2.874493;-5.971928;-10.045879;-1045.555908; 1154.754639;-839.221619; 0.000000;-0.000000; 0.000000;-317.957886; 75.369522;-37.396778; 0.000000;-0.000000; 0.000000;-751.977722; 1282.730835;-116.432846;-13.310537;-26.179913;-3.776213;-1398.954102; 1024.696289;-58.526794; 0.000000; 0.000000; 0.000000;-1085.130981; 4.473240;-495.156555; 0.000000; 0.000000; 0.000000;-931.942261; 871.798157;-276.254089; 0.000000;-0.000000; 0.000000;-907.101013; 986.908325;-267.693695;-13.820602;-3.308804; 0.604741;-900.798401; 1073.337891;-260.594452;-6.834796;-4.137848; 1.812522;-880.190369; 1172.601196;-239.009689;-10.983391;-3.308665; 0.302370;-809.175110; 1297.699951;-185.178497; 0.000000;-0.000000; 0.000000;-741.442505; 1341.973633;-147.477020; 25.546911; 4.430547; 4.141243;-714.355530; 1427.522705;-128.960510; 6.169743; 1.955255;-2.435942;-718.381104; 1610.284424;-115.436691; 0.000000;-0.000000; 0.000000;-581.109497; 1474.374146;-75.807991;-666.542603; 1490.958984;-198.622498;-726.439514; 1477.661499;-36.748169;-0.773543; 29.732893;-16.257576; 8.152012;-8.393654; 9.625404; 2.964641; 0.634786;
125;0;1776780260466667;;-798.836792; 844.895630;-223.524673;-996.781860; 1189.293823;-734.683350; 3.203792; 11.723030;-34.481159;-844.031372; 1263.459595;-527.924500; 0.000000; 174.233810; 0.000000;-666.092773; 1319.876465;-277.809570;-18.585915; 4.446508; 76.616516;-1285.914551; 1063.614380;-34.705368; 10.583777;-9.336208;-13.036035;-1059.127441; 1204.398804;-16.544132; 0.000000; 169.632004; 0.000000;-769.580444; 1320.764648;-11.646614; 2.919996; 46.423111; 158.784012;-322.980347; 120.700729;-15.039612;-43.790695;-8.453540;-0.123804;-403.255371; 217.885376;-72.096886;-43.790695;-8.453540;-0.123804;-486.831055; 582.179321;-116.488419; 48.525116;-9.635029;-8.263905;-797.369690; 772.930420;-307.615143; 55.990261; 6.815900; 4.507391;-1117.960693; 73.070274;-526.500671;-0.285761;-11.417086; 0.091572;-1169.505127; 197.273224;-559.077637;-0.285761; 11.417086;-0.091572;-991.936462; 443.958099;-337.083191; 15.031315; 1.898661; 4.656485;-865.814636; 782.780273;-140.506271;-42.052700; 22.737774;-16.685961;-769.580444; 1320.764648;-11.646614;-46.202698; 65.774979; 9.345168;-680.922791; 1304.862793;-175.223190;-3.108948;-6.350378;-7.119045;-1033.702759; 1177.880859;-806.657166; 0.000000;-0.000000; 0.000000;-270.335541; 70.948975; 19.867325; 0.000000;-0.000000; 0.000000;-714.682007; 1289.965210;-95.353653;-14.697442;-28.290245;-6.977743;-1359.812256; 1034.541016;-53.875900; 0.000000; 0.000000; 0.000000;-1081.739990; 5.441208;-502.426331; 0.000000; 0.000000; 0.000000;-884.617310; 872.635681;-251.365509; 0.000000;-0.000000; 0.000000;-861.704529; 988.212585;-243.769730;-13.611594;-3.204013; 0.524465;-857.091064; 1074.835449;-237.820801;-6.759960;-4.006359; 1.572006;-838.656555; 1174.828979;-217.689545;-10.851931;-3.203911; 0.262232;-771.017944; 1302.389648;-165.306992; 0.000000;-0.000002; 0.000000;-704.792114; 1348.776489;-127.469521; 25.491510; 4.233185; 4.365512;-679.713318; 1435.169067;-110.074684; 6.143957; 1.895200;-1.812340;-687.699524; 1618.001465;-99.611694; 0.000000;-0.000000; 0.000000;-547.601196; 1485.763794;-57.526363;-633.156067; 1498.451782;-180.719940;-693.036621; 1486.565918;-18.729820; 1.478432; 29.246122;-15.753792; 7.652322;-9.305847; 4.397789; 3.142042; 0.625722;
126;0;1776780260483333;;-756.738525; 849.037964;-197.534653;-980.007812; 1201.407227;-699.475403; 3.141127; 12.298761;-32.914413;-818.095642; 1272.595581;-498.728882; 0.000000; 174.187424; 0.000000;-629.408997; 1325.234497;-255.770081;-19.325029; 1.655467; 72.689056;-1245.025513; 1065.855347;-26.284508; 12.435304;-11.825654;-10.091513;-1019.700684; 1208.582764;-5.305285; 0.000000; 170.975296; 0.000000;-734.079773; 1333.953125; 4.965073;-0.385031; 44.181637; 160.997986;-268.133118; 123.108437; 39.346519;-52.024391;-8.826926;-0.088675;-339.262360; 227.230621;-17.606720;-52.024391;-8.826926;-0.088675;-438.128906; 584.287964;-83.947083; 44.989948;-7.947759;-9.362599;-746.814331; 773.156799;-279.884735; 55.243416; 6.525916; 4.626910;-1110.465088; 81.837906;-522.680237;-9.179007;-11.071566; 0.091525;-1149.158203; 213.980286;-536.307434;-9.179007; 11.071566;-0.091525;-966.303284; 455.743652;-313.192810; 13.105169; 0.390135; 6.430092;-818.144226; 783.980896;-114.047485;-45.556137; 21.147604;-14.367197;-734.079773; 1333.953125; 4.965073;-45.174877; 66.077499; 9.039998;-641.456665; 1309.176880;-152.977478;-3.246758;-6.496970;-4.127347;-1019.101685; 1190.878906;-770.429321; 0.000000;-0.000000; 0.000000;-220.347473; 68.803024; 74.455795; 0.000000;-0.000000; 0.000000;-676.661926; 1295.167847;-73.572784;-16.139156;-29.949621;-11.100866;-1318.614990; 1039.082153;-49.552933; 0.000000; 0.000000; 0.000000;-1081.068359; 8.185791;-509.398529; 0.000000; 0.000000; 0.000000;-836.421143; 872.224915;-226.280441; 0.000000;-0.000000; 0.000000;-815.341736; 988.217468;-219.792358;-13.447409;-3.148762; 0.456156;-812.300842; 1074.985352;-215.072357;-6.713187;-3.936952; 1.367300;-795.969238; 1175.607788;-196.305252;-10.786069;-3.148689; 0.228079;-731.687866; 1305.294556;-144.925232; 0.000000; 0.000001; 0.000002;-667.173462; 1353.658081;-106.608994; 25.784290; 4.079725; 4.895125;-644.440918; 1440.946167;-90.508682; 6.197958; 1.880113;-0.938532;-657.236084; 1623.679199;-83.735397; 0.000000;-0.000000; 0.000000;-513.623230; 1496.064819;-39.289333;-599.690186; 1503.986450;-162.524872;-658.963684; 1493.818970;-0.194878; 3.506322; 28.763474;-13.572198; 8.007095;-10.078934;-1.147171; 3.262097; 0.613353;
127;0;1776780260500000;;-713.334045; 849.964600;-170.801987;-959.567017; 1202.674316;-661.533813; 3.064461; 12.782362;-31.583462;-789.721558; 1274.704346;-467.764160; 0.000000; 174.163300; 0.000000;-591.474365; 1328.245483;-232.745346;-19.371531;-0.880220; 69.505219;-1202.337646; 1062.785400;-17.592640; 14.524032;-14.481112;-6.850541;-979.325073; 1208.732666; 5.802474; 0.000000; 172.244400; 0.000000;-698.578125; 1344.217651; 20.884193;-3.298916; 41.328560; 162.662750;-211.880402; 122.502541; 90.375504;-56.942593;-9.236929;-0.028470;-278.468079; 228.688477; 31.765785;-56.942593;-9.236929;-0.028470;-390.764191; 577.819458;-52.867142; 40.789219;-6.548891;-10.510798;-694.792664; 771.684387;-251.191940; 53.465252; 5.684826; 4.807232;-1103.691772; 93.271820;-515.959412;-18.063204;-10.747240; 0.065941;-1126.181030; 229.653061;-509.725800;-18.063204; 10.747240;-0.065941;-934.807190; 462.639984;-284.428833; 12.945002;-0.800222; 8.191192;-769.868103; 783.905884;-87.114441;-48.078995; 19.201872;-12.274261;-698.578125; 1344.217651; 20.884193;-43.970116; 66.054672; 8.807309;-600.911743; 1311.590942;-129.775131;-3.261070;-6.370806;-1.136671;-1000.712219; 1191.772583;-731.260864; 0.000000;-0.000000; 0.000000;-166.583466; 66.793045; 126.567322; 0.000000;-0.000000; 0.000000;-637.932861; 1298.259033;-51.082962;-17.550365;-30.952942;-15.608712;-1275.407715; 1038.438232;-44.825294; 0.000000; 0.000000; 0.000000;-1083.167847; 15.547600;-514.250549; 0.000000; 0.000000; 0.000000;-786.904053; 870.247009;-201.010376; 0.000000;-0.000000; 0.000000;-767.618835; 986.614624;-195.778564;-13.308390;-3.158190; 0.407575;-766.111023; 1073.483643;-192.360611;-6.679160;-3.948535; 1.221674;-751.942322; 1174.657715;-174.843475;-10.757130;-3.158130; 0.203788;-691.243042; 1306.264038;-123.990616; 0.000000;-0.000002;-0.000003;-628.708801; 1356.536865;-84.857689; 26.272209; 4.011364; 5.770934;-608.574951; 1444.717773;-70.230217; 6.297896; 1.923099; 0.180661;-626.751953; 1627.102295;-67.691315; 0.000000;-0.000000; 0.000000;-479.119934; 1504.886963;-21.282982;-566.192200; 1507.316040;-144.042084;-624.069458; 1499.279419; 18.909996; 4.949656; 28.260571;-10.572594; 9.232418;-10.658165;-6.234344; 3.330845; 0.598855;
128;0;1776780260516667;;-668.628967; 847.716309;-143.268723;-934.069702; 1191.222046;-621.799927; 3.071305; 13.136745;-30.508387;-758.283813; 1268.843750;-435.636902; 0.000000; 174.156555; 0.000000;-552.483704; 1329.067017;-208.872864;-18.428650;-2.889928; 67.672569;-1157.740845; 1054.206543;-8.665308; 16.651684;-17.195929;-3.503942;-938.085266; 1204.758301; 17.181908; 0.000000; 173.269577; 0.000000;-662.954834; 1350.753784; 36.956619;-5.606359; 38.081760; 163.998413;-156.303482; 117.009811; 137.160233;-58.472027;-9.667074; 0.041318;-222.737213; 221.417297; 75.272430;-58.472027;-9.667074; 0.041318;-345.114075; 563.789062;-22.046906; 36.496147;-5.629625;-11.597651;-641.229431; 768.508606;-221.434143; 50.765846; 4.562872; 4.921498;-1096.278076; 108.837601;-504.464172;-25.910719;-10.473462; 0.022575;-1100.956909; 244.925018;-479.912323;-25.910719; 10.473462;-0.022575;-897.432739; 464.465607;-251.777634; 14.603430;-1.521061; 9.900998;-720.639709; 782.496460;-59.553135;-49.725090; 17.100626;-10.371518;-662.954834; 1350.753784; 36.956619;-42.906338; 65.862938; 8.786195;-559.607056; 1312.480225;-105.705795;-3.126245;-5.950565; 1.681301;-977.012512; 1178.519897;-690.124207; 0.000000;-0.000000; 0.000000;-111.186111; 62.434933; 175.255005; 0.000000;-0.000000; 0.000000;-598.656372; 1299.528809;-27.935730;-18.777264;-31.235712;-19.770899;-1230.051636; 1032.151001;-39.622368; 0.000000; 0.000000; 0.000000;-1085.753540; 29.659012;-513.694031; 0.000000; 0.000000; 0.000000;-735.867310; 866.662781;-175.317719; 0.000000;-0.000000; 0.000000;-718.332642; 983.362061;-171.505997;-13.149619;-3.242511; 0.377248;-718.385559; 1070.287598;-169.472168;-6.629367;-4.053841; 1.130731;-706.565552; 1171.958740;-153.129898;-10.709953;-3.242457; 0.188626;-649.948914; 1305.446533;-102.471832; 0.000000; 0.000001; 0.000002;-589.703552; 1357.645752;-62.284737; 26.699587; 4.056494; 6.957153;-572.231628; 1446.642334;-49.264099; 6.386231; 2.026783; 1.485031;-595.824951; 1628.412231;-51.264332; 0.000000;-0.000000; 0.000000;-444.068634; 1511.891602;-3.530766;-532.609741; 1508.490112;-125.211418;-588.303711; 1503.063843; 38.607048; 5.584547; 27.684179;-7.769177; 11.099467;-10.959274;-10.032204; 3.352927; 0.583476;
129;0;1776780260533333;;-622.875610; 842.679138;-114.966820;-901.413147; 1165.791382;-581.451721; 3.240072; 13.330884;-29.650290;-722.690796; 1254.442627;-403.177307; 0.000000; 174.134384; 0.000000;-512.550598; 1327.845947;-184.418213;-16.218988;-4.158014; 67.859802;-1110.913452; 1039.672485; 0.284494; 18.583570;-19.819035;-0.273980;-896.019409; 1196.451538; 28.979250; 0.000000; 174.008408; 0.000000;-627.439453; 1353.443726; 53.893684;-7.501376; 34.564613; 165.165268;-105.259750; 105.378998; 178.578247;-56.854050;-10.103297; 0.104109;-174.560898; 205.099365; 112.263351;-56.854050;-10.103297; 0.104109;-301.702911; 543.976379; 9.002243; 32.775185;-5.281959;-12.555339;-586.573242; 763.908997;-190.567825; 47.321377; 3.384524; 4.898534;-1085.012085; 128.216461;-486.061218;-31.589977;-10.275003;-0.019377;-1073.130981; 260.438782;-447.066742;-31.589977; 10.275003; 0.019377;-854.417175; 461.719727;-216.164444; 17.955803;-1.666216; 11.476118;-670.472595; 779.978516;-31.163361;-50.592491; 15.101861;-8.613537;-627.439453; 1353.443726; 53.893684;-41.957855; 65.722473; 8.873286;-517.977783; 1312.306396;-80.985237;-2.819416;-5.235209; 4.061109;-945.601624; 1149.672241;-648.243835; 0.000000;-0.000000; 0.000000;-58.745914; 53.844975; 219.148102; 0.000000;-0.000000; 0.000000;-559.107361; 1299.444946;-4.279900;-19.634247;-30.898869;-23.005711;-1182.117920; 1019.261597;-34.167740; 0.000000; 0.000000; 0.000000;-1083.970337; 49.877693;-504.148743; 0.000000; 0.000000; 0.000000;-683.578796; 861.738586;-148.895340; 0.000000;-0.000000; 0.000000;-667.707458; 978.716919;-146.684967;-12.938457;-3.399453; 0.351895;-669.364685; 1065.648682;-146.132721;-6.544156;-4.249958; 1.054646;-660.111267; 1167.768311;-130.974701;-10.600437;-3.399406; 0.175949;-608.189819; 1303.192871;-80.427406; 0.000000; 0.000002; 0.000000;-550.517761; 1357.368164;-39.096527; 26.845459; 4.217535; 8.333121;-535.556030; 1447.046387;-27.731140; 6.413093; 2.179918; 2.870495;-564.033264; 1628.007446;-34.294361; 0.000000;-0.000000; 0.000000;-408.509521; 1516.885010; 14.179543;-498.754517; 1507.798706;-105.947731;-551.804138; 1505.426270; 58.818336; 5.421192; 26.978155;-5.872561; 13.201130;-11.001884;-12.087059; 3.331255; 0.568425;
130;0;1776780260550000;;-576.430725; 835.443054;-86.041023;-858.902039; 1126.463623;-541.611450; 3.593721; 13.333972;-28.938231;-681.433350; 1231.667969;-371.260681; 0.000000; 174.034851; 0.000000;-471.637238; 1324.669678;-159.745331;-12.629730;-4.623656; 70.572350;-1061.553833; 1019.195679; 9.259798; 20.112797;-22.170633; 2.648145;-853.139771; 1183.901978; 41.163940; 0.000000; 174.500900; 0.000000;-592.432617; 1352.701538; 71.839302;-9.445308; 30.886156; 166.028152;-62.685989; 87.494041; 213.633606;-52.582840;-10.529713; 0.145592;-136.034210; 180.637146; 142.297302;-52.582840;-10.529713; 0.145592;-260.757874; 520.782043; 40.262695; 30.275288;-5.492084;-13.331421;-531.590088; 758.319031;-158.673889; 43.361069; 2.284466; 4.715061;-1065.816284; 148.800461;-459.268372;-34.073948;-10.168508;-0.036550;-1041.569946; 276.201599;-411.044617;-34.073948; 10.168508; 0.036550;-805.970276; 454.972198;-178.236832; 22.801584;-1.207744; 12.788238;-619.719116; 776.748535;-1.827665;-50.742882; 13.451974;-6.974120;-592.432617; 1352.701538; 71.839302;-40.814240; 65.811234; 8.654836;-476.519470; 1311.399170;-55.969780;-2.332052;-4.250036; 5.689483;-903.341064; 1105.180542;-606.771545; 0.000000;-0.000000; 0.000000;-14.202534; 40.194939; 256.962067; 0.000000;-0.000000; 0.000000;-519.673767; 1298.424072; 19.595512;-19.989147;-30.118071;-25.088221;-1131.102661; 999.140991;-28.613783; 0.000000; 0.000000; 0.000000;-1071.948120; 72.280495;-483.191193; 0.000000; 0.000000; 0.000000;-630.697937; 855.876221;-121.558960; 0.000000;-0.000000; 0.000000;-616.396423; 973.077026;-121.170479;-12.682774;-3.614727; 0.312146;-619.682617; 1059.957886;-122.219482;-6.428093;-4.518946; 0.935393;-613.152100; 1162.470581;-108.352020;-10.422985;-3.614686; 0.156070;-566.432556; 1299.876587;-58.077415; 0.000003; 0.000001; 0.000002;-511.534058; 1356.050659;-15.652237; 26.619392; 4.469896; 9.731896;-498.783478; 1446.259033;-5.902214; 6.358182; 2.360667; 4.220539;-531.254822; 1626.333130;-16.851196; 0.000000;-0.000000; 0.000000;-372.655792; 1519.879028; 32.132740;-464.485718; 1505.638916;-86.280815;-514.980042; 1506.601440; 79.300423; 4.682158; 26.093655;-5.056174; 15.091566;-10.941216;-12.592178; 3.268109; 0.554702;
131;0;1776780260566667;;-529.646973; 826.741760;-56.698177;-803.851562; 1075.047363;-502.820251; 4.081034; 13.117205;-28.298485;-632.981384; 1201.667236;-340.483337; 0.000000; 173.780502; 0.000000;-429.671692; 1319.732666;-135.231827;-7.768480;-4.435429; 75.826614;-1009.598267; 993.581909; 18.475216; 21.096230;-24.079792; 5.150753;-809.498047; 1167.677734; 53.589424; 0.000000; 174.814346; 0.000000;-558.313965; 1349.206665; 90.416977;-11.974775; 27.222538; 166.256348;-30.899124; 64.881088; 241.688049;-46.278160;-10.925013; 0.156430;-107.946121; 150.665405; 165.207520;-46.278160;-10.925013; 0.156430;-221.915039; 496.940918; 71.559509; 29.495302;-6.166157;-13.862362;-477.150696; 752.264099;-125.961304; 39.147556; 1.293452; 4.384420;-1035.143188; 166.884613;-423.419006;-32.674240;-10.164665;-0.012440;-1004.786865; 291.448395;-371.391907;-32.674240; 10.164665; 0.012440;-752.171753; 444.609070;-138.168854; 28.951385;-0.209511; 13.685546;-568.991333; 773.314636; 28.406094;-50.186172; 12.321614;-5.466560;-558.313965; 1349.206665; 90.416977;-39.092575; 66.224289; 7.580857;-435.799591; 1309.955566;-31.134930;-1.687060;-3.052311; 6.254076;-847.030090; 1046.869629;-566.186340; 0.000000;-0.000000; 0.000000; 19.313652; 22.266319; 287.816833; 0.000000;-0.000000; 0.000000;-480.870972; 1296.777710; 43.267197;-19.823521;-29.046629;-26.101900;-1076.635498; 972.050476;-22.949970; 0.000000; 0.000000; 0.000000;-1044.815063; 91.572472;-449.871674; 0.000000; 0.000000; 0.000000;-578.121765; 849.522156;-93.357422; 0.000000;-0.000000; 0.000000;-565.365906; 966.889160;-95.085655;-12.434118;-3.868678; 0.242693;-570.280823; 1053.654419;-97.881180;-6.309981;-4.836193; 0.727141;-566.519897; 1156.493896;-85.483841;-10.213068;-3.868652; 0.121345;-525.246155; 1295.844482;-35.799519;-0.000002; 0.000000; 0.000000;-473.201538; 1353.976440; 7.574509; 26.067883; 4.768231; 11.000465;-462.317444; 1444.578857; 15.817249; 6.232309; 2.543648; 5.440380;-497.818604; 1623.783081; 0.768659; 0.000000;-0.000000; 0.000000;-336.957153; 1521.122559; 50.467163;-429.929016; 1502.452881;-66.430023;-478.484863; 1506.782471; 99.676361; 3.669758; 24.953985;-5.069254; 16.391020;-10.971489;-12.179405; 3.166266; 0.543000;
132;0;1776780260583333;;-482.878082; 817.466614;-27.162388;-734.330933; 1014.944336;-464.464447; 4.600721; 12.663078;-27.678347;-576.240723; 1166.531738;-310.804962; 0.000000; 173.301102; 0.000000;-386.700317; 1313.567017;-111.161430;-1.923975;-3.907292; 82.930847;-955.255737; 964.337646; 28.301472; 21.468098;-25.427803; 7.219780;-765.205811; 1148.813477; 66.145950; 0.000000; 175.008240; 0.000000;-525.346191; 1343.822998; 109.054001;-15.488891; 23.811789; 165.584961;-10.002785; 40.696678; 262.450928;-38.555740;-11.263110; 0.133732;-89.643585; 119.302368; 181.069412;-38.555740;-11.263110; 0.133732;-184.407654; 475.028503; 102.684128; 30.668888;-7.158955;-14.071041;-424.180603; 746.406555;-92.796127; 34.944077; 0.355827; 3.952945;-990.691833; 179.552307;-378.129669;-27.231079;-10.271091; 0.052803;-961.402893; 304.923645;-327.447815;-27.231079; 10.271091;-0.052803;-693.025146; 431.023376;-95.633652; 36.241943; 1.185900; 14.025795;-519.142273; 770.325928; 59.247498;-48.855667; 11.778671;-4.154585;-525.346191; 1343.822998; 109.054001;-36.559990; 66.954872; 5.269574;-396.413818; 1308.211182;-7.015991;-0.948537;-1.730238; 5.489519;-774.276611; 978.376282;-525.626160; 0.000000;-0.000000; 0.000000; 41.326080; 2.600792; 311.228546; 0.000000;-0.000000; 0.000000;-443.268799; 1294.837158; 66.240494;-19.222900;-27.794907;-26.274145;-1018.599487; 939.265137;-16.782608; 0.000000; 0.000000; 0.000000;-999.652466; 103.910408;-403.882660; 0.000000; 0.000000; 0.000000;-526.879944; 843.235718;-64.613655; 0.000000;-0.000000; 0.000000;-515.741821; 960.704346;-68.829338;-12.264776;-4.142438; 0.140357;-522.253540; 1047.282104;-73.527191;-6.228687;-5.178171; 0.420441;-521.182129; 1150.372314;-62.800274;-10.027469;-4.142428; 0.070177;-485.259796; 1291.525146;-14.054958; 0.000000;-0.000001;-0.000002;-436.010101; 1351.493408; 30.076038; 25.319769; 5.057136; 12.037403;-426.671356; 1442.380249; 36.972775; 6.064887; 2.706053; 6.471627;-464.359650; 1620.783936; 18.193747; 0.000000;-0.000000; 0.000000;-301.997620; 1521.117432; 69.092422;-395.483124; 1498.782715;-46.747547;-443.033630; 1506.240967; 119.538589; 2.620922; 23.353535;-5.512174; 16.754568;-11.183632;-11.451752; 3.028372; 0.533721;
133;0;1776780260600000;;-436.505768; 808.623718; 2.303473;-649.877930; 950.617432;-424.386414; 5.047611; 11.977337;-27.056807;-510.970459; 1128.979858;-281.298889; 0.000000; 172.552002; 0.000000;-343.055969; 1307.095825;-87.696548; 4.518375;-3.402308; 90.765457;-899.098938; 933.517578; 39.182739; 21.228666;-26.172638; 8.918299;-720.562012; 1128.797852; 78.839310; 0.000000; 175.107681; 0.000000;-493.715454; 1337.617798; 127.185181;-20.048851; 20.885015; 164.024399; 1.634346; 18.901917; 275.882629;-29.986481;-11.516335; 0.081407;-79.472870; 91.159729; 190.180283;-29.986481;-11.516335; 0.081407;-147.558517; 456.927399; 133.224548; 33.705055;-8.290978;-13.893372;-373.630707; 741.534363;-59.751854; 30.964127;-0.634141; 3.499466;-931.299377; 185.826355;-323.031586;-18.220577;-10.489143; 0.138477;-910.189331; 315.172302;-278.664307;-18.220577; 10.489143;-0.138477;-628.389099; 414.947968;-49.974449; 44.492493; 2.783851; 13.709122;-471.204102; 768.528992; 90.107567;-46.594090; 11.803113;-3.153003;-493.715454; 1337.617798; 127.185181;-33.275410; 67.895561; 1.748064;-358.928040; 1306.579346; 15.826969;-0.212991;-0.397992; 3.237920;-684.379150; 904.653259;-482.443237; 0.000000;-0.000000; 0.000000; 53.498096;-15.236393; 326.970123; 0.000000;-0.000000; 0.000000;-407.405090; 1293.075195; 87.996063;-18.329742;-26.451349;-25.860020;-957.429993; 903.042847;-9.215729; 0.000000; 0.000000; 0.000000;-935.356323; 108.579842;-344.979767; 0.000000; 0.000000; 0.000000;-478.024811; 837.718262;-35.922684; 0.000000;-0.000000; 0.000000;-468.633698; 955.200928;-43.017361;-12.235144;-4.419883; 0.016664;-476.666809; 1041.516113;-49.751911;-6.214185;-5.524855; 0.049912;-478.085785; 1144.776611;-40.860046;-9.916086;-4.419883; 0.008333;-447.097412; 1287.506958; 6.662846; 0.000000;-0.000000; 0.000000;-400.440979; 1349.115112; 51.349384; 24.504524; 5.286252; 12.790081;-392.360260; 1440.201050; 57.116318; 5.885274; 2.830778; 7.282648;-431.550659; 1617.909058; 35.095913; 0.000000;-0.000000; 0.000000;-268.343201; 1520.555542; 87.737732;-361.670044; 1495.323364;-27.634361;-409.235291; 1505.420898; 138.508179; 1.656821; 20.792809;-6.020407; 15.681594;-11.491638;-10.688576; 2.854602; 0.526880;
134;0;1776780260616667;;-390.965790; 801.229126; 31.363512;-552.050659; 886.997742;-379.032532; 5.340014; 11.095543;-26.437700;-438.129395; 1091.948730;-250.193405; 0.000000; 171.524872; 0.000000;-299.538727; 1301.446289;-64.975021; 11.165912;-3.203270; 98.445595;-842.205872; 903.426880; 51.516750; 20.406199;-26.344105; 10.342357;-676.273254; 1109.427368; 91.674408; 0.000000; 175.085739; 0.000000;-463.689240; 1331.796143; 144.235168;-25.321686; 18.561735; 161.876373; 6.565933; 3.029564; 282.334717;-21.141689;-11.659541; 0.010250;-75.287750; 70.159180; 193.238968;-21.141689;-11.659541; 0.010250;-111.197540; 443.550476; 162.336151; 38.191185;-9.361429;-13.323795;-326.408234; 738.434448;-27.604521; 27.330795;-1.792275; 3.131738;-856.958130; 186.797760;-258.226929;-6.755873;-10.803955; 0.209232;-850.004578; 320.916718;-224.937012;-6.755873; 10.803955;-0.209232;-557.901001; 397.828125;-0.380211; 53.456657; 4.361938; 12.706175;-426.240723; 768.623901; 120.142548;-43.182278; 12.314989;-2.619949;-463.689240; 1331.796143; 144.235168;-29.558340; 68.895073;-2.544128;-323.895325; 1305.658936; 36.800797; 0.423189; 0.819519;-0.480064;-579.014099; 831.346436;-432.413635; 0.000000;-0.000000; 0.000000; 58.641880;-27.936214; 335.197021; 0.000000;-0.000000; 0.000000;-373.795013; 1292.117676; 107.986618;-17.297911;-25.094530;-25.101692;-894.429993; 866.250000; 0.879265; 0.000000; 0.000000; 0.000000;-852.686523; 107.970840;-273.500336; 0.000000; 0.000000; 0.000000;-432.511597; 833.714050;-8.080856; 0.000000;-0.000000; 0.000000;-424.986847; 951.093445;-18.384468;-12.367129;-4.687763;-0.107570;-434.423340; 1037.074341;-27.240431;-6.273509;-5.859788;-0.322101;-438.055664; 1140.429077;-20.283480;-9.898404;-4.687755;-0.053783;-411.375916; 1284.488525; 25.821871; 0.000001;-0.000001; 0.000002;-366.995300; 1347.499756; 70.868790; 23.679718; 5.424911; 13.229638;-359.887329; 1438.716431; 75.787277; 5.706169; 2.907441; 7.849156;-399.954407; 1615.889282; 51.183525; 0.000000;-0.000000; 0.000000;-236.502258; 1520.178711; 106.032593;-329.026764; 1492.883179;-9.515862;-377.593475; 1504.913696; 156.207672; 0.843719; 16.322443;-6.286842; 12.288399;-11.673424;-9.858627; 2.640901; 0.521756;
135;0;1776780260633333;;-346.723724; 796.259766; 59.654976;-444.367462; 829.156128;-324.440002; 5.424719; 10.079650;-25.834772;-359.866486; 1058.368774;-215.336029; 0.000000; 170.249680; 0.000000;-257.378113; 1297.688354;-43.217628; 17.695812;-3.395731; 105.662834;-786.091187; 876.321838; 65.564461; 19.027433;-26.028856; 11.585715;-633.452637; 1092.583252; 104.487198; 0.000000; 174.856232; 0.000000;-435.614716; 1327.578857; 159.620728;-30.728870; 16.797153; 159.575867; 7.518524;-4.967342; 282.920410;-12.647910;-11.674760;-0.063242;-74.882339; 58.520020; 191.684875;-12.647910;-11.674760;-0.063242;-75.796097; 434.892242; 188.729782; 43.454063;-10.175756;-12.455268;-283.270111; 737.758362; 2.782680; 24.070295;-3.208885; 2.976227;-769.174805; 184.981094;-184.913467; 5.548413;-11.178090; 0.233135;-779.972046; 321.698669;-166.577789; 5.548413; 11.178090;-0.233135;-481.097717; 382.279236; 54.034393; 62.802975; 5.699053; 11.078415;-385.121368; 771.155151; 148.447006;-38.398258; 13.191313;-2.737637;-435.614716; 1327.578857; 159.620728;-25.836657; 69.840942;-6.982399;-291.798706; 1306.159546; 55.335762; 0.903779; 1.820633;-5.423275;-462.185333; 764.394104;-370.937744; 0.000000;-0.000000; 0.000000; 59.793430;-33.692726; 336.840668; 0.000000;-0.000000; 0.000000;-342.875427; 1292.682861; 125.694221;-16.265631;-23.797409;-24.223219;-831.643311; 831.830200; 14.387028; 0.000000; 0.000000; 0.000000;-754.656189; 106.155746;-191.315170; 0.000000; 0.000000; 0.000000;-391.063080; 831.904541; 18.095539; 0.000000;-0.000000; 0.000000;-385.441406; 949.041748; 4.384813;-12.632757;-4.936852;-0.212703;-396.132812; 1034.627441;-6.613652;-6.387766;-6.171405;-0.636769;-401.677246; 1138.011230;-1.628856;-9.955650;-4.936827;-0.106351;-378.628418; 1283.185791; 42.910717; 0.000000; 0.000000; 0.000000;-336.140533; 1347.372559; 88.122665; 22.820261; 5.463845; 13.331717;-329.699799; 1438.664551; 92.539368; 5.520896; 2.931171; 8.144217;-369.984375; 1615.537476; 66.193901; 0.000000;-0.000000; 0.000000;-206.901352; 1520.703003; 123.603760;-298.016510; 1492.303711; 7.204483;-348.514954; 1505.388916; 172.269470; 0.289391; 8.943800;-6.022946; 5.650555;-11.485985;-8.819359; 2.379449; 0.516271;
136;0;1776780260650000;;-304.201355; 794.679932; 86.831978;-331.285767; 782.240417;-257.828186; 5.278100; 9.008063;-25.261286;-278.945831; 1031.212158;-175.026794; 0.000000; 168.783264; 0.000000;-217.884308; 1296.711182;-22.763268; 23.920662;-3.790591; 112.503143;-732.417725; 854.261353; 81.487762; 17.127306;-25.366695; 12.728196;-593.341736; 1080.058105; 116.930344; 0.000000; 174.273895; 0.000000;-409.702515; 1326.122681; 172.888245;-35.675945; 15.440814; 157.502319; 6.745270;-5.394989; 279.588715;-5.173294;-11.555510;-0.120428;-76.411987; 56.146698; 187.708603;-5.173294;-11.555510;-0.120428;-42.368469; 430.273071; 210.862000; 48.668606;-10.592444;-11.482415;-244.705307; 739.972168; 30.595739; 21.136312;-4.922174; 3.159857;-670.873535; 183.306366;-105.516365; 16.880924;-11.560240; 0.201715;-699.846497; 318.595032;-104.099998; 16.880924; 11.560240;-0.201715;-397.774231; 372.449432; 113.885384; 72.129936; 6.621490; 8.977190;-348.303589; 776.500000; 174.262833;-32.075809; 14.270842;-3.672294;-409.702515; 1326.122681; 172.888245;-22.507122; 70.683571;-11.023932;-262.867889; 1308.820801; 71.040489; 1.226889; 2.559285;-11.156182;-339.030273; 709.865540;-294.916321; 0.000000;-0.000000; 0.000000; 59.444298;-32.928513; 333.717468; 0.000000;-0.000000; 0.000000;-314.828186; 1295.508057; 140.780426;-15.349047;-22.634892;-23.432135;-771.304138; 802.436279; 31.731922; 0.000000; 0.000000; 0.000000;-646.076599; 106.896187;-102.080894; 0.000000; 0.000000; 0.000000;-354.047485; 832.883606; 41.955635; 0.000000;-0.000000; 0.000000;-350.216766; 949.642029; 24.823471;-12.960661;-5.162504;-0.289412;-361.992645; 1034.790405; 11.736458;-6.520151;-6.453790;-0.866232;-369.155701; 1138.150513; 14.767632;-10.040638;-5.162456;-0.144705;-349.115814; 1284.283813; 57.594181;-0.000001;-0.000000; 0.000000;-308.120941; 1349.465332; 102.761261; 21.874508; 5.404636; 13.080811;-302.044952; 1440.787842; 107.059975; 5.315932; 2.900654; 8.145104;-341.885864; 1617.644775; 79.944649; 0.000000;-0.000000; 0.000000;-179.795532; 1522.849487; 140.161621;-268.921143; 1494.385498; 22.247650;-322.213623; 1507.551636; 186.425323; 0.173589; 0.138476;-4.969052;-2.700014;-10.783241;-7.514542; 2.061968; 0.506200;
137;0;1776780260666667;;-263.824646; 797.471558; 112.491180;-216.812988; 751.482666;-178.909805; 4.907780; 7.963517;-24.726967;-197.963028; 1013.628601;-128.842896; 0.000000; 167.183716; 0.000000;-182.074707; 1299.240967;-4.040482; 29.823891;-3.955533; 119.110458;-682.671814; 838.927002; 99.393433; 14.770391;-24.545259; 13.830436;-557.063354; 1073.353027; 128.539185; 0.000000; 173.142197; 0.000000;-385.967041; 1328.447754; 183.813065;-39.716667; 14.332165; 155.877991; 5.548264;-0.632004; 274.641052; 0.663633;-11.308574;-0.146738;-78.719856; 60.773834; 183.686798; 0.663633;-11.308574;-0.146738;-12.372910; 428.690338; 227.288437; 52.997196;-10.565776;-10.651376;-210.937790; 745.373596; 55.145081; 18.450714;-6.902771; 3.783147;-565.646851; 184.563843;-23.228788; 25.655090;-11.906551; 0.134017;-610.471802; 314.596008;-38.289474; 25.655090; 11.906551;-0.134017;-308.645660; 373.853149; 178.632492; 81.013924; 7.054683; 6.607455;-315.865540; 784.898865; 197.043076;-24.148581; 15.355269;-5.509993;-385.967041; 1328.447754; 183.813065;-19.853153; 71.401314;-14.330637;-237.034195; 1314.346436; 83.826401; 1.425778; 3.048696;-17.145235;-214.164169; 673.858948;-204.231384; 0.000000;-0.000000; 0.000000; 58.978409;-28.084753; 328.089844; 0.000000;-0.000000; 0.000000;-289.563385; 1301.287231; 153.187103;-14.635866;-21.676611;-22.905838;-715.244080; 780.147461; 52.942890; 0.000000; 0.000000; 0.000000;-532.079224; 112.632278;-10.411920; 0.000000; 0.000000; 0.000000;-321.520935; 837.167542; 63.053158; 0.000000;-0.000000; 0.000000;-319.181030; 953.448425; 42.706421;-13.258818;-5.363371;-0.341182;-331.845856; 1038.146851; 27.674400;-6.629344;-6.705164;-1.021032;-340.342865; 1141.443848; 28.834116;-10.096249;-5.363301;-0.170589;-322.784515; 1288.425903; 69.805321; 0.000000;-0.000001; 0.000000;-282.905334; 1354.472900; 114.713242; 20.812708; 5.257132; 12.493882;-276.924347; 1445.789429; 119.266060; 5.082450; 2.819584; 7.850422;-315.732208; 1622.908936; 92.366562; 0.000000;-0.000000; 0.000000;-155.229279; 1527.335449; 155.533447;-241.822388; 1499.814331; 35.527184;-298.662415; 1512.123169; 198.577667; 0.683569;-4.859784;-2.993756;-7.519613;-9.580856;-6.032791; 1.687622; 0.484727;
138;0;1776780260683333;;-226.202652; 805.610168; 136.047226;-103.984222; 742.047363;-90.291016; 4.350930; 7.019431;-24.238274;-118.975800; 1008.892456;-77.985123; 0.000000; 165.495300; 0.000000;-150.462830; 1305.890015; 12.587952; 35.510803;-3.366716; 125.458488;-637.873108; 831.450562; 119.292030; 12.046056;-23.772028; 14.919486;-525.509949; 1073.477783; 138.780884; 0.000000; 171.234863; 0.000000;-364.387634; 1335.333740; 192.386185;-42.644257; 13.377251; 154.742462; 4.265266; 6.003883; 270.004700; 4.394385;-10.950958;-0.136163;-81.261940; 69.044037; 181.373428; 4.394385;-10.950958;-0.136163; 12.376862; 429.302948; 237.148651; 55.730282;-10.151044;-10.177709;-182.054382; 754.176331; 75.892876; 15.950281;-9.046224; 4.889590;-457.218201; 191.576279; 58.526337; 30.849291;-12.194969; 0.060551;-514.189209; 314.252502; 29.383240; 30.849291; 12.194969;-0.060551;-216.170502; 392.327362; 245.611771; 89.064919; 7.050917; 4.166365;-287.791656; 796.511902; 216.372253;-14.670670; 16.220074;-8.186632;-364.387634; 1335.333740; 192.386185;-17.996880; 71.962608;-16.775757;-214.067734; 1323.371704; 93.939751; 1.542719; 3.342061;-22.889011;-91.036087; 662.261047;-102.128418; 0.000000;-0.000000; 0.000000; 58.604721;-22.454111; 321.990967; 0.000000;-0.000000; 0.000000;-266.904358; 1310.632080; 163.126160;-14.167380;-20.957930;-22.751972;-664.456482; 766.310120; 77.774780; 0.000000; 0.000000; 0.000000;-417.078339; 125.044159; 79.201874; 0.000000; 0.000000; 0.000000;-293.414093; 845.224365; 81.047546; 0.000000;-0.000000; 0.000000;-292.071533; 961.002747; 57.933266;-13.445213;-5.538955;-0.379816;-305.386047; 1045.281982; 41.202198;-6.682475;-6.924912;-1.136437;-314.919556; 1148.493530; 40.660927;-10.074378;-5.538865;-0.189907;-299.403992; 1296.226074; 79.712616;-0.000001;-0.000000; 0.000002;-260.321503; 1363.027710; 124.202805; 19.634872; 5.052074; 11.646657;-254.183273; 1454.303589; 129.325653; 4.819192; 2.701952; 7.295814;-291.417389; 1631.919556; 103.496742; 0.000000;-0.000000; 0.000000;-133.073364; 1534.795776; 169.675873;-216.659683; 1509.107300; 47.157692;-277.646454; 1519.830811; 208.815918; 1.868022;-4.730772;-0.232390;-7.522536;-8.051514;-4.550102; 1.281019; 0.445317;
139;0;1776780260700000;;-192.184753; 819.914185; 156.763794; 4.545265; 758.155640; 2.967306; 3.667434; 6.227186;-23.799913;-43.683594; 1019.831543;-25.001072; 0.000000; 163.761795; 0.000000;-122.947235; 1317.160767; 27.105446; 41.096828;-1.548445; 131.288437;-598.387085; 832.494812; 141.038025; 9.041344;-23.230171; 15.974503;-499.252258; 1080.925293; 147.126770; 0.000000; 168.323044; 0.000000;-344.959534; 1347.244751; 198.800598;-44.504311; 12.589095; 153.979584; 2.742004; 11.683922; 266.769684; 5.743115;-10.503082;-0.091516;-83.653198; 77.975128; 181.412689; 5.743115;-10.503082;-0.091516; 30.028519; 431.860748; 240.632904; 56.394600;-9.467852;-10.174059;-158.032593; 766.595337; 92.526711; 13.616226;-11.177742; 6.445268;-349.611664; 207.212250; 136.324844; 32.112240;-12.423662; 0.004100;-414.937988; 322.482788; 96.454514; 32.112240; 12.423662;-0.004100;-125.028610; 432.130341; 309.985626; 95.966118; 6.773285; 1.789901;-264.177124; 811.460632; 231.909500;-3.820214; 16.654936;-11.447402;-344.959534; 1347.244751; 198.800598;-16.909733; 72.310570;-18.400057;-193.627594; 1336.449341; 101.948929; 1.614767; 3.508811;-28.023846; 27.370714; 679.752686; 5.335904; 0.000000;-0.000000; 0.000000; 57.839630;-18.774332; 316.787231; 0.000000;-0.000000; 0.000000;-246.671906; 1324.048218; 171.037827;-13.927429;-20.462141;-22.966206;-618.951965; 761.722839; 105.795334; 0.000000; 0.000000; 0.000000;-305.046082; 145.778687; 162.877319; 0.000000; 0.000000; 0.000000;-269.596069; 857.486450; 95.639366; 0.000000;-0.000000; 0.000000;-268.574799; 972.832458; 70.440712;-13.468559;-5.687827;-0.416802;-282.225464; 1056.778320; 52.359520;-6.661700;-7.111287;-1.246929;-292.457733; 1159.905762; 50.401936;-9.948460;-5.687712;-0.208405;-278.616516; 1308.266846; 87.658783;-0.000000; 0.000001; 0.000003;-240.112259; 1375.683716; 131.723022; 18.372927; 4.850420; 10.679399;-233.549545; 1466.881714; 137.643341; 4.533391; 2.574762; 6.557828;-268.638367; 1645.164429; 113.456902; 0.000000;-0.000000; 0.000000;-113.045723; 1545.764526; 182.710983;-193.225830; 1522.603882; 57.443199;-258.808807; 1531.397827; 217.409729; 3.518697;-3.008888; 2.852590;-6.356533;-6.458992;-3.255936; 0.939228; 0.404027;
140;0;1776780260716667;;-162.579071; 840.753784; 174.080063; 105.944359; 801.420776; 94.553162; 2.928667; 5.609703;-23.416552; 26.334373; 1047.756714; 27.000767; 0.000000; 162.050797; 0.000000;-98.818642; 1333.359619; 40.046555; 46.632599; 1.922562; 136.173325;-564.090942; 842.543213; 164.275818; 5.825858;-23.035378; 16.935978;-478.481964; 1095.780762; 153.125198; 0.000000; 164.220764; 0.000000;-327.567078; 1364.284790; 203.451859;-45.542622; 12.086068; 153.373825; 0.947372; 15.005043; 265.237183; 4.611004;-9.981750;-0.021472;-85.187958; 86.025299; 183.497986; 4.611004;-9.981750;-0.021472; 39.397293; 436.794769; 239.219513; 54.813904;-8.654067;-10.618432;-138.496689; 782.828552; 105.189705; 11.450835;-13.082215; 8.341026;-247.284821; 233.621521; 207.097458; 29.672756;-12.602590;-0.028195;-317.674927; 342.986816; 159.885956; 29.672756; 12.602590; 0.028195;-41.452621; 493.896088; 366.267151; 101.519684; 6.434988;-0.464877;-245.061188; 829.804443; 243.552994; 8.080073; 16.557232;-14.877139;-327.567078; 1364.284790; 203.451859;-16.488482; 72.364754;-19.384579;-175.182144; 1353.964355; 108.700546; 1.668328; 3.611803;-32.356609; 137.859695; 727.969360; 110.675751; 0.000000;-0.000000; 0.000000; 56.206566;-18.367989; 313.173279; 0.000000;-0.000000; 0.000000;-228.594284; 1341.853516; 177.557190;-13.857391;-20.139240;-23.434095;-578.153687; 767.052856; 136.399582; 0.000000; 0.000000; 0.000000;-200.087158; 176.117493; 237.607681; 0.000000; 0.000000; 0.000000;-249.656128; 874.253418; 106.730209; 0.000000;-0.000000; 0.000000;-248.141785; 989.320801; 80.312035;-13.311913;-5.808151;-0.457202;-261.732605; 1073.069580; 61.295536;-6.563705;-7.262036;-1.367633;-272.293060; 1176.139160; 58.304234;-9.716296;-5.808012;-0.228605;-259.852020; 1324.975342; 94.132645;-0.000001;-0.000001;-0.000003;-221.869751; 1392.827393; 137.981339; 17.096420; 4.735690; 9.772053;-214.621292; 1483.910645; 144.800980; 4.241572; 2.473964; 5.744506;-246.973053; 1662.941040; 122.386185; 0.000000;-0.000000; 0.000000;-94.760056; 1560.692871; 194.926132;-171.157318; 1540.423218; 66.825089;-241.702637; 1547.448364; 224.754700; 5.192106;-1.912132; 5.583073;-6.510540;-5.058739;-2.297607; 0.890533; 0.463694;
141;0;1776780260733333;;-137.693741; 867.784973; 188.020905; 197.617523; 869.693909; 178.671097; 2.203320; 5.164320;-23.093294; 89.767128; 1091.662964; 75.324440; 0.000000; 160.452148; 0.000000;-76.978035; 1354.482910; 52.428825; 52.117901; 7.533050; 139.634338;-534.924561; 862.080078; 188.447739; 2.474786;-23.209095; 17.744707;-463.017029; 1117.792725; 156.465698; 0.000000; 158.856461; 0.000000;-311.888458; 1386.158325; 206.889404;-46.105042; 12.049364; 152.678452;-0.821083; 16.139038; 265.231079; 1.053724;-9.397263; 0.062238;-84.824760; 93.343414; 186.953796; 1.053724;-9.397263; 0.062238; 40.640381; 444.881653; 235.378540; 51.115814;-7.840108;-11.370562;-122.424072; 802.930786; 114.711800; 9.415527;-14.555435; 10.419417;-154.817337; 271.324524; 268.704468; 24.150192;-12.747701;-0.041413;-227.378922; 377.210144; 217.056427; 24.150192; 12.747701; 0.041413; 28.739151; 573.720520; 410.583679; 105.716476; 6.220154;-2.601623;-230.039230; 851.469360; 251.715805; 20.514103; 16.048067;-18.023611;-311.888458; 1386.158325; 206.889404;-16.639105; 72.032181;-20.043154;-158.003723; 1375.986938; 115.211952; 1.717643; 3.692174;-35.827423; 237.488617; 804.267578; 207.014145; 0.000000;-0.000000; 0.000000; 53.557735;-21.057541; 311.324097; 0.000000;-0.000000; 0.000000;-212.231262; 1364.050293; 183.458954;-13.887343;-19.938334;-23.993635;-541.799133; 783.076538; 168.831161; 0.000000; 0.000000; 0.000000;-106.516273; 216.086151; 301.582062; 0.000000; 0.000000; 0.000000;-232.628159; 895.517822; 114.710953; 0.000000;-0.000000; 0.000000;-229.774689; 1010.494385; 88.009628;-12.981653;-5.900273;-0.499341;-242.876419; 1094.198364; 68.460266;-6.393921;-7.377578;-1.493537;-253.432770; 1197.248047; 64.835350;-9.391736;-5.900104;-0.249666;-242.310425; 1346.402832; 99.760757; 0.000000;-0.000001;-0.000002;-205.027710; 1414.516724; 143.803619; 15.895689; 4.792690; 9.100232;-196.923599; 1505.461548; 151.457153; 3.965011; 2.435501; 4.978202;-226.066681; 1685.204590; 130.383957; 0.000000;-0.000000; 0.000000;-77.834198; 1579.900024; 206.696579;-150.042694; 1562.381104; 75.790886;-225.881821; 1568.315918; 231.293152; 6.398163;-1.753681; 7.331628;-8.918855;-4.006538;-1.741928; 1.204320; 0.682608;
142;0;1776780260750000;;-117.042534; 899.946716; 199.273987; 278.051208; 957.673157; 251.419312; 1.541967; 4.872477;-22.835276; 145.925049; 1148.457275; 118.278175; 0.000000; 159.037201; 0.000000;-56.316231; 1380.202393; 65.409019; 57.561092; 15.913296; 141.267654;-511.161072; 891.413086; 212.931046;-0.897557;-23.686460; 18.378515;-452.221130; 1146.331665; 157.028687; 0.000000; 152.323929; 0.000000;-297.448730; 1412.177246; 209.698441;-46.508732; 12.641408; 151.688049;-2.200897; 16.455414; 266.400208;-4.712496;-8.756424; 0.145533;-81.661392; 101.310608; 191.366302;-4.712496;-8.756424; 0.145533; 35.340752; 456.770020; 231.673248; 45.674557;-7.135746;-12.226230;-108.147606; 826.692383; 122.502914; 7.398040;-15.447007; 12.514817;-76.378311; 318.772552; 320.069000; 16.359503;-12.878392;-0.044620;-148.239655; 424.110901; 266.363800; 16.359503; 12.878392; 0.044620; 82.508301; 664.103027; 441.933655; 108.772728; 6.228231;-4.653187;-217.994904; 876.198914; 257.372437; 32.759190; 15.497512;-20.570599;-297.448730; 1412.177246; 209.698441;-17.295656; 71.233101;-20.773552;-141.341919; 1402.210327; 122.466812; 1.767742; 3.770033;-38.454784; 324.558990; 902.499207; 289.714142; 0.000000;-0.000000; 0.000000; 49.928654;-25.500385; 310.980774; 0.000000;-0.000000; 0.000000;-197.035583; 1390.279907; 189.523834;-13.958115;-19.818630;-24.510798;-510.447174; 810.415161; 202.326385; 0.000000; 0.000000; 0.000000;-28.470974; 263.862885; 354.054626; 0.000000; 0.000000; 0.000000;-216.974396; 920.874207; 120.549995; 0.000000;-0.000000; 0.000000;-212.062195; 1035.919800; 94.452278;-12.490206;-5.969376;-0.540927;-224.313049; 1119.700562; 74.681419;-6.159156;-7.464376;-1.617817;-234.682343; 1222.757324; 70.734093;-8.988761;-5.969174;-0.270470;-225.123718; 1372.116577; 105.246147;-0.000001;-0.000001; 0.000000;-188.993546; 1440.403198; 149.976669; 14.829388; 5.083557; 8.790992;-180.029846; 1531.215210; 158.225067; 3.717597; 2.485679; 4.372691;-205.743469; 1711.526733; 137.549576; 0.000000;-0.000000; 0.000000;-61.964096; 1603.448608; 218.371185;-129.580704; 1587.994019; 84.780670;-210.966858; 1593.894287; 237.454315; 6.839683;-2.288157; 7.763896;-14.697673;-3.313950;-1.548988; 1.653481; 0.884664;
143;0;1776780260766667;;-99.413086; 935.700500; 208.872925; 347.066467; 1058.585693; 310.964539; 0.963723; 4.710900;-22.646217; 194.867401; 1213.922363; 155.117065; 0.000000; 157.813797; 0.000000;-36.013161; 1409.977783; 79.891464; 62.980785; 27.591047; 140.918442;-493.192413; 930.443665; 237.214340;-4.145337;-24.360025; 18.858503;-444.932281; 1180.394043; 154.884293; 0.000000; 144.856232; 0.000000;-283.722931; 1441.372437; 212.366898;-46.937641; 13.954452; 150.282928;-3.034111; 17.937088; 268.397186;-12.295320;-8.069885; 0.211735;-75.403900; 111.709076; 196.885681;-12.295320;-8.069885; 0.211735; 25.939003; 472.695862; 229.805923; 38.998009;-6.609688;-12.979289;-93.719254; 853.607056; 130.115479; 5.248086;-15.678181; 14.485170;-14.979263; 372.426392; 360.753082; 7.217938;-13.015354;-0.043783;-83.059906; 480.223480; 307.001099; 7.217938; 13.015354; 0.043783; 120.791443; 756.134338; 461.866791; 111.056061; 6.465955;-6.657965;-207.211792; 903.533020; 261.773956; 43.989708; 15.377497;-22.441225;-283.722931; 1441.372437; 212.366898;-18.376629; 69.914337;-21.980421;-124.624802; 1432.039673; 131.180496; 1.819016; 3.852839;-40.307846; 398.897064; 1014.970032; 356.625244; 0.000000;-0.000000; 0.000000; 45.371464;-29.626476; 311.522766; 0.000000;-0.000000; 0.000000;-182.469543; 1419.909424; 196.354187;-14.030135;-19.749298;-24.913502;-485.194763; 849.148865; 236.303833; 0.000000; 0.000000; 0.000000; 30.917168; 315.867310; 394.808807; 0.000000; 0.000000; 0.000000;-200.889160; 949.581360; 125.550362; 0.000000;-0.000000; 0.000000;-193.461243; 1064.794312; 100.821648;-11.839951;-6.025661;-0.584077;-204.664719; 1148.712769; 81.013397;-5.860443;-7.535207;-1.746765;-214.900833; 1251.776001; 76.890953;-8.506020;-6.025428;-0.292041;-207.563065; 1401.299927; 111.233215; 0.000000;-0.000000; 0.000000;-173.291687; 1469.810669; 157.070129; 13.870199; 5.633626; 8.894608;-163.623962; 1560.528198; 165.558929; 3.493634; 2.635029; 4.007678;-185.917114; 1741.199951; 144.072937; 0.000000;-0.000000; 0.000000;-46.889511; 1631.022461; 230.199402;-109.607040; 1616.588867; 94.127838;-196.631836; 1623.627686; 243.609940; 6.516440;-3.277277; 6.910378;-26.289366;-2.863892;-1.548050; 2.092330; 0.983648;
144;0;1776780260783333;;-83.215836; 973.352844; 217.838043; 405.467834; 1165.566895; 357.063843; 0.448061; 4.660647;-22.526211; 237.252396; 1283.646729; 185.765182; 0.000000; 156.715164; 0.000000;-15.625931; 1443.189209; 96.315598; 68.334351; 42.096394; 138.943848;-481.151489; 978.662048; 260.780151;-7.135555;-25.132454; 19.230158;-439.663818; 1218.770630; 150.285034; 0.000000; 136.751938; 0.000000;-270.200470; 1472.677246; 215.216461;-47.343563; 15.979416; 148.456284;-3.217400; 22.635315; 270.950836;-21.126183;-7.359068; 0.244095;-66.356285; 125.956940; 203.998703;-21.126183;-7.359068; 0.244095; 15.073608; 492.491455; 230.213196; 31.607033;-6.264036;-13.460157;-77.376770; 882.939087; 138.817307; 2.849679;-15.243011; 16.223190; 28.465584; 427.529053; 390.840363;-2.250233;-13.176205;-0.038840;-32.699020; 540.162231; 338.714355;-2.250233; 13.176205; 0.038840; 147.702805; 841.709839; 473.583923; 112.931480; 6.874848;-8.648607;-195.799362; 932.807983; 266.082001; 53.465336; 16.031361;-23.742180;-270.200470; 1472.677246; 215.216461;-19.773169; 68.031052;-23.933756;-107.544434; 1464.734253; 141.659973; 1.869009; 3.938953;-41.503536; 461.417603; 1133.997314; 407.527954; 0.000000;-0.000000; 0.000000; 40.181061;-31.038090; 312.193359; 0.000000;-0.000000; 0.000000;-168.083466; 1452.154785; 204.250305;-14.092827;-19.722973;-25.185400;-467.013489; 898.746826; 270.124054; 0.000000; 0.000000; 0.000000; 70.662201; 367.715118; 424.111145; 0.000000; 0.000000; 0.000000;-182.718399; 980.709595; 130.983429; 0.000000;-0.000000; 0.000000;-172.636017; 1096.134399; 108.263962;-11.016596;-6.081459;-0.633344;-182.806335; 1180.191284; 88.485275;-5.489086;-7.605536;-1.893988;-193.219589; 1283.228027; 84.150185;-7.921646;-6.081179;-0.316675;-189.151825; 1432.949097; 118.175674;-0.000000;-0.000000;-0.000003;-157.616730; 1501.878540; 165.330078; 12.893605; 6.435501; 9.382055;-147.484665; 1592.557495; 173.689713; 3.265393; 2.878484; 3.914104;-166.448959; 1773.368774; 150.268173; 0.000000;-0.000000; 0.000000;-32.339142; 1661.889648; 242.314240;-90.015343; 1647.408081; 104.035423;-182.571609; 1656.612793; 250.036682; 5.652878;-4.580265; 5.076207;-46.603306;-2.486626;-1.451950; 2.465232; 1.020554;
145;0;1776780260800000;;-66.921288; 1011.351257; 226.974884; 454.608948; 1272.589966; 390.680420;-0.068212; 4.713072;-22.468014; 274.060303; 1353.700562; 210.664398; 0.000000; 155.629440; 0.000000; 4.931717; 1479.182617; 114.609512; 73.471184; 57.089500; 136.343246;-474.647095; 1035.198120; 282.732697;-9.784846;-25.950609; 19.539736;-435.000366; 1260.274292; 143.623627; 0.000000; 128.320328; 0.000000;-256.445801; 1505.076294; 218.408051;-47.473862; 18.620716; 146.313873;-2.375748; 32.242180; 273.958099;-30.475628;-6.658847; 0.231925;-55.090973; 144.715332; 213.004364;-30.475628;-6.658847; 0.231925; 5.212494; 515.737305; 232.285690; 23.963158;-6.028999;-13.547353;-57.893047; 913.850525; 149.380798; 0.173915;-14.202590; 17.656319; 55.675068; 479.540466; 411.267303;-10.951055;-13.369740;-0.026209; 4.056458; 598.066895; 361.957397;-10.951055; 13.369740; 0.026209; 168.460541; 914.996338; 481.090149; 114.639343; 7.369164;-10.646166;-182.174469; 963.211487; 271.137695; 60.687447; 17.541496;-24.606140;-256.445801; 1505.076294; 218.408051;-21.360455; 65.523338;-26.719366;-90.057922; 1499.490479; 153.774124; 1.912668; 4.018324;-42.203617; 513.614807; 1252.934082; 443.648254; 0.000000;-0.000000; 0.000000; 35.233910;-27.430851; 312.556641; 0.000000;-0.000000; 0.000000;-153.567459; 1486.153931; 213.183197;-14.171667;-19.772356;-25.346292;-456.154938; 958.127197; 302.525391; 0.000000; 0.000000; 0.000000; 92.691086; 415.677124; 443.149780; 0.000000; 0.000000; 0.000000;-161.311340; 1013.290222; 137.817963; 0.000000;-0.000000; 0.000000;-148.738327; 1128.945190; 117.654678;-9.996168;-6.147681;-0.688853;-158.088425; 1213.099976; 97.887367;-5.028567;-7.689044;-2.059828;-169.198944; 1316.045654; 93.137657;-7.201567;-6.147348;-0.344421;-169.710098; 1466.023438; 126.259354; 0.000000;-0.000000; 0.000002;-141.838623; 1535.661987; 174.663071; 11.716721; 7.465818; 10.164588;-131.482285; 1626.353394; 182.601303; 2.991833; 3.200962; 4.079229;-147.155685; 1807.112061; 156.493805; 0.000000;-0.000000; 0.000000;-18.047966; 1694.981812; 254.695312;-70.744095; 1679.651245; 114.533394;-168.520386; 1691.732178; 256.876587; 4.558703; 173.864807; 2.697040;-71.165268;-2.071152;-0.979240; 2.753410; 1.035585;
146;0;1776780260816667;;-49.418732; 1048.518555; 236.779343; 495.955872; 1375.076538; 413.644775;-0.690517; 4.872498;-22.452356; 306.257996; 1421.057983; 230.661423; 0.000000; 154.451553; 0.000000; 25.450371; 1517.242432; 134.234848; 78.156158; 69.623039; 134.336761;-472.455750; 1098.706909; 301.771149;-12.068345;-26.814434; 19.816347;-429.964172; 1303.920532; 135.445190; 0.000000; 119.852554; 0.000000;-242.178406; 1537.701294; 221.964218;-46.973160; 21.685398; 144.049301; 0.174377; 47.709663; 277.528992;-39.519054;-6.013131; 0.178171;-42.153118; 167.895813; 223.601822;-39.519054;-6.013131; 0.178171;-1.509060; 541.907471; 234.957611; 16.463690;-5.802122;-13.176961;-34.758537; 945.556458; 162.076828;-2.712533;-12.678637; 18.744591; 70.626358; 525.439087; 423.875183;-17.919048;-13.590657;-0.004686; 29.976578; 649.466370; 377.948151;-17.919048; 13.590657; 0.004686; 187.450043; 973.072632; 488.160248; 116.254768; 7.867944;-12.651932;-165.391663; 993.940674; 277.407074; 65.470009; 19.765326;-25.072918;-242.178406; 1537.701294; 221.964218;-23.013905; 62.307957;-30.220453;-72.342262; 1535.469971; 167.001633; 1.942800; 4.074181;-42.596001; 557.079651; 1366.837280; 467.213715; 0.000000;-0.000000; 0.000000; 31.898603;-17.186226; 312.846161; 0.000000;-0.000000; 0.000000;-138.785553; 1521.013794; 222.832367;-14.321726;-19.968489;-25.432356;-451.577881; 1025.547119; 331.526581; 0.000000; 0.000000; 0.000000; 101.586563; 457.663391; 454.093201; 0.000000; 0.000000; 0.000000;-136.232635; 1046.457031; 146.605408; 0.000000;-0.000000; 0.000000;-121.584503; 1162.354126; 129.459167;-8.765213;-6.232196;-0.743316;-130.472244; 1246.543457; 109.625916;-4.464195;-7.795485;-2.222491;-142.913834; 1349.299683; 104.133850;-6.317722;-6.231798;-0.371654;-149.352432; 1499.543579; 135.374084;-0.000001;-0.000001;-0.000003;-125.982529; 1570.197021; 184.681427; 10.157752; 8.692270; 11.114811;-115.589645; 1660.932373; 192.050003; 2.631913; 3.581721; 4.463837;-127.911369; 1841.510254; 163.054459; 0.000000;-0.000000; 0.000000;-3.816902; 1729.048340; 267.162109;-51.809723; 1712.511841; 125.456383;-154.304321; 1727.784546; 264.126343; 3.511790; 172.064575; 0.205584;-88.459442;-1.640038;-0.031914; 2.955627; 1.046415;
147;0;1776780260833333;;-30.151754; 1084.130127; 247.439636; 530.828247; 1469.988892; 428.264832;-1.561675; 5.155461;-22.441452; 334.636017; 1483.707031; 246.873169; 0.000000; 153.130325; 0.000000; 45.602852; 1556.539185; 154.364838; 82.121773; 78.400810; 133.635361;-472.546906; 1167.364258; 316.799072;-14.008495;-27.770885; 20.061670;-424.121613; 1349.015747; 126.430374; 0.000000; 111.597504; 0.000000;-227.273163; 1569.875366; 225.799423;-45.557568; 24.924679; 141.862305; 5.171841; 68.933815; 281.809113;-47.491302;-5.463612; 0.100868;-27.854679; 194.837524; 234.883926;-47.491302;-5.463612; 0.100868;-3.382356; 570.417480; 237.417389; 9.476694;-5.511352;-12.361115;-8.155190; 977.427673; 176.840164;-5.671237;-10.849449; 19.481731; 78.358055; 564.066833; 430.992798;-22.603600;-13.818919; 0.020419; 48.580139; 692.295410; 388.387878;-22.603600; 13.818919;-0.020419; 207.249359; 1015.763184; 497.283447; 117.698410; 8.314221;-14.637485;-145.228912; 1024.376709; 285.069977; 67.929688; 22.460106;-25.080643;-227.273163; 1569.875366; 225.799423;-24.581644; 58.279438;-34.192162;-54.638695; 1571.798096; 180.596710; 1.948820; 4.081619;-42.860893; 593.211121; 1472.544800; 480.947662; 0.000000;-0.000000; 0.000000; 31.527641; 0.005699; 313.738617; 0.000000;-0.000000; 0.000000;-123.712173; 1555.848511; 232.704590;-14.608066;-20.399466;-25.479662;-450.920807; 1098.618164; 355.268951; 0.000000; 0.000000; 0.000000; 103.211205; 493.150940; 459.601562; 0.000000; 0.000000; 0.000000;-107.748871; 1079.529907; 157.513428; 0.000000;-0.000000; 0.000000;-91.618164; 1195.676025; 143.707642;-7.344538;-6.340242;-0.785054;-100.462242; 1279.823608; 123.678749;-3.796751;-7.931252;-2.347018;-114.855003; 1382.256592; 117.034805;-5.269406;-6.339794;-0.392529;-128.353180; 1532.644897; 145.173859; 0.000000;-0.000000;-0.000002;-110.112801; 1604.548584; 194.836975; 8.106750; 10.059479; 12.084782;-99.824081; 1695.338135; 201.664093; 2.160066; 3.994373; 5.019571;-108.718887; 1875.696289; 170.155762; 0.000000;-0.000000; 0.000000; 10.457970; 1762.856934; 279.470520;-33.265953; 1745.231079; 136.520050;-139.861893; 1763.586304; 271.679810; 2.688608; 169.997803;-2.057664;-96.605736;-1.308037; 1.255196; 3.079782; 1.058530;
148;0;1776780260850000;;-9.072096; 1117.773071; 258.909851; 560.485291; 1555.611450; 436.894531;-2.848321; 5.587216;-22.372301; 359.909180; 1540.582520; 260.469360; 0.000000; 151.687927; 0.000000; 65.168732; 1596.083252; 174.154785; 85.139679; 83.794815; 134.183731;-472.594543; 1239.115479; 327.579865;-15.655245;-28.906590; 20.245714;-417.428680; 1395.123047; 117.339867; 0.000000; 103.743820; 0.000000;-211.667480; 1601.078491; 229.799408;-43.126610; 28.127699; 139.871948; 13.034503; 94.705978; 286.547333;-53.864906;-5.039086; 0.024799;-12.302213; 224.418732; 245.594696;-53.864906;-5.039086; 0.024799; 0.710369; 600.529419; 239.510727; 3.362855;-5.144124;-11.191220; 21.190193; 1008.952515; 193.458511;-8.530372;-8.937882; 19.902182; 83.535477; 595.430481; 434.872375;-25.025921;-14.026587; 0.039838; 63.350357; 726.395386; 395.057556;-25.025921; 14.026587;-0.039838; 228.617203; 1044.704468; 509.214478; 118.767784; 8.675801;-16.541979;-122.099777; 1054.109619; 294.135956; 68.406174; 25.384626;-24.530228;-211.667480; 1601.078491; 229.799408;-25.842022; 53.313877;-38.356510;-37.056828; 1607.543457; 193.850128; 1.913568; 4.002409;-43.132763; 623.301758; 1568.381958; 487.536774; 0.000000;-0.000000; 0.000000; 34.869328; 22.959160; 315.544556; 0.000000;-0.000000; 0.000000;-108.299606; 1589.789185; 242.327118;-15.080829;-21.139725;-25.512878;-451.233704; 1174.644409; 372.976288; 0.000000; 0.000000; 0.000000; 102.909775; 522.325439; 462.176056; 0.000000; 0.000000; 0.000000;-76.653633; 1111.974243; 170.428162; 0.000000;-0.000000; 0.000000;-59.703899; 1228.362549; 160.075775;-5.798223;-6.475012;-0.802804;-68.882858; 1312.384155; 139.672440;-3.050049;-8.100121;-2.399720;-85.700264; 1414.331299; 131.440247;-4.094893;-6.474535;-0.401400;-106.946320; 1564.573608; 155.241425; 0.000000;-0.000000; 0.000002;-94.177872; 1637.832764; 204.631088; 5.585976; 11.469357; 12.934977;-84.142807; 1728.676758; 211.102295; 1.579091; 4.406680; 5.704102;-89.705147; 1908.864990; 177.903305; 0.000000;-0.000000; 0.000000; 24.828781; 1795.372681; 291.424133;-15.119728; 1777.125610; 147.450424;-125.190987; 1798.041626; 279.414795; 2.153678; 167.666550;-3.888517;-99.037529;-1.164665; 2.640137; 3.137535; 1.072253;
149;0;1776780260866667;; 13.443530; 1149.146240; 271.012115; 586.275269; 1631.383301; 441.453766;-4.712962; 6.197576;-22.152233; 382.830139; 1591.478760; 272.337769; 0.000000; 150.215179; 0.000000; 84.119919; 1634.752075; 192.952026; 87.127235; 86.746658; 135.450485;-470.622681; 1312.085327; 334.870850;-17.064363;-30.341057; 20.306389;-409.965149; 1441.927002; 108.941002; 0.000000; 96.409470; 0.000000;-195.319489; 1630.901489; 233.914474;-39.772205; 31.209627; 138.061676; 23.704987; 123.063614; 290.897522;-58.438129;-4.751237;-0.030638; 4.439492; 255.152557; 254.485718;-58.438129;-4.751237;-0.030638; 11.099571; 631.261108; 241.694778;-1.552257;-4.725522;-9.805058; 52.124710; 1039.630249; 211.673462;-11.126959;-7.188577; 20.084459; 89.467873; 619.746582; 437.359619;-25.695786;-14.189690; 0.046784; 77.084473; 752.278442; 399.591644;-25.695786; 14.189690;-0.046784; 250.999130; 1062.291870; 523.329285; 119.189346; 8.933964;-18.281590;-96.928757; 1082.849365; 304.529724; 67.350204; 28.336409;-23.352709;-195.319489; 1630.901489; 233.914474;-26.463455; 47.275890;-42.469421;-19.524059; 1641.754028; 206.301437; 1.811902; 3.783133;-43.475967; 648.698730; 1653.903320; 489.096130; 0.000000;-0.000000; 0.000000; 41.902084; 49.461731; 317.671295; 0.000000;-0.000000; 0.000000;-92.439133; 1622.023438; 251.410843;-15.753968;-22.221664;-25.539747;-449.951141; 1251.172852; 385.229462; 0.000000; 0.000000; 0.000000; 104.313187; 545.266846; 463.771637; 0.000000; 0.000000; 0.000000;-44.112865; 1143.299072; 185.057510; 0.000000;-0.000000; 0.000000;-26.957155; 1259.903931; 178.007248;-4.227506;-6.637118;-0.790179;-36.717293; 1343.715210; 157.016968;-2.270245;-8.302709;-2.361530;-56.177811; 1445.010254; 146.799438;-2.869159;-6.636644;-0.395089;-85.263626; 1594.690186; 165.254105; 0.000000; 0.000001; 0.000000;-77.988266; 1669.263062; 213.784775; 2.759857; 12.781179; 13.573911;-68.414879; 1760.162598; 220.174866; 0.922588; 4.784232; 6.492539;-71.067993; 1940.293457; 186.310577; 0.000000;-0.000000; 0.000000; 39.365395; 1825.850586; 302.898895; 2.682007; 1807.596436; 158.059662;-110.280479; 1830.223877; 287.269714; 1.890826; 165.152161;-5.185725;-98.318680;-1.201447; 3.920227; 3.140868; 1.086221;
150;0;1776780260883333;; 36.706982; 1177.932373; 283.516083; 609.587036; 1697.640747; 443.153381;-7.265669; 7.018255;-21.663109; 404.161133; 1636.857178; 282.878479; 0.000000; 148.864044; 0.000000; 102.572929; 1671.400757; 210.395615; 88.222084; 88.174286; 136.813187;-465.324066; 1384.905518; 340.027222;-18.278721;-32.207615; 20.153296;-401.707123; 1489.041992; 101.928589; 0.000000; 89.636124; 0.000000;-178.241089; 1659.022949; 238.207153;-35.704468; 34.230011; 136.251343; 36.881351; 151.848312; 293.713470;-61.297115;-4.595158;-0.057940; 22.316252; 285.405548; 260.626038;-61.297115;-4.595158;-0.057940; 27.304386; 661.419556; 244.684891;-5.047962;-4.276068;-8.338625; 83.220963; 1068.900269; 231.178741;-13.346892;-5.838682; 20.136225; 97.756081; 636.906494; 439.803986;-25.372469;-14.295882; 0.041322; 91.444458; 770.242981; 403.389587;-25.372469; 14.295882;-0.041322; 273.119141; 1070.963623; 538.396851; 118.694916; 9.071618;-19.768505;-70.970596; 1110.319214; 316.128967; 65.222252; 31.145386;-21.542358;-178.241089; 1659.022949; 238.207153;-25.981840; 40.015182;-46.330326;-1.876289; 1673.559448; 217.812500; 1.614728; 3.364093;-43.889771; 670.757141; 1729.514648; 486.924408; 0.000000;-0.000000; 0.000000; 52.206810; 77.035080; 318.879181; 0.000000;-0.000000; 0.000000;-76.028755; 1651.870239; 259.904724;-16.596323;-23.622623;-25.548063;-445.440125; 1326.462158; 393.530823; 0.000000; 0.000000; 0.000000; 109.015816; 561.623962; 465.707031; 0.000000; 0.000000; 0.000000;-11.510122; 1172.978760; 200.996277; 0.000000;-0.000000; 0.000000; 5.392759; 1289.758667; 196.819427;-2.753841;-6.822990;-0.749242;-5.009191; 1373.286987; 175.024948;-1.518538;-8.534567;-2.238720;-27.023884; 1473.800781; 162.529663;-1.689826;-6.822552;-0.374623;-63.405952; 1622.495361; 175.055679; 0.000000;-0.000000;-0.000002;-61.324440; 1698.220459; 222.285461;-0.110841; 13.839997; 13.987760;-52.483097; 1789.180298; 228.869156; 0.246277; 5.097219; 7.384255;-53.016258; 1969.383789; 195.293091; 0.000000;-0.000000; 0.000000; 54.190678; 1853.849487; 313.800598; 20.194111; 1836.139526; 168.240067;-95.081360; 1859.466064; 295.264465; 1.837176; 162.645950;-5.917914;-95.893417;-1.329056; 4.993538; 3.100506; 1.099201;
151;0;1776780260900000;; 59.960346; 1203.817017; 296.214508; 631.663940; 1755.217041; 442.658020;-10.490829; 8.079261;-20.782364; 424.563965; 1677.556763; 292.122406; 0.000000; 147.834412; 0.000000; 120.705711; 1705.051758; 226.421127; 88.738937; 88.807281; 137.795471;-455.952881; 1456.771240; 344.526550;-19.315468;-34.607178; 19.679586;-392.459381; 1535.813599; 96.931381; 0.000000; 83.400291; 0.000000;-160.528061; 1685.198242; 242.857971;-31.117636; 37.324429; 134.079025; 52.427189; 179.254868; 294.172394;-62.718773;-4.552949;-0.061003; 41.461487; 313.771881; 263.686432;-62.718773;-4.552949;-0.061003; 48.371239; 689.809937; 249.083755;-7.073612;-3.775297;-6.891168; 113.133415; 1096.195435; 251.598236;-15.156240;-5.078103; 20.164312; 108.559608; 646.572571; 443.134399;-24.812477;-14.343831; 0.028432; 106.950485; 780.287842; 407.608246;-24.812477; 14.343831;-0.028432; 293.534058; 1072.882080; 553.350403; 117.103706; 9.067859;-20.930021;-45.449501; 1136.206177; 328.784363; 62.420177; 33.651222;-19.156837;-160.528061; 1685.198242; 242.857971;-23.804277; 31.338793;-49.732609; 16.027977; 1702.312012; 228.512390; 1.300661; 2.703140;-44.339134; 690.683533; 1795.933716; 481.804810; 0.000000;-0.000000; 0.000000; 65.511009; 103.609169; 318.083649; 0.000000;-0.000000; 0.000000;-59.041710; 1678.863281; 267.951721;-17.537634;-25.273287;-25.500780;-436.931671; 1399.638428; 399.732300; 0.000000; 0.000000; 0.000000; 116.986694; 570.835144; 468.786652; 0.000000; 0.000000; 0.000000; 19.858543; 1200.470703; 217.778732; 0.000000;-0.000000; 0.000000; 36.242702; 1317.382446; 215.800873;-1.496525;-7.023237;-0.690602; 25.309036; 1400.577148; 193.013062;-0.859121;-8.784143;-2.063004; 1.100220; 1500.253174; 178.098999;-0.655584;-7.022851;-0.345301;-41.512455; 1647.671143; 184.636887; 0.000000;-0.000000; 0.000000;-44.054359; 1724.320801; 230.327698;-2.755355; 14.521884; 14.236698;-36.240047; 1815.344604; 237.313828;-0.389534; 5.327064; 8.401693;-35.713608; 1995.726807; 204.711090; 0.000000;-0.000000; 0.000000; 69.473938; 1879.193359; 324.047058; 37.417210; 1862.381714; 177.940857;-79.510483; 1885.416870; 303.499817; 1.919589;-19.564606;-6.082636;-92.517670;-1.442032; 5.849220; 3.025692; 1.110874;
152;0;1776780260916667;; 82.622795; 1226.575195; 308.960175; 653.408264; 1805.089722; 440.409912;-14.170562; 9.399044;-19.422430; 444.464050; 1714.470703; 300.006927; 0.000000; 147.334030; 0.000000; 138.660126; 1735.050537; 241.160629; 89.044876; 89.161270; 138.147156;-442.117615; 1527.251953; 349.608978;-20.160107;-37.542614; 18.785173;-382.011353; 1581.178101; 94.537048; 0.000000; 77.648254; 0.000000;-142.376038; 1709.221191; 248.102539;-26.051235; 40.588955; 130.996719; 70.453911; 204.187515; 292.107422;-63.079693;-4.598854;-0.049540; 62.216057; 339.409180; 263.970154;-63.079693;-4.598854;-0.049540; 73.293037; 715.526611; 255.107468;-7.763360;-3.151582;-5.514664; 140.986282; 1121.070312; 272.472198;-16.606850;-5.006717; 20.247526; 121.194153; 648.588745; 447.963684;-24.599260;-14.337119; 0.014190; 123.351547; 782.489258; 413.171906;-24.599260; 14.337119;-0.014190; 311.056610; 1069.800293; 567.718689; 114.374222; 8.898853;-21.722368;-21.180538; 1160.174316; 342.328613; 59.242023; 35.683640;-16.301956;-142.376038; 1709.221191; 248.102539;-19.290062; 21.022648;-52.377308; 34.215958; 1727.674438; 238.647507; 0.871960; 1.807679;-44.782761; 709.454712; 1853.790649; 474.478210; 0.000000;-0.000000; 0.000000; 81.811241; 127.907417; 314.857452; 0.000000;-0.000000; 0.000000;-41.567501; 1702.784424; 275.770508;-18.483341;-27.076273;-25.334202;-424.208740; 1470.545044; 405.619995; 0.000000; 0.000000; 0.000000; 127.296478; 572.574829; 473.455933; 0.000000; 0.000000; 0.000000; 49.108345; 1225.313354; 234.933640; 0.000000;-0.000000; 0.000000; 64.866257; 1342.326294; 234.318161;-0.543588;-7.221505;-0.630695; 53.602222; 1425.159424; 210.401917;-0.342700;-9.031253;-1.883588; 27.713764; 1524.022217; 193.088806; 0.161121;-7.221174;-0.315348;-19.785038; 1670.082397; 194.053467; 0.000000;-0.000002; 0.000000;-26.207018; 1747.420166; 238.177124;-4.988839; 14.773219; 14.412194;-19.677975; 1838.502563; 245.698334;-0.941165; 5.469853; 9.571408;-19.219854; 2019.125122; 214.454056; 0.000000;-0.000000; 0.000000; 85.364090; 1901.858032; 333.601685; 54.293835; 1886.096069; 187.165756;-63.491734; 1908.009888; 312.122131; 2.082999;-21.166666;-5.682100;-88.458656;-1.476837; 6.534439; 2.924672; 1.121787;
153;0;1776780260933333;; 104.380127; 1246.128418; 321.666260; 675.292969; 1848.116577; 436.750488;-17.876410; 10.971072;-17.568518; 463.985901; 1748.199219; 306.564575; 0.000000; 147.507584; 0.000000; 156.486816; 1761.087036; 254.789032; 89.446846; 89.548019; 137.830536;-423.673737; 1595.985229; 355.852264;-20.768538;-40.883839; 17.402626;-370.338562; 1623.730469; 95.145416; 0.000000; 72.339226; 0.000000;-124.059082; 1730.884766; 254.100967;-20.326283; 43.974854; 126.323837; 91.152786; 226.299438; 287.900726;-62.780407;-4.705598;-0.033494; 84.959763; 362.111572; 262.187378;-62.780407;-4.705598;-0.033494; 101.212135; 738.145264; 262.517639;-7.395642;-2.312148;-4.222320; 166.506531; 1143.284912; 293.309448;-17.805162;-5.617447; 20.430513; 134.693787; 643.312012; 454.726624;-25.077391;-14.279512; 0.002898; 140.046036; 777.351990; 420.828125;-25.077391; 14.279512;-0.002898; 324.919952; 1063.048462; 581.653320; 110.605385; 8.542181;-22.134224; 1.550040; 1181.911011; 356.590546; 55.881519; 37.069424;-13.117216;-124.059082; 1730.884766; 254.100967;-12.058306; 9.042809;-53.803616; 52.579689; 1749.596436; 248.418411; 0.364141; 0.753204;-45.180790; 727.882812; 1903.497559; 465.748596; 0.000000;-0.000000; 0.000000; 101.208572; 149.474075; 309.393738; 0.000000;-0.000000; 0.000000;-23.803543; 1723.631104; 283.520691;-19.332594;-28.920479;-24.969578;-407.334045; 1539.371826; 412.434753; 0.000000; 0.000000; 0.000000; 138.765976; 567.083313; 479.981415; 0.000000; 0.000000; 0.000000; 75.880295; 1247.219971; 252.057938; 0.000000;-0.000000; 0.000000; 90.993469; 1364.319458; 251.928406; 0.073066;-7.395335;-0.587149; 79.597214; 1446.777588; 226.809448; 0.007609;-9.248047;-1.753139; 52.564720; 1544.910400; 207.239090; 0.734328;-7.395042;-0.293571; 1.542179; 1689.727905; 203.335037; 0.000001;-0.000000; 0.000000;-7.961451; 1767.554810; 246.019150;-6.759028; 14.618486; 14.584682;-2.880511; 1858.676270; 254.159363;-1.393579; 5.534059; 10.895400;-3.451316; 2039.558472; 224.457077; 0.000000;-0.000000; 0.000000; 101.901550; 1921.859375; 342.496094; 70.766861; 1907.175171; 195.961823;-47.008179; 1927.371460; 321.217224; 2.292857;-21.926987;-4.733504;-83.686813;-1.419518; 7.115318; 2.805624; 1.132810;
154;0;1776780260950000;; 125.149223; 1262.525269; 334.281769; 697.390320; 1884.821045; 431.930969;-21.081699; 12.754728;-15.289566; 483.053619; 1778.746948; 311.970337; 0.000000; 148.354568; 0.000000; 174.185089; 1783.085449; 267.429688; 90.130516; 90.099167; 136.971863;-400.688873; 1662.386353; 362.831757;-21.075436;-44.404564; 15.509792;-357.642120; 1662.081421; 98.768585; 0.000000; 67.471909; 0.000000;-105.845131; 1749.972168; 260.867188;-13.605597; 47.239037; 119.400681; 114.676704; 245.751877; 282.148682;-62.175964;-4.849566;-0.019380; 109.957382; 382.102631; 259.112457;-62.175964;-4.849566;-0.019380; 131.410263; 757.696533; 270.713745;-6.324658;-1.195199;-3.005512; 189.898651; 1162.767700; 313.680054;-18.866947;-6.813082; 20.737423; 148.240707; 631.650574; 463.746765;-26.358404;-14.172718;-0.003717; 156.412430; 765.869019; 431.141663;-26.358404; 14.172718; 0.003717; 334.792755; 1053.591553; 595.646240; 105.996086; 7.979497;-22.182096; 22.864136; 1201.145508; 371.418610; 52.442928; 37.666477;-9.764144;-105.845131; 1749.972168; 260.867188;-2.528068;-3.949911;-53.461891; 70.952286; 1768.195190; 257.912567;-0.158873;-0.328025;-45.497513; 746.645752; 1945.276001; 456.277130; 0.000000;-0.000000; 0.000000; 123.810120; 168.417877; 302.179657; 0.000000;-0.000000; 0.000000;-5.973236; 1741.523193; 291.256744;-20.000801;-30.692934;-24.339298;-386.473450; 1606.186035; 420.391144; 0.000000; 0.000000; 0.000000; 150.459000; 555.198608; 488.553741; 0.000000; 0.000000; 0.000000; 100.246956; 1266.080200; 268.887238; 0.000000;-0.000000; 0.000000; 114.720886; 1383.259644; 268.456543; 0.384206;-7.519423;-0.573375; 103.324188; 1465.334229; 242.111450; 0.200710;-9.403039;-1.711746; 75.614151; 1562.843628; 220.481064; 1.086077;-7.519138;-0.286686; 22.278019; 1706.655029; 212.468140; 0.000001;-0.000000; 0.000000; 10.453573; 1784.838745; 253.902023;-8.118795; 14.134350; 14.779049; 14.046020; 1875.968628; 262.713745;-1.755833; 5.534104; 12.336512; 11.805050; 2057.097168; 234.635437; 0.000000;-0.000000; 0.000000; 119.004547; 1939.203857; 350.803314; 86.851006; 1925.572144; 204.387451;-30.105019; 1943.709106; 330.720673; 2.513260;-21.760103;-3.300314;-78.097031;-1.269554; 7.631744; 2.677624; 1.144483;
155;0;1776780260966667;; 145.029373; 1275.895020; 346.781158; 719.499695; 1915.296143; 426.215607;-23.335840; 14.674731;-12.718588; 501.606476; 1805.463379; 316.480530; 0.000000; 149.686890; 0.000000; 191.783295; 1801.090454; 279.158569; 91.144981; 90.808205; 135.801514;-373.461639; 1725.534546; 369.278748;-21.000460;-47.857384; 13.124232;-344.216797; 1695.343384; 105.052078; 0.000000; 63.087009; 0.000000;-87.899666; 1766.312012; 268.353851;-5.590307; 49.978237; 109.832596; 141.099960; 262.915833; 275.453033;-61.519386;-5.014303;-0.009624; 137.273544; 399.761017; 255.372742;-61.519386;-5.014303;-0.009624; 163.208313; 774.511719; 278.927887;-4.915120; 0.189937;-1.846465; 211.659241; 1179.539062; 333.287506;-19.891830;-8.434464; 21.187319; 161.404282; 614.942566; 475.231201;-28.374140;-14.017023;-0.005871; 172.031296; 749.416870; 444.438385;-28.374140; 14.017023; 0.005871; 340.869690; 1042.165161; 610.141846; 100.800690; 7.203001;-21.903950; 43.142540; 1217.655151; 386.733032; 48.967327; 37.400024;-6.410544;-87.899666; 1766.312012; 268.353851; 7.939187;-16.523867;-51.006947; 89.212326; 1783.642822; 267.155029;-0.621053;-1.280756;-45.713741; 766.185303; 1979.200562; 446.471985; 0.000000;-0.000000; 0.000000; 149.712311; 185.103668; 293.791504; 0.000000;-0.000000; 0.000000; 11.778717; 1756.618652; 299.006226;-20.443398;-32.296471;-23.417645;-361.866882; 1670.633789; 428.651367; 0.000000; 0.000000; 0.000000; 161.938324; 538.226990; 499.306976; 0.000000; 0.000000; 0.000000; 122.560722; 1281.907349; 285.334320; 0.000000;-0.000000; 0.000000; 136.376434; 1399.159424; 283.993591; 0.465951;-7.570473;-0.595014; 125.016739; 1480.839600; 256.434814; 0.270027;-9.467165;-1.776231; 96.985535; 1577.824707; 232.941010; 1.269668;-7.570162;-0.297507; 42.330669; 1720.904419; 221.464966; 0.000000;-0.000002; 0.000000; 28.869249; 1799.391235; 261.811951;-9.162026; 13.409266; 14.981009; 31.038326; 1890.497559; 271.306519;-2.047303; 5.482988; 13.826684; 26.804607; 2071.836914; 244.866516; 0.000000;-0.000000; 0.000000; 136.539352; 1953.915283; 358.613312; 102.641434; 1941.272705; 212.502487;-12.849304; 1957.234009; 340.466827; 2.688899;-20.738289;-1.512067;-71.679344;-1.003464; 8.076256; 2.551357; 1.156387;
156;0;1776780260983333;; 164.248444; 1286.409058; 359.174164; 741.345276; 1939.263794; 420.056396;-24.392628; 16.631319;-10.019211; 519.761719; 1827.281006; 320.341370; 0.000000; 151.168411; 0.000000; 209.376373; 1815.196289; 290.053253; 92.414032; 91.584557; 134.581543;-342.486603; 1784.246948; 373.844147;-20.451706;-51.026703; 10.298961;-330.326447; 1723.349976; 113.601624; 0.000000; 59.245144; 0.000000;-70.249825; 1779.832275; 276.611877; 3.692478; 51.723339; 97.744606; 170.361694; 278.131653; 268.416290;-60.940453;-5.190640;-0.003945; 166.718338; 415.402100; 251.445282;-60.940453;-5.190640;-0.003945; 195.842438; 789.022156; 286.451355;-3.496670; 1.750932;-0.723150; 232.409286; 1193.642822; 351.984650;-20.956085;-10.290089; 21.796824; 174.080841; 594.787903; 489.258728;-30.970373;-13.813182;-0.004858; 186.733582; 729.601196; 460.802795;-30.970373; 13.813182; 0.004858; 343.939819; 1029.420166; 625.303040; 95.295471; 6.227811;-21.352646; 62.899338; 1231.280029; 402.550934; 45.469902; 36.282787;-3.212010;-70.249825; 1779.832275; 276.611877; 17.860689;-27.276562;-46.542889; 107.335312; 1796.094849; 276.194580;-0.953956;-1.965974;-45.837017; 786.624146; 2005.200195; 436.665070; 0.000000;-0.000000; 0.000000; 178.939301; 199.900269; 284.892944; 0.000000;-0.000000; 0.000000; 29.436348; 1769.051758; 306.873322;-20.664869;-33.673206;-22.226910;-333.804443; 1731.932983; 435.985168; 0.000000; 0.000000; 0.000000; 173.148758; 517.759277; 512.300537; 0.000000; 0.000000; 0.000000; 143.316483; 1294.772461; 301.461487; 0.000000;-0.000000; 0.000000; 156.406708; 1412.085205; 298.803345; 0.408822;-7.533401;-0.648986; 145.023727; 1493.355713; 270.068115; 0.259188;-9.421577;-1.937426; 116.905296; 1589.890503; 244.885101; 1.345609;-7.533036;-0.324494; 61.708042; 1732.491333; 230.430878; 0.000000;-0.000003;-0.000001; 47.220772; 1811.298584; 269.785767;-9.969056; 12.516193; 15.158737; 48.093601; 1902.358398; 279.912354;-2.284915; 5.388618; 15.287058; 41.748230; 2083.857666; 255.038406; 0.000000;-0.000000; 0.000000; 154.400635; 1966.059204; 366.027222; 118.260620; 1954.279541; 220.382401; 4.713402; 1968.117188; 350.318146; 2.743239;-19.065928; 0.435213;-64.597000;-0.563187; 8.419518; 2.438868; 1.166578;
157;0;1776780261000000;; 183.074142; 1294.228638; 371.491852; 762.743530; 1956.275391; 414.173401;-24.250380; 18.519625;-7.353685; 537.810181; 1843.091064; 323.747772; 0.000000; 152.411270; 0.000000; 227.101685; 1825.517456; 300.212433; 93.759552; 92.303787; 133.537354;-308.253448; 1837.288696; 375.969971;-19.340290;-53.741783; 7.146903;-316.250488; 1746.511963; 124.418533; 0.000000; 55.978577; 0.000000;-52.819893; 1790.568115; 285.867615; 13.649529; 52.051235; 83.919250; 202.312195; 291.539551; 261.598114;-60.474468;-5.374046;-0.001163; 197.944214; 429.132629; 247.686539;-60.474468;-5.374046;-0.001163; 228.440475; 801.558350; 292.793488;-2.334143; 3.328923; 0.390125; 252.720688; 1205.096558; 369.715912;-22.099707;-12.195995; 22.569952; 186.320145; 572.749390; 505.714569;-33.987610;-13.563825;-0.002215; 200.537720; 707.968506; 480.060760;-33.987610; 13.563825; 0.002215; 345.185242; 1015.925720; 641.011108; 89.737015; 5.093241;-20.585478; 82.628708; 1241.933472; 418.898102; 41.971790; 34.412682;-0.294531;-52.819893; 1790.568115; 285.867615; 26.466190;-35.614967;-40.506145; 125.378273; 1805.662109; 285.131836;-1.112324;-2.291636;-45.895077; 807.805054; 2023.124146; 427.377258; 0.000000;-0.000000; 0.000000; 211.454758; 212.991943; 276.154602; 0.000000;-0.000000; 0.000000; 47.087440; 1778.902466; 315.052277;-20.704737;-34.822403;-20.804947;-302.437988; 1789.084839; 441.667786; 0.000000; 0.000000; 0.000000; 184.178894; 495.361206; 527.432983; 0.000000; 0.000000; 0.000000; 163.022583; 1304.753906; 317.371216; 0.000000;-0.000000; 0.000000; 175.280502; 1422.111572; 313.170593; 0.291605;-7.406697;-0.723869; 163.736130; 1502.955688; 283.318726; 0.209464;-9.264273;-2.161344; 135.647705; 1599.087646; 256.607300; 1.363229;-7.406252;-0.361935; 80.481873; 1741.412476; 239.548035; 0.000001; 0.000002; 0.000000; 65.523956; 1820.604736; 277.942383;-10.579021; 11.509157; 15.284496; 65.248856; 1911.611084; 288.571503;-2.476115; 5.255127; 16.646894; 56.745892; 2093.203857; 265.062683; 0.000000;-0.000000; 0.000000; 172.542831; 1975.739624; 373.130859; 133.806061; 1964.590088; 228.105240; 22.576118; 1976.485107; 360.219421; 2.577698;-17.016315; 2.299676;-57.147629; 0.137421; 8.639259; 2.351386; 1.171557;
158;0;1776780261016667;; 201.728607; 1299.452759; 383.752472; 783.633911; 1965.928223; 409.466583;-23.121977; 20.250973;-4.862870; 556.080261; 1852.008911; 326.857819; 0.000000; 153.065430; 0.000000; 245.089615; 1832.178833; 309.710571; 94.934196; 92.843094; 132.825012;-271.124695; 1883.582642; 376.014404;-17.607662;-55.869579; 3.879489;-302.309113; 1765.514404; 137.960022; 0.000000; 53.256950; 0.000000;-35.480797; 1798.632324; 296.416016; 23.142817; 50.729759; 69.650604; 236.959641; 303.026245; 255.478790;-60.114532;-5.561060;-0.000198; 230.750900; 440.805908; 244.402664;-60.114532;-5.561060;-0.000198; 260.202789; 812.217346; 297.803467;-1.608040; 4.741021; 1.519450; 272.970367; 1213.875610; 386.444580;-23.304583;-14.022534; 23.484844; 198.252777; 550.005798; 524.280884;-37.274509;-13.273859; 0.000343; 213.574265; 685.662659; 501.765656;-37.274509; 13.273859;-0.000343; 345.736877; 1002.050659; 656.998596; 84.312401; 3.843966;-19.654545; 102.657562; 1249.601074; 435.682312; 38.505753; 31.943842; 2.258823;-35.480797; 1798.632324; 296.416016; 33.671375;-41.643967;-33.391750; 143.435455; 1812.411377; 294.058563;-1.080800;-2.226382;-45.917877; 829.382812; 2032.874023; 419.412781; 0.000000;-0.000000; 0.000000; 247.371353; 224.311920; 268.161713; 0.000000;-0.000000; 0.000000; 64.863152; 1786.201660; 323.726807;-20.614914;-35.792747;-19.174202;-267.724640; 1841.128662; 445.726196; 0.000000; 0.000000; 0.000000; 195.182022; 472.229004; 544.443909; 0.000000; 0.000000; 0.000000; 182.090317; 1311.914429; 333.091949; 0.000000;-0.000000; 0.000000; 193.402527; 1429.297852; 327.271851; 0.168850;-7.202577;-0.802046; 181.520859; 1509.703979; 296.386993; 0.152761;-9.010273;-2.395377; 153.487366; 1605.462036; 268.309906; 1.353747;-7.202044;-0.401023; 98.752243; 1747.662231; 248.975128;-0.000002; 0.000002;-0.000001; 83.832726; 1827.323486; 286.401947;-10.992926; 10.429182; 15.343959; 82.557121; 1918.286377; 297.325623;-2.619306; 5.085284; 17.854959; 71.847183; 2099.890869; 274.830902; 0.000000;-0.000000; 0.000000; 190.966888; 1983.067627; 379.941986; 149.341431; 1972.184448; 235.698593; 40.764545; 1982.433594; 370.137329; 2.075846;-14.843573; 3.837421;-49.643349; 1.196136; 8.717964; 2.295697; 1.167388;
159;0;1776780261033333;; 220.386734; 1302.112061; 395.923615; 803.986816; 1968.006958; 406.863129;-21.363552; 21.768667;-2.658580; 574.800598; 1853.457031; 329.827637; 0.000000; 152.861145; 0.000000; 263.439026; 1835.324463; 318.528717; 95.666779; 93.102623; 132.538025;-231.550308; 1922.322266; 374.638367;-15.246206;-57.308170; 0.796226;-288.717194; 1781.000366; 154.768997; 0.000000; 51.012814; 0.000000;-18.061890; 1804.188354; 308.425995; 30.937519; 47.856686; 56.206387; 274.684875; 312.340149; 250.472870;-59.850716;-5.747605;-0.000238; 265.361511; 450.123962; 241.919418;-59.850716;-5.747605;-0.000238; 290.717682; 820.867126; 301.686981;-1.405513; 5.841272; 2.681469; 293.331024; 1219.941040; 402.100250;-24.487179;-15.723809; 24.489298; 210.083740; 527.178345; 544.513916;-40.675682;-12.950344; 0.001477; 226.043427; 663.262146; 525.253662;-40.675682; 12.950344;-0.001477; 346.404846; 987.879150; 672.910400; 79.112625; 2.513678;-18.604155; 123.132202; 1254.324219; 452.669586; 35.099506; 29.044304; 4.415745;-18.061890; 1804.188354; 308.425995; 39.719994;-45.716343;-25.620163; 161.611694; 1816.391968; 302.970398;-0.872047;-1.796231;-45.924198; 850.893066; 2034.532471; 413.776062; 0.000000;-0.000000; 0.000000; 287.133820; 233.657623; 261.394867; 0.000000;-0.000000; 0.000000; 82.899147; 1790.969360; 332.950195;-20.444281;-36.649834;-17.344004;-229.738556; 1887.353516; 448.445831; 0.000000; 0.000000; 0.000000; 206.384216; 449.015015; 563.007446; 0.000000; 0.000000; 0.000000; 200.798615; 1316.304932; 348.536865; 0.000000;-0.000000; 0.000000; 211.073944; 1433.694092; 341.126587; 0.070248;-6.939305;-0.865346; 198.679352; 1513.659668; 309.313507; 0.109161;-8.682042;-2.585278; 170.669312; 1609.065552; 280.039825; 1.333325;-6.938706;-0.432673; 116.635139; 1751.254028; 258.746735;-0.000000;-0.000000; 0.000001; 102.223564; 1831.467651; 295.179565;-11.203939; 9.308962; 15.332480; 100.096741; 1922.410034; 306.140869;-2.711059; 4.882098; 18.883436; 87.130783; 2103.936279; 284.208862; 0.000000;-0.000000; 0.000000; 209.728729; 1988.110962; 386.384003; 164.940552; 1977.043579; 243.105225; 59.355331; 1986.040771; 379.994080; 1.125353;-12.727927; 4.866430;-42.317505; 2.693062; 8.639381; 2.271780; 1.151741;
160;0;1776780261050000;; 239.214172; 1302.183105; 407.929565; 823.660400; 1962.505737; 407.214172;-19.381617; 23.054436;-0.822786; 594.018677; 1847.100464; 332.858215; 0.000000; 151.607483; 0.000000; 282.219574; 1835.100220; 326.547913; 95.723419; 93.018791; 132.731857;-190.334808; 1953.018677; 372.324097;-12.306540;-57.981846;-1.805950;-275.489624; 1793.364746; 175.240982; 0.000000; 49.190311; 0.000000;-0.345085; 1807.415405; 321.871582; 36.238792; 43.846973; 44.274342; 315.952911; 319.282745; 246.933014;-59.693546;-5.929155;-0.000867; 302.243134; 456.819366; 240.594345;-59.693546;-5.929155;-0.000867; 320.084869; 827.242920; 304.887390;-1.717464; 6.573065; 3.872136; 313.867035; 1223.268311; 416.578156;-25.520498;-17.327887; 25.510283; 222.030670; 504.375610; 565.892761;-44.048676;-12.601510; 0.000674; 238.173279; 640.842163; 549.744812;-44.048676; 12.601510;-0.000674; 347.734924; 973.208740; 688.288025; 74.141098; 1.126516;-17.473801; 144.120392; 1256.166016; 469.596588; 31.752300; 25.863827; 6.193171;-0.345085; 1807.415405; 321.871582; 44.961704;-48.157242;-17.534010; 180.015152; 1817.641602; 311.757141;-0.519814;-1.070678;-45.921078; 871.768066; 2028.389893; 411.523590; 0.000000;-0.000000; 0.000000; 331.177704; 240.879150; 256.221954; 0.000000;-0.000000; 0.000000; 101.327042; 1793.235840; 342.632782;-20.231068;-37.445145;-15.324853;-188.911728; 1927.423828; 449.890259; 0.000000; 0.000000; 0.000000; 218.011826; 425.858337; 582.747864; 0.000000; 0.000000; 0.000000; 219.319794; 1317.965088; 363.562561; 0.000000;-0.000000; 0.000000; 228.494247; 1435.340820; 354.648651; 0.005164;-6.630904;-0.901547; 215.427612; 1514.872192; 322.026459; 0.087214;-8.296835;-2.694398; 187.387100; 1609.948242; 291.726624; 1.308987;-6.630285;-0.450773; 134.255066; 1752.218750; 268.775391; 0.000000;-0.000000;-0.000001; 120.797966; 1833.058228; 304.175293;-11.227077; 8.177609; 15.250624; 117.998528; 1924.008911; 314.915039;-2.753334; 4.650553; 19.727549; 102.798096; 2105.375244; 293.094696; 0.000000;-0.000000; 0.000000; 228.983887; 1990.840332; 392.313782; 180.735687; 1979.151245; 250.212585; 78.523598; 1987.364990; 389.686493;-0.330431;-10.778772; 5.327155;-35.313023; 4.641510; 8.404274; 2.273566; 1.125169;
161;0;1776780261066667;; 258.350739; 1299.620361; 419.702789; 842.267029; 1949.607788; 411.251678;-17.531893; 24.121618; 0.591237; 613.547974; 1832.788696; 336.262543; 0.000000; 149.182846; 0.000000; 301.467590; 1831.642334; 333.622162; 94.977699; 92.572548; 133.443146;-148.635681; 1975.563721; 369.378784;-8.904790;-57.826363;-3.746985;-262.500458; 1802.831909; 199.729080; 0.000000; 47.762444; 0.000000; 17.917175; 1808.493652; 336.609955; 38.791458; 39.273476; 33.913677; 360.722717; 323.808472; 245.121826;-59.692055;-6.100683;-0.001968; 341.628662; 460.779785; 240.792999;-59.692055;-6.100683;-0.001968; 348.737030; 831.055298; 307.957764;-2.438386; 6.978389; 5.063521; 334.587433; 1223.872070; 429.795441;-26.266115;-18.898045; 26.467669; 234.276016; 481.354126; 587.831726;-47.288551;-12.235292;-0.001648; 250.194748; 618.144348; 574.433960;-47.288551; 12.235292; 0.001648; 350.132446; 957.636353; 702.587158; 69.336060;-0.292477;-16.303057; 165.668564; 1255.195068; 486.296783; 28.423058; 22.526396; 7.644041; 17.917175; 1808.493652; 336.609955; 49.754608;-49.171326;-9.426714; 198.741592; 1816.195923; 320.277161;-0.071339;-0.146946;-45.910168; 891.314575; 2014.895020; 413.607147; 0.000000;-0.000000; 0.000000; 379.282898; 245.957047; 252.860168; 0.000000;-0.000000; 0.000000; 120.262459; 1793.059082; 352.626465;-19.998489;-38.199829;-13.130417;-145.912308; 1961.366333; 449.781860; 0.000000; 0.000000; 0.000000; 230.232941; 402.534271; 603.203430; 0.000000; 0.000000; 0.000000; 237.729568; 1316.933350; 378.070679; 0.000000;-0.000000; 0.000000; 245.752136; 1434.278564; 367.753845;-0.031697;-6.281044;-0.905984; 231.870911; 1513.387939; 334.449219; 0.086466;-7.859157;-2.708718; 203.752304; 1608.161499; 303.286591; 1.282223;-6.280454;-0.452991; 151.721527; 1750.606934; 278.939880; 0.000001;-0.000000;-0.000001; 139.669189; 1832.134399; 313.251526;-11.103368; 7.063893; 15.105361; 136.444473; 1923.123047; 323.540588;-2.754722; 4.398752; 20.403915; 119.195839; 2104.273926; 301.455750; 0.000000;-0.000000; 0.000000; 248.998642; 1991.140137; 397.567535; 196.918518; 1978.494995; 256.908234; 98.555984; 1986.468872; 399.136871;-2.252467;-9.058332; 5.297979;-28.721701; 6.946808; 8.037659; 2.291586; 1.090469;
162;0;1776780261083333;; 277.873871; 1294.393311; 431.231445; 859.117126; 1929.695679; 419.539001;-16.038719; 24.994818; 1.557669; 632.947266; 1810.591675; 340.520630; 0.000000; 145.546631; 0.000000; 321.190979; 1825.073120; 339.657349; 93.469765; 91.792244; 134.689209;-107.740341; 1990.252686; 366.082916;-5.229194;-56.766605;-5.019591;-249.511459; 1809.666382; 228.707413; 0.000000; 46.720806; 0.000000; 36.986404; 1807.589722; 352.469727; 38.636196; 34.714294; 24.872299; 408.307343; 325.943848; 245.257584;-59.918388;-6.257183;-0.003282; 383.336792; 462.014771; 242.883453;-59.918388;-6.257183;-0.003282; 377.219635; 832.039307; 311.512909;-3.381549; 7.158783; 6.211460; 355.421783; 1221.798950; 441.750793;-26.588230;-20.498688; 27.279562; 246.978180; 457.698242; 609.721375;-50.328625;-11.858607;-0.004646; 262.336212; 594.752502; 598.553223;-50.328625; 11.858607; 0.004646; 353.892334; 940.686401; 715.227051; 64.594032;-1.705315;-15.135150; 187.765060; 1251.479858; 502.721130; 25.045448; 19.146845; 8.839556; 36.986404; 1807.589722; 352.469727; 54.435013;-48.833538;-1.560842; 217.872467; 1812.093140; 328.427216; 0.418122; 0.861348;-45.893230; 908.704163; 1994.606323; 420.708344; 0.000000;-0.000000; 0.000000; 430.459137; 248.897339; 251.449509; 0.000000;-0.000000; 0.000000; 139.804855; 1790.529907; 362.796326;-19.751669;-38.898979;-10.765472;-101.414070; 1989.386841; 447.525330; 0.000000; 0.000000; 0.000000; 243.178848; 378.634552; 623.853027; 0.000000; 0.000000; 0.000000; 256.001709; 1313.255127; 392.064545; 0.000000;-0.000000; 0.000000; 262.823303; 1430.554321; 380.442566;-0.052858;-5.883783;-0.878026; 248.006546; 1509.258789; 346.586182; 0.102100;-7.361634;-2.626231; 219.796936; 1603.766235; 314.705811; 1.251726;-5.883265;-0.439013; 169.127441; 1746.491943; 289.159271;-0.000001;-0.000002; 0.000000; 158.957458; 1828.758545; 322.296112;-10.885395; 5.987390; 14.909618; 155.644150; 1919.814209; 331.944824;-2.727455; 4.135303; 20.948715; 136.748169; 2100.734131; 309.320465; 0.000000;-0.000000; 0.000000; 270.098297; 1988.864868; 401.994873; 213.705688; 1975.082275; 263.116516; 119.805618; 1983.431519; 408.308899;-4.512668;-7.601761; 4.954799;-22.639639; 9.424019; 7.579391; 2.315321; 1.050896;
163;0;1776780261100000;; 297.812897; 1286.474976; 442.547516; 873.276001; 1903.398193; 432.407959;-14.965909; 25.689241; 2.073757; 651.564697; 1780.892456; 346.274658; 0.000000; 140.760773; 0.000000; 341.398163; 1815.481934; 344.626190; 91.413162; 90.745644; 136.450562;-68.812805; 1997.660156; 362.776001;-1.530354;-54.705658;-5.764783;-236.084473; 1814.303833; 262.860382; 0.000000; 46.059311; 0.000000; 57.150276; 1804.808228; 369.282532; 35.877178; 30.668045; 16.882889; 457.882660; 325.652679; 247.650330;-60.397465;-6.394197;-0.004153; 427.032684; 460.532501; 247.232697;-60.397465;-6.394197;-0.004153; 406.114777; 829.955505; 316.186768;-4.321858; 7.217533; 7.266902; 376.220886; 1217.084961; 452.520111;-26.357584;-22.176043; 27.860601; 260.270477; 432.970734; 630.918030;-53.126110;-11.477592;-0.007640; 274.808319; 570.235779; 621.356628;-53.126110; 11.477592; 0.007640; 359.217041; 921.903687; 725.617859; 59.803341;-3.050989;-14.014984; 210.320633; 1245.063354; 518.863525; 21.558147; 15.850041; 9.857861; 57.150276; 1804.808228; 369.282532; 59.325939;-47.096027; 5.827526; 237.500549; 1805.349243; 336.145721; 0.889421; 1.832556;-45.874332; 923.015503; 1968.198608; 433.127563; 0.000000;-0.000000; 0.000000; 483.594391; 249.608368; 252.273590; 0.000000;-0.000000; 0.000000; 160.064987; 1785.731812; 373.019196;-19.477884;-39.494911;-8.206028;-56.035400; 2011.539062; 442.260254; 0.000000; 0.000000; 0.000000; 256.950500; 353.722900; 644.107605; 0.000000; 0.000000; 0.000000; 274.047699; 1306.963501; 405.618073; 0.000000;-0.000000; 0.000000; 279.625977; 1424.203125; 392.793518;-0.071941;-5.428971;-0.817521; 263.789520; 1502.527222; 358.519226; 0.128323;-6.791742;-2.446345; 235.534653; 1596.816162; 326.037354; 1.215798;-5.428557;-0.408758; 186.586395; 1739.940552; 299.389374; 0.000000;-0.000000; 0.000002; 178.809860; 1822.981567; 331.216797;-10.626443; 4.943569; 14.677518; 175.818192; 1914.127808; 340.082794;-2.685035; 3.864925; 21.414877; 155.863480; 2094.846680; 316.770752; 0.000000;-0.000000; 0.000000; 292.600555; 1983.848145; 405.471649; 231.304291; 1968.935303; 268.805450; 142.637299; 1978.286011; 417.191650;-6.949015;-6.434589; 4.496405;-17.206495; 11.882339; 7.077812; 2.334745; 1.008843;
164;0;1776780261116667;; 318.174286; 1275.810425; 453.687500; 883.714905; 1871.575317; 449.917328;-14.239944; 26.203569; 2.151803; 668.619141; 1744.442139; 354.243469; 0.000000; 135.006149; 0.000000; 362.097809; 1802.875122; 348.522400; 89.137451; 89.524216; 138.652878;-32.729401; 1998.400269; 359.963165; 1.903079;-51.536789;-6.199376;-221.422928; 1817.443359; 303.113831; 0.000000; 45.753639; 0.000000; 78.718887; 1800.118530; 386.882416; 30.575264; 27.507772; 9.823372; 508.927765; 322.798553; 252.751633;-61.049755;-6.507810;-0.003955; 472.429413; 456.253815; 254.176727;-61.049755;-6.507810;-0.003955; 435.951660; 824.572754; 322.559021;-5.051260; 7.215456; 8.183668; 396.790192; 1209.686646; 462.213257;-25.469666;-23.940634; 28.124563; 274.166870; 406.817444; 650.637512;-55.650005;-11.097665;-0.010351; 287.723053; 544.246521; 642.038269;-55.650005; 11.097665; 0.010351; 366.221924; 900.886780; 733.204285; 54.889362;-4.245167;-12.980287; 233.193146; 1235.924316; 534.702759; 17.923956; 12.773205; 10.776479; 78.718887; 1800.118530; 386.882416; 64.747009;-43.795124; 12.522493; 257.723419; 1795.896118; 343.365875; 1.285887; 2.649864;-45.860184; 933.352234; 1936.452271; 450.786438; 0.000000;-0.000000; 0.000000; 538.027527; 247.906937; 255.858917; 0.000000;-0.000000; 0.000000; 181.162598; 1778.657104; 383.140533;-19.153164;-39.920887;-5.384162;-10.495441; 2027.342651; 433.049591; 0.000000; 0.000000; 0.000000; 271.515259; 327.440796; 663.188416; 0.000000; 0.000000; 0.000000; 291.767303; 1298.028687; 418.817383; 0.000000;-0.000000; 0.000000; 296.085175; 1415.197510; 404.905426;-0.101045;-4.908877;-0.724815; 279.196808; 1493.176392; 370.347168; 0.159175;-6.140023;-2.169939; 251.009430; 1587.303833; 337.342682; 1.174242;-4.908583;-0.362407; 204.239365; 1730.942261; 309.571960; 0.000000;-0.000000; 0.000002; 199.386490; 1814.763794; 339.898193;-10.384402; 3.906739; 14.423012; 197.173828; 1906.012207; 347.900635;-2.642806; 3.588916; 21.867079; 176.893799; 2086.606934; 323.916870; 0.000000;-0.000000; 0.000000; 316.769562; 1975.831055; 407.875183; 249.881897; 1960.026367; 273.959045; 167.393570; 1970.923706; 425.763794;-9.411812;-5.578965; 4.077175;-12.591031; 14.202133; 6.589371; 2.341465; 0.965660;
165;0;1776780261133333;; 338.924774; 1262.301880; 464.695343; 889.508484; 1835.204834; 471.831146;-13.707095; 26.525822; 1.816419; 683.271606; 1702.348145; 365.070068; 0.000000; 128.587402; 0.000000; 383.230499; 1787.138672; 351.345398; 87.001556; 88.228500; 141.167511;-0.048431; 1992.956177; 358.467194; 4.764650;-47.172955;-6.539308;-204.128754; 1820.127319; 350.474823; 0.000000; 45.744282; 0.000000; 101.971741; 1793.314087; 405.119202; 22.737209; 25.446276; 3.776855; 561.186584; 317.203430; 261.056427;-61.726551;-6.594861;-0.002652; 519.246643; 449.024475; 264.009094;-61.726551;-6.594861;-0.002652; 467.056854; 815.685547; 331.101746;-5.424874; 7.159895; 8.922488; 416.907043; 1199.444702; 470.971466;-23.871222;-25.751999; 27.992775; 288.550110; 378.992737; 667.950623;-57.871407;-10.722900;-0.012891; 301.065186; 516.544189; 659.738892;-57.871407; 10.722900; 0.012891; 374.914703; 877.314392; 737.563538; 49.842796;-5.191766;-12.050718; 256.206482; 1223.959839; 550.227112; 14.139518; 10.056213; 11.665273; 101.971741; 1793.314087; 405.119202; 71.000687;-38.686985; 18.298761; 278.566284; 1783.544067; 350.008301; 1.564434; 3.224152;-45.857800; 939.011047; 1900.173584; 473.312439; 0.000000;-0.000000; 0.000000; 593.510010; 243.601379; 262.827698; 0.000000;-0.000000; 0.000000; 203.154221; 1769.147217; 392.979401;-18.753309;-40.106197;-2.195552; 34.048473; 2035.554077; 419.265686; 0.000000; 0.000000; 0.000000; 286.702209; 299.533386; 680.116211; 0.000000; 0.000000; 0.000000; 309.060455; 1286.330444; 431.763306; 0.000000;-0.000000; 0.000000; 312.148682; 1403.420166; 416.891510;-0.146794;-4.322742;-0.602531; 294.231689; 1481.098999; 382.176086; 0.189933;-5.405820;-1.804681; 266.277191; 1575.123047; 348.682556; 1.131599;-4.322560;-0.301264; 222.187897; 1719.354736; 319.630890; 0.000002;-0.000000;-0.000002; 220.774506; 1803.917603; 348.203644;-10.231560; 2.853671; 14.163587; 219.838272; 1895.260864; 355.326019;-2.619756; 3.310886; 22.370066; 200.120178; 2075.852051; 330.853088; 0.000000;-0.000000; 0.000000; 342.749207; 1964.389526; 409.074432; 269.520325; 1948.199341; 278.565063; 194.336075; 1961.049683; 433.967590;-11.782597;-5.038745; 3.775484;-8.933778; 16.337166; 6.163879; 2.329579; 0.922084;
166;0;1776780261150000;; 359.972321; 1245.851562; 475.643005; 890.035889; 1795.229736; 497.633270;-13.203300; 26.645496; 1.111920; 694.701355; 1656.001343; 379.132904; 0.000000; 121.911476; 0.000000; 404.588989; 1768.088745; 353.177094; 85.312073; 86.958206; 143.844666; 28.963562; 1981.761475; 359.538696; 6.739458;-41.583111;-6.950254;-181.931885; 1823.685791; 405.557098; 0.000000; 45.941673; 0.000000; 127.093079; 1784.069824; 423.903931; 12.358117; 24.491390;-0.985107; 614.427429; 308.740417; 273.033569;-62.299271;-6.654129;-0.000609; 567.140930; 438.711578; 277.026642;-62.299271;-6.654129;-0.000609; 499.474426; 803.193726; 342.138672;-5.384258; 7.029304; 9.455292; 436.321167; 1186.129517; 478.965332;-21.567257;-27.516970; 27.399557; 303.268860; 349.342468; 681.970093;-59.750618;-10.355392;-0.015558; 314.733551; 486.980743; 673.679688;-59.750618; 10.355392; 0.015558; 385.178894; 850.994141; 738.466064; 44.713196;-5.797080;-11.222334; 279.159851; 1209.020264; 565.472229; 10.246362; 7.827675; 12.588044; 127.093079; 1784.069824; 423.903931; 78.319748;-31.544006; 22.869778; 299.894287; 1768.045410; 356.062592; 1.707205; 3.518262;-45.871342; 939.631409; 1860.094971; 500.167023; 0.000000;-0.000000; 0.000000; 649.869507; 236.570221; 273.759583; 0.000000;-0.000000; 0.000000; 225.945312; 1756.940796; 402.419952;-18.263260;-39.983181; 1.467410; 75.634338; 2034.322754; 401.165436; 0.000000; 0.000000; 0.000000; 302.330139; 269.835754; 693.928650; 0.000000; 0.000000; 0.000000; 325.813751; 1271.711548; 444.598267; 0.000000;-0.000000; 0.000000; 327.768921; 1388.719971; 428.916565;-0.204839;-3.677575;-0.457175; 308.891785; 1466.154175; 394.163483; 0.219602;-4.598140;-1.369930; 281.355469; 1560.123535; 360.173401; 1.099931;-3.677487;-0.228590; 240.409882; 1704.955688; 329.550842;-0.000001; 0.000002; 0.000002; 242.890350; 1790.162231; 356.064270;-10.251726; 1.781661; 13.920600; 243.769806; 1881.568115; 362.339783;-2.637576; 3.040200; 22.971888; 225.687973; 2062.305176; 337.679565; 0.000000;-0.000000; 0.000000; 370.453308; 1948.997437; 409.023132; 290.156586; 1933.210449; 282.688293; 223.534393; 1948.249146; 441.757690;-13.970650;-4.785365; 3.606304;-6.298807; 18.259003; 5.824524; 2.296029; 0.878584;
167;0;1776780261166667;; 381.188843; 1226.436768; 486.642456; 885.107910; 1752.403931; 526.607178;-12.618194; 26.564493; 0.114765; 702.231812; 1606.884033; 396.366089; 0.000000; 115.422180; 0.000000; 425.834137; 1745.576294; 354.279663; 84.262421; 85.807693; 146.573669; 54.421204; 1965.502441; 364.809265; 7.521491;-34.817841;-7.527491;-151.594681; 1829.448853; 467.908112; 0.000000; 46.259766; 0.000000; 154.185349; 1772.066650; 443.244232;-0.529723; 24.382498;-4.099083; 668.337830; 297.414429; 289.222046;-62.710495;-6.688197; 0.001679; 615.737427; 425.313629; 293.633484;-62.710495;-6.688197; 0.001679; 533.023987; 787.189575; 355.841553;-4.947438; 6.811430; 9.771809; 454.776062; 1169.541626; 486.355011;-18.606768;-29.098799; 26.294184; 318.250122; 317.822815; 692.180237;-61.235302;-9.995751;-0.018437; 328.601379; 455.520142; 683.419189;-61.235302; 9.995751; 0.018437; 396.768372; 821.938721; 735.919312; 39.583073;-5.983243;-10.468882; 301.859772; 1190.975952; 580.505310; 6.336703; 6.183135; 13.609757; 154.185349; 1772.066650; 443.244232; 86.756844;-22.316143; 25.858013; 321.425323; 1749.215820; 361.686737; 1.725094; 3.554508;-45.901947; 935.216309; 1816.788086; 530.786621; 0.000000;-0.000000; 0.000000; 706.828613; 226.819397; 289.279633; 0.000000;-0.000000; 0.000000; 249.296021; 1741.790894; 411.516449;-17.681774;-39.493549; 5.677688; 111.444824; 2021.840698; 380.555634; 0.000000; 0.000000; 0.000000; 318.348969; 238.297577; 704.051758; 0.000000; 0.000000; 0.000000; 341.906738; 1254.067139; 457.488861; 0.000000;-0.000000; 0.000000; 342.897766; 1371.003174; 441.189056;-0.263457;-2.985446;-0.299346; 323.157684; 1448.262451; 406.526062; 0.249745;-3.732216;-0.897366; 296.212158; 1542.214233; 372.018005; 1.094062;-2.985415;-0.149677; 258.757904; 1687.568604; 339.461029; 0.000001; 0.000001;-0.000003; 265.484741; 1773.254395; 363.584930;-10.516293; 0.703604; 13.711666; 268.745117; 1864.656738; 369.079407;-2.714803; 2.788359; 23.688969; 253.544754; 2045.682251; 344.591797; 0.000000;-0.000000; 0.000000; 399.515991; 1929.198975; 407.912964; 311.590271; 1914.872070; 286.582458; 254.795410; 1932.101074; 449.202484;-15.894972;-4.761562; 3.559690;-4.658544; 19.903549; 5.560860; 2.240826; 0.835459;
168;0;1776780261183333;; 402.423798; 1204.131348; 497.790985; 874.921326; 1707.182617; 557.916199;-11.940097; 26.298700;-1.056873; 705.473877; 1556.253662; 416.175293; 0.000000; 109.502716; 0.000000; 446.616913; 1719.542969; 355.083893; 83.912086; 84.870720; 149.343018; 77.013763; 1945.420044; 375.988953; 6.866750;-27.011484;-8.287693;-109.225189; 1838.215210; 535.377319; 0.000000; 46.665977; 0.000000; 183.365631; 1757.092407; 463.182007;-15.810390; 24.562368;-5.282600; 722.385742; 283.369995; 310.195648;-62.965034;-6.703670; 0.003941; 664.536743; 408.993744; 314.274292;-62.965034;-6.703670; 0.003941; 567.320251; 767.963379; 372.199615;-4.172204; 6.524302; 9.882320; 472.005066; 1149.565918; 493.212585;-15.065619;-30.328520; 24.647820; 333.595825; 284.509827; 698.536377;-62.291504;-9.643865;-0.021164; 342.597168; 422.249664; 688.987976;-62.291504; 9.643865; 0.021164; 409.268677; 790.384888; 730.181885; 34.545296;-5.711574;-9.748093; 324.122742; 1169.750366; 595.342529; 2.551269; 5.164793; 14.789804; 183.365631; 1757.092407; 463.182007; 96.034218;-11.312859; 26.837290; 342.854492; 1727.011475; 367.203705; 1.652395; 3.403708;-45.948380; 925.948547; 1770.626099; 564.608826; 0.000000;-0.000000; 0.000000; 763.840637; 214.473877; 310.039154; 0.000000;-0.000000; 0.000000; 272.936188; 1723.558960; 420.497925;-17.021406;-38.599815; 10.448412; 138.302017; 1997.385986; 361.260468; 0.000000; 0.000000; 0.000000; 334.943146; 204.992065; 710.381775; 0.000000; 0.000000; 0.000000; 357.208221; 1233.383179; 470.548615; 0.000000;-0.000000; 0.000000; 357.481598; 1350.271484; 453.882324;-0.312462;-2.259348;-0.141971; 336.999115; 1427.449463; 419.469788; 0.281172;-2.824254;-0.425743; 310.796692; 1521.422241; 384.450439; 1.122921;-2.259343;-0.070986; 277.052094; 1667.157837; 349.620941; 0.000001;-0.000000; 0.000003; 288.267212; 1753.091064; 371.044739;-11.052964;-0.370921; 13.537324; 294.462646; 1844.380493; 375.846252;-2.858901; 2.560786; 24.495754; 283.472992; 2025.783325; 351.905212; 0.000000;-0.000000; 0.000000; 429.384888; 1904.772949; 406.235260; 333.605591; 1893.171143; 290.697388; 287.706482; 1912.274902; 456.516754;-17.460562;-4.883109; 3.632756;-3.891990; 21.147934; 5.321632; 2.167320; 0.793129;
169;0;1776780261200000;; 423.473572; 1179.084839; 509.112427; 859.870422; 1659.791382; 590.568054;-11.264867; 25.870565;-2.242410; 704.369934; 1504.909790; 437.552429; 0.000000; 104.397461; 0.000000; 466.672241; 1690.010376; 356.066162; 84.225731; 84.269852; 152.269089; 98.081055; 1923.419067; 394.409729; 4.678499;-18.374001;-9.166056;-51.189697; 1849.562500; 603.803955; 0.000000; 47.224934; 0.000000; 214.796722; 1739.058350; 483.626801;-33.188694; 24.256315;-4.535416; 775.583557; 266.833282; 336.409576;-63.100609;-6.709184; 0.005902; 712.680054; 390.037689; 339.287720;-63.100609;-6.709184; 0.005902; 601.694397; 745.943970; 391.041687;-3.115310; 6.207043; 9.811375; 487.679474; 1126.193115; 499.488983;-11.034819;-31.014984; 22.466455; 349.736603; 249.585922; 701.239502;-62.943478;-9.298944;-0.022903; 356.884521; 387.368744; 690.786316;-62.943478; 9.298944; 0.022903; 422.126465; 756.757446; 721.787292; 29.696201;-5.014889;-9.013252; 345.726959; 1145.336304; 609.897888;-0.928418; 4.758559; 16.157280; 214.796722; 1739.058350; 483.626801; 105.465393; 0.712331; 25.465281; 363.958771; 1701.536499; 372.989624; 1.538893; 3.168751;-46.004585; 911.932739; 1721.901001; 600.841614; 0.000000;-0.000000; 0.000000; 819.852783; 199.710892; 336.558563; 0.000000;-0.000000; 0.000000; 296.666962; 1702.252563; 429.664703;-16.303707;-37.293793; 15.714208; 153.714264; 1962.510376; 349.127869; 0.000000; 0.000000; 0.000000; 352.667786; 170.097198; 712.993591; 0.000000; 0.000000; 0.000000; 371.529419; 1209.739136; 483.787598; 0.000000;-0.000000; 0.000000; 371.415314; 1326.619507; 467.064392;-0.352058;-1.508821; 0.001689; 350.345886; 1403.843384; 433.112366; 0.310869;-1.886028; 0.005075; 325.042786; 1497.895508; 397.647430; 1.183635;-1.508822; 0.000852; 295.156281; 1643.854248; 360.318207; 0.000001;-0.000001; 0.000002; 311.022034; 1729.740479; 378.786896;-11.839635;-1.444527; 13.373046; 320.670319; 1820.758911; 383.001404;-3.063816; 2.352241; 25.323343; 315.224121; 2002.531250; 359.977509; 0.000000;-0.000000; 0.000000; 459.512085; 1875.777100; 404.697662; 356.126404; 1868.284546; 295.553070; 321.757263; 1888.590820; 463.999451;-18.542830;-5.022817; 3.837931;-3.786152; 21.816078; 5.000298; 2.081838; 0.752781;
170;0;1776780261216667;; 444.045227; 1151.490234; 520.538391; 840.458923; 1610.489990; 623.294189;-10.763594; 25.299919;-3.248072; 699.153992; 1453.229980; 459.328613; 0.000000; 100.190994; 0.000000; 485.795898; 1657.036865; 357.625305; 85.145805; 84.224236; 155.557037; 119.541801; 1902.005615; 420.646423; 1.079808;-9.192430;-10.027314; 24.438263; 1861.295166; 667.386108; 0.000000; 48.123383; 0.000000; 248.527161; 1717.917114; 504.201050;-52.044384; 22.646164;-2.272957; 826.408081; 248.064117; 367.996765;-63.165207;-6.712741; 0.007377; 758.853638; 368.812988; 368.751831;-63.165207;-6.712741; 0.007377; 635.199463; 721.651794; 412.110352;-1.800794; 5.893603; 9.586235; 501.376312; 1099.541504; 505.063782;-6.613468;-30.957249; 19.806320; 367.510895; 213.268341; 700.313354;-63.272812;-8.960965;-0.022654; 372.008301; 351.114807; 689.241211;-63.272812; 8.960965; 0.022654; 434.803406; 721.553833; 711.540955; 25.141798;-4.019757;-8.229069; 366.364258; 1117.789062; 624.000244;-3.897141; 4.901685; 17.686632; 248.527161; 1717.917114; 504.201050; 114.090805; 12.730526; 21.680433; 384.590057; 1672.989258; 379.355652; 1.439552; 2.963271;-46.053837; 893.192932; 1671.096069; 638.114990; 0.000000;-0.000000; 0.000000; 873.235596; 182.708298; 368.998932; 0.000000;-0.000000; 0.000000; 320.355591; 1677.993896; 439.269348;-15.551392;-35.600143; 21.308393; 157.610809; 1922.022949; 351.193604; 0.000000; 0.000000; 0.000000; 372.488861; 133.825119; 711.680054; 0.000000; 0.000000; 0.000000; 384.582733; 1183.289185; 497.133698; 0.000000;-0.000000; 0.000000; 384.480194; 1300.210693; 480.700470;-0.397980;-0.735876; 0.120490; 363.028748; 1377.642334; 447.468628; 0.330455;-0.919861; 0.361456; 338.821198; 1471.862183; 411.685547; 1.260103;-0.735876; 0.060246; 312.967133; 1617.906006; 371.767944; 0.000000;-0.000001; 0.000002; 333.614563; 1703.393433; 387.092834;-12.818380;-2.529421; 13.172798; 347.192719; 1793.929810; 390.834656;-3.312421; 2.147335; 26.071468; 348.586426; 1975.934692; 369.080750; 0.000000;-0.000000; 0.000000; 489.473389; 1842.469482; 404.058533; 379.249725; 1840.481323; 301.569122; 356.409180; 1861.018921; 471.934204;-18.993437;-4.995320; 4.193392;-4.053764; 21.713486; 4.432610; 1.992256; 0.716777;
171;0;1776780261233333;; 463.803436; 1121.569946; 531.947876; 817.487305; 1559.814697; 654.522949;-10.631294; 24.598351;-3.862310; 690.385376; 1401.385742; 480.374054; 0.000000; 96.829048; 0.000000; 503.785980; 1620.703369; 360.029205; 86.629456; 85.129982; 159.375366; 143.849060; 1884.158325; 454.252380;-3.567789; 0.161951;-10.698972; 116.475540; 1869.480591; 719.992310; 0.000000; 49.680908; 0.000000; 284.217407; 1693.563599; 524.241699;-71.369431; 19.067976; 0.703140; 873.111938; 227.411469; 404.610291;-63.204132;-6.719709; 0.008271; 801.561401; 345.817535; 402.375946;-63.204132;-6.719709; 0.008271; 666.860657; 695.741577; 435.154999;-0.202278; 5.587965; 9.227625; 512.663513; 1069.895020; 509.868469;-1.902964;-29.972862; 16.781824; 388.089172; 175.753860; 695.355225;-63.382183;-8.632974;-0.019654; 388.909851; 313.689545; 684.513672;-63.382183; 8.632974; 0.019654; 447.048706; 685.214111; 700.481323; 20.996700;-2.941618;-7.388280; 385.672028; 1087.222900; 637.461609;-6.153976; 5.489009; 19.288074; 284.217407; 1693.563599; 524.241699; 121.004150; 23.841274; 15.863635; 404.627930; 1641.594482; 386.497101; 1.398510; 2.878624;-46.061573; 870.061035; 1619.109375; 674.366943; 0.000000;-0.000000; 0.000000; 922.114990; 163.706802; 406.981964; 0.000000;-0.000000; 0.000000; 343.884827; 1650.951294; 449.453339;-14.779252;-33.577564; 26.943325; 154.317978; 1884.007935; 373.233795; 0.000000; 0.000000; 0.000000; 395.659973; 96.380608; 705.736694; 0.000000; 0.000000; 0.000000; 396.038696; 1154.248535; 510.507355; 0.000000;-0.000000; 0.000000; 396.361389; 1271.258545; 494.719330;-0.482106; 0.066071; 0.208188; 374.784302; 1349.081299; 462.497498; 0.325487; 0.082594; 0.624570; 351.929474; 1443.579102; 426.558411; 1.323237; 0.066072; 0.104096; 330.385376; 1589.597046; 384.069885;-0.000003; 0.000001;-0.000002; 355.941437; 1674.279419; 396.113678;-13.899564;-3.651940; 12.876931; 373.856079; 1764.072998; 399.487701;-3.577271; 1.920328; 26.630283; 383.256317; 1946.022705; 379.316986; 0.000000;-0.000000; 0.000000; 518.938782; 1805.250000; 404.984344; 403.124969; 1810.008179; 308.954163; 391.049622; 1829.651978; 480.523560;-18.672472;-4.569861; 4.704279;-4.374660; 20.692245; 3.423782; 1.906053; 0.688165;
172;0;1776780261250000;; 482.504181; 1089.619873; 543.257812; 792.335571; 1508.543457; 682.596436;-11.035043; 23.774324;-3.880129; 679.047119; 1349.489502; 499.702881; 0.000000; 94.145370; 0.000000; 520.467163; 1581.188843; 363.430023; 88.615120; 87.560959; 163.701080; 174.036407; 1873.082886; 493.676056;-8.711512; 9.237343;-11.021441; 220.228241; 1869.322632; 757.180664; 0.000000; 52.346893; 0.000000; 320.984589; 1665.869507; 543.037109;-89.944740; 13.181890; 3.434624; 914.173462; 205.381149; 445.484558;-63.252796;-6.732302; 0.008510; 839.537292; 321.737549; 439.560516;-63.252796;-6.732302; 0.008510; 696.017456; 669.081909; 460.042419; 1.756208; 5.254393; 8.747359; 521.307861; 1037.745850; 514.015137; 3.001363;-27.935745; 13.555297; 412.569458; 137.308899; 685.599121;-63.364391;-8.322713;-0.013831; 408.651581; 275.312378; 676.425659;-63.364391; 8.322713; 0.013831; 459.128998; 648.059509; 689.735168; 17.370680;-2.043691;-6.520441; 403.364319; 1053.860107; 650.164917;-7.542228; 6.379017; 20.822332; 320.984589; 1665.869507; 543.037109; 125.613861; 33.610928; 8.837604; 424.003357; 1607.600342; 394.518219; 1.432008; 2.949223;-45.968975; 843.665222; 1567.150269; 707.175720; 0.000000;-0.000000; 0.000000; 964.841858; 143.087509; 449.658752; 0.000000;-0.000000; 0.000000; 367.165924; 1621.320557; 460.260376;-13.985466;-31.313173; 32.219921; 152.839539; 1857.934204; 416.249664; 0.000000; 0.000000; 0.000000; 423.254486; 58.071022; 694.107544; 0.000000; 0.000000; 0.000000; 405.703491; 1122.922974; 523.902649; 0.000000;-0.000000; 0.000000; 406.807770; 1240.057251; 509.101959;-0.644445; 0.907513; 0.265287; 385.399475; 1318.450317; 478.176239; 0.278090; 1.134491; 0.795821; 364.206085; 1413.333862; 442.235138; 1.336766; 0.907509; 0.132642; 347.366455; 1559.216553; 397.231384; 0.000001; 0.000002;-0.000002; 377.938110; 1642.641724; 405.884460;-14.971181;-4.862404; 12.421473; 400.454010; 1731.403198; 408.987762;-3.823925; 1.636140; 26.907049; 418.718658; 1912.877441; 390.699615; 0.000000;-0.000000; 0.000000; 547.649475; 1764.679321; 408.011719; 427.839722; 1777.085815; 317.739990; 424.993958; 1794.724487; 489.927490;-17.490257;-3.529475; 5.338178;-4.461903; 18.713226; 1.809212; 1.828195; 0.669449;
173;0;1776780261266667;; 500.158936; 1056.091553; 554.498108; 766.997559; 1457.433594; 706.111938;-12.064548; 22.857548;-3.140129; 666.526489; 1297.622437; 516.511292; 0.000000; 91.888313; 0.000000; 535.807434; 1538.920166; 367.882935; 90.958023; 92.033264; 168.252258; 214.080734; 1871.679810; 536.545959;-13.706513; 17.526218;-10.895631; 328.632233; 1856.645264; 777.863953; 0.000000; 56.664452; 0.000000; 357.564880; 1634.897949; 560.163513;-106.697609; 5.054179; 5.131882; 948.481750; 182.540680; 489.786194;-63.332569;-6.750821; 0.008326; 871.930054; 297.354126; 479.677765;-63.332569;-6.750821; 0.008326; 722.515625; 642.737000; 486.860107; 4.183227; 4.830612; 8.151955; 527.544067; 1003.814392; 517.826050; 8.013223;-24.798956; 10.312842; 441.214020; 98.510620; 670.318420;-63.289215;-8.042617;-0.006045; 431.801605; 236.438202; 664.674316;-63.289215; 8.042617; 0.006045; 471.831726; 610.362793; 680.281128; 14.365214;-1.570639;-5.682965; 419.459167; 1018.133301; 662.116516;-8.003389; 7.399865; 22.140572; 357.564880; 1634.897949; 560.163513; 127.667984; 42.096493; 1.696763; 442.797485; 1571.361084; 403.464478; 1.520380; 3.136317;-45.693169; 816.068542; 1516.326904; 734.347412; 0.000000;-0.000000; 0.000000; 1000.175537; 121.278427; 496.102570; 0.000000;-0.000000; 0.000000; 390.224731; 1589.382080; 471.670898;-13.152850;-28.915022; 36.690910; 164.454620; 1851.332275; 474.927277; 0.000000; 0.000000; 0.000000; 455.331207; 19.549301; 675.888123; 0.000000; 0.000000; 0.000000; 413.767853; 1089.773071; 537.406250; 0.000000;-0.000000; 0.000000; 415.897156; 1207.050415; 523.908020;-0.918555; 1.793575; 0.297092; 394.960052; 1286.160034; 494.522675; 0.173174; 2.242212; 0.891041; 375.741943; 1381.502930; 458.686920; 1.268993; 1.793559; 0.148553; 364.040039; 1527.100220; 411.198578; 0.000001; 0.000000;-0.000002; 399.655365; 1608.795288; 416.368530;-15.927342;-6.234151; 11.752687; 426.814819; 1696.252686; 419.330353;-4.020369; 1.257701; 26.852669; 454.303650; 1876.776123; 403.311768; 0.000000;-0.000000; 0.000000; 575.480774; 1721.543945; 413.539307; 453.404785; 1742.028198; 327.893982; 457.628204; 1756.686279; 500.332520;-15.429638;-1.762919; 5.993745;-4.130574; 15.856346;-0.466164; 1.759901; 0.661296;
174;0;1776780261283333;; 517.101135; 1021.583740; 565.781372; 743.711731; 1406.932495; 724.169128;-13.695698; 21.933825;-1.567572; 654.382263; 1245.825073; 530.140442; 0.000000; 89.765434; 0.000000; 550.011169; 1494.664917; 373.335358; 93.388710; 98.392685; 172.563782; 269.792908; 1881.278442; 580.072266;-17.924397; 24.520521;-10.311095; 434.330444; 1829.240234; 784.527466; 0.000000; 63.176456; 0.000000; 392.732056; 1601.112061; 575.650696;-120.967392;-4.906345; 5.374115; 975.162354; 159.252991; 536.707214;-63.445744;-6.775603; 0.007925; 898.146606; 273.271790; 522.121277;-63.445744;-6.775603; 0.007925; 746.613159; 617.747192; 515.804260; 7.193199; 4.253910; 7.449729; 532.219788; 968.959656; 521.715942; 13.038115;-20.605989; 7.242915; 472.873749; 60.316803; 649.410095;-63.201546;-7.807848; 0.002059; 457.897339; 197.867310; 649.243347;-63.201546; 7.807848;-0.002059; 486.211914; 572.449463; 672.739014; 12.086850;-1.688840;-4.937248; 434.438721; 980.700256; 673.400330;-7.617082; 8.364222; 23.130089; 392.732056; 1601.112061; 575.650696; 127.161743; 49.620815;-4.424363; 461.292053; 1533.392944; 413.314941; 1.609994; 3.331727;-45.139744; 789.850037; 1467.176758; 754.426575; 0.000000;-0.000000; 0.000000; 1027.097656; 98.491325; 545.422241; 0.000000;-0.000000; 0.000000; 413.236542; 1555.540771; 483.606506;-12.271160;-26.514122; 39.978333; 200.092896; 1866.896729; 539.963562; 0.000000; 0.000000; 0.000000; 490.344604;-18.152786; 650.990417; 0.000000; 0.000000; 0.000000; 420.945526; 1055.397461; 551.107361; 0.000000;-0.000000; 0.000000; 424.203705; 1172.819824; 539.187561;-1.318029; 2.715856; 0.309406; 404.003296; 1252.734375; 511.514709; 0.004984; 3.395216; 0.927642; 387.004639; 1348.554077; 475.829437; 1.103672; 2.715827; 0.154704; 380.761475; 1493.650879; 425.843384; 0.000000;-0.000001; 0.000000; 421.290955; 1573.174316; 427.473877;-16.696182;-7.845953; 10.845823; 452.860535; 1659.135498; 430.514221;-4.146648; 0.758063; 26.482622; 489.307190; 1838.298950; 417.360229; 0.000000;-0.000000; 0.000000; 602.472412; 1676.868530; 421.762817; 479.751495; 1705.352539; 339.388550; 488.555176; 1716.229736; 511.933960;-12.567416; 0.674347; 6.461532;-3.334367; 12.297104;-3.303947; 1.699691; 0.661913;
175;0;1776780261300000;; 533.875305; 986.760254; 577.200073; 724.380920; 1357.076294; 736.415344;-15.786165; 21.160389; 0.791441; 644.001465; 1194.184937; 539.976990; 0.000000; 87.511803; 0.000000; 563.491638; 1449.543335; 379.625000; 95.534027; 105.234917; 176.141495; 349.212250; 1898.960693; 621.213379;-20.846695; 29.797981;-9.347175; 531.542542; 1787.361572; 782.097778; 0.000000; 72.254608; 0.000000; 425.715027; 1565.416992; 589.890564;-132.540405;-16.128784; 4.107750; 993.252686; 135.433319; 584.904785;-63.569023;-6.807118; 0.007357; 917.509216; 249.639984; 565.819885;-63.569023;-6.807118; 0.007357; 768.610840; 594.797485; 546.816101; 10.872005; 3.476987; 6.657941; 536.610352; 934.052063; 526.037659; 17.942848;-15.510432; 4.516300; 505.229340; 23.820923; 623.942993;-63.125736;-7.632311; 0.008677; 485.510315; 160.597137; 630.863342;-63.125736; 7.632311;-0.008677; 503.229004; 534.791016; 667.340149; 10.647079;-2.448467;-4.322103; 449.138092; 942.397034; 684.107483;-6.580845; 9.107404; 23.741461; 425.715027; 1565.416992; 589.890564; 124.301620; 56.472393;-8.568824; 479.891846; 1494.407227; 423.982788; 1.620855; 3.370924;-44.226501; 767.373901; 1419.481812; 766.924194; 0.000000;-0.000000; 0.000000; 1044.493774; 74.498245; 596.151123; 0.000000;-0.000000; 0.000000; 436.446899; 1520.369507; 495.949890;-11.362262;-24.252165; 41.896648; 269.825897; 1900.379761; 601.992798; 0.000000; 0.000000; 0.000000; 525.485657;-53.925568; 620.722534; 0.000000; 0.000000; 0.000000; 428.307007; 1020.479004; 565.000122; 0.000000;-0.000000; 0.000000; 432.664307; 1138.034424; 554.879150;-1.833170; 3.650478; 0.305606; 413.387634; 1218.775879; 529.006226;-0.220212; 4.563616; 0.915768; 398.717926; 1315.034424; 493.468811; 0.844375; 3.650436; 0.152805; 398.003296; 1459.373291; 440.966919; 0.000000; 0.000002; 0.000002; 443.116974; 1536.382812; 439.082001;-17.262085;-9.746819; 9.723895; 478.616150; 1620.780762; 442.546692;-4.201542; 0.134082; 25.885273; 523.174927; 1798.337036; 433.101227; 0.000000;-0.000000; 0.000000; 628.795532; 1631.815063; 432.589996; 506.727509; 1667.826904; 352.217041; 517.701111; 1674.257202; 524.861145;-9.129377; 3.568644; 6.381193;-2.155949; 8.300697;-6.474808; 1.645447; 0.667446;
176;0;1776780261316667;; 550.954407; 952.324463; 588.765930; 710.150391; 1307.705200; 742.950378;-18.111626; 20.738922; 3.762757; 636.318787; 1143.086670; 545.384827; 0.000000; 84.959915; 0.000000; 576.728210; 1405.030762; 386.523895; 97.002464; 110.425201; 178.593292; 459.914124; 1914.119385; 657.346802;-22.164660; 33.113232;-8.140057; 617.035522; 1733.217529; 776.384033; 0.000000; 83.883255; 0.000000; 456.374176; 1529.058594; 603.440186;-141.556732;-28.094873; 1.555252; 1001.822571; 110.738510; 631.887634;-63.645164;-6.844708; 0.006485; 929.247925; 226.241730; 608.727478;-63.645164;-6.844708; 0.006485; 788.513611; 574.080627; 579.273621; 15.233224; 2.469588; 5.809163; 541.916748; 899.981445; 531.021545; 22.555813;-9.792468; 2.253454; 535.554749;-10.034439; 596.376404;-63.071674;-7.525064; 0.012477; 512.710327; 125.615356; 611.267151;-63.071674; 7.525064;-0.012477; 523.317566; 498.124908; 664.085327; 10.130605;-3.763707;-3.835150; 464.342255; 904.273438; 694.333862;-5.136124; 9.530428; 23.988605; 456.374176; 1529.058594; 603.440186; 119.513474; 62.677383;-10.157084; 498.969055; 1455.403931; 435.364227; 1.461412; 3.059481;-42.912170; 750.237976; 1372.573730; 772.254028; 0.000000;-0.000000; 0.000000; 1051.339722; 48.881989; 645.563477; 0.000000;-0.000000; 0.000000; 460.054169; 1484.743164; 508.614502;-10.465162;-22.215242; 42.507812; 381.911926; 1938.229248; 654.517334; 0.000000; 0.000000; 0.000000; 557.606445;-86.900238; 587.975098; 0.000000; 0.000000; 0.000000; 436.833130; 985.854248; 578.986023; 0.000000;-0.000000; 0.000000; 442.176849; 1103.520264; 570.808960;-2.438348; 4.562205; 0.287873; 423.926636; 1185.056030; 546.745850;-0.487161; 5.703331; 0.862078; 411.553711; 1281.685669; 511.342072; 0.510583; 4.562163; 0.143936; 416.157928; 1425.031006; 456.373260;-0.000000; 0.000000;-0.000002; 465.366608; 1499.328735; 451.117188;-17.668306;-11.918921; 8.466089; 504.200653; 1582.204468; 455.444794;-4.202024;-0.585936; 25.205978; 555.723511; 1758.055664; 450.680847; 0.000000;-0.000000; 0.000000; 654.696716; 1587.573853; 445.603455; 534.130310; 1630.499512; 366.367065; 545.376892; 1631.884033; 539.107788;-5.546623; 6.608684; 5.262092;-0.774049; 4.235519;-9.674515; 1.595800; 0.673474;
177;0;1776780261333333;; 568.486755; 919.072327; 600.425354; 701.393738; 1258.879395; 744.168701;-20.429989; 20.853214; 7.075631; 631.748657; 1093.489380; 545.729248; 0.000000; 82.081772; 0.000000; 590.089233; 1362.893921; 393.781311; 97.495026; 112.402412; 179.692108; 602.242004; 1908.104004; 688.593689;-21.868191; 34.464184;-6.832904; 690.159119; 1669.772949; 772.566406; 0.000000; 97.520798; 0.000000; 485.102020; 1493.407227; 616.844849;-148.467117;-40.497734;-1.914497; 1000.901306; 85.294159; 674.214600;-63.575333;-6.885558; 0.005153; 933.190552; 203.068817; 647.968628;-63.575333;-6.885558; 0.005153; 806.098999; 555.512024; 611.952820; 20.174274; 1.227024; 4.952573; 548.781433; 867.739990; 536.779419; 26.721926;-3.836187; 0.493819; 561.476318;-40.590851; 570.179871;-63.040569;-7.488170; 0.013128; 537.584229; 93.773865; 592.978088;-63.040569; 7.488170;-0.013128; 546.105591; 463.503174; 662.929688; 10.551802;-5.424786;-3.433660; 480.401642; 867.643005; 704.204895;-3.491953; 9.616319; 23.926533; 485.102020; 1493.407227; 616.844849; 113.340118; 68.026833;-9.166965; 518.721924; 1417.715454; 447.359497; 1.051704; 2.218586;-41.220428; 739.198792; 1325.966431; 771.440186; 0.000000;-0.000000; 0.000000; 1047.758423; 21.859642; 689.888916; 0.000000;-0.000000; 0.000000; 484.133331; 1449.916504; 521.571960;-9.583406;-20.345905; 42.094929; 537.385376; 1957.139893; 696.514099; 0.000000; 0.000000; 0.000000; 584.103210;-116.569588; 556.746216; 0.000000; 0.000000; 0.000000; 447.005157; 952.622986; 592.937805; 0.000000;-0.000000; 0.000000; 453.226868; 1070.367432; 586.752869;-3.101213; 5.411531; 0.259343; 436.056061; 1152.635010; 564.450195;-0.777928; 6.764968; 0.776072; 425.860229; 1249.570923; 529.190063; 0.127705; 5.411488; 0.129671; 435.386139; 1391.771606; 471.928558;-0.000000;-0.000002; 0.000000; 488.138977; 1463.300659; 463.561279;-17.971926;-14.268887; 7.188449; 529.751648; 1544.738525; 469.169647;-4.169743;-1.350297; 24.601820; 587.113403; 1718.836304; 469.915039; 0.000000;-0.000000; 0.000000; 680.388794; 1545.376343; 460.069794; 561.699280; 1594.663208; 381.705902; 572.152405; 1590.479492; 554.451355;-2.390237; 9.449537; 2.679492; 0.581819; 0.539932;-12.581467; 1.550809; 0.677299;
178;0;1776780261350000;; 586.284973; 887.895691; 612.109497; 698.030151; 1211.157837; 740.619446;-22.548679; 21.601561; 10.421046; 630.344910; 1046.960449; 540.518433; 0.000000; 78.983932; 0.000000; 603.740356; 1324.939087; 401.153717; 96.891953; 110.646660; 179.392914; 763.432861; 1861.190186; 719.493286;-20.247265; 34.112961;-5.546708; 752.125366; 1599.452026; 773.786621; 0.000000; 112.176781; 0.000000; 512.663635; 1459.662964; 630.540100;-154.210922;-53.257202;-6.105087; 992.492737; 60.296700; 708.644958;-63.217369;-6.925157; 0.003216; 930.600952; 180.857056; 680.733093;-63.217369;-6.925157; 0.003216; 821.332520; 539.076416; 643.251282; 25.464251;-0.211341; 4.144813; 557.154541; 838.372253; 543.342957; 30.367643; 1.938639;-0.797169; 581.693115;-67.463776; 548.932556;-63.029629;-7.516901; 0.011309; 558.850037; 65.721924; 578.668579;-63.029629; 7.516901;-0.011309; 570.607300; 432.137878; 663.913452; 11.825251;-7.162977;-3.058968; 497.179199; 833.957581; 713.902527;-1.774056; 9.416093; 23.618320; 512.663635; 1459.662964; 630.540100; 106.221298; 72.375519;-6.183378; 539.141357; 1382.824707; 459.852417; 0.345497; 0.734482;-39.246140; 734.445007; 1279.834839; 765.740601; 0.000000;-0.000000; 0.000000; 1036.140991;-5.068375; 725.599182; 0.000000;-0.000000; 0.000000; 508.660645; 1417.346436; 534.818665;-8.654237;-18.425888; 41.096920; 723.104370; 1930.771973; 733.832642; 0.000000; 0.000000; 0.000000; 603.687073;-142.720825; 531.104248; 0.000000; 0.000000; 0.000000; 458.729340; 922.070435; 606.781006; 0.000000;-0.000000; 0.000000; 465.812714; 1039.851318; 602.514832;-3.790090; 6.160803; 0.224632; 449.773010; 1122.780396; 581.882568;-1.078090; 7.701477; 0.671706; 441.618408; 1219.980103; 546.817993;-0.284009; 6.160769; 0.112314; 455.615692; 1360.993408; 487.573029;-0.000000;-0.000001;-0.000002; 511.389130; 1429.796875; 476.407196;-18.180593;-16.652100; 5.999044; 555.346191; 1509.872314; 483.541931;-4.113473;-2.103051; 24.186129; 617.618347; 1682.148926; 490.167847; 0.000000;-0.000000; 0.000000; 705.981079; 1506.512451; 475.021118; 589.098694; 1561.678467; 397.868530; 598.634521; 1551.594971; 570.423340;-0.141274; 11.795417;-1.408338; 1.703643;-2.402527;-14.922325; 1.511522; 0.679438;
179;0;1776780261366667;; 603.919800; 859.677063; 623.727295; 699.823730; 1165.594238; 732.912292;-24.361969; 22.959259; 13.513946; 631.874817; 1005.385742; 529.691528; 0.000000; 75.849846; 0.000000; 617.656494; 1292.617065; 408.454163; 95.297356; 105.499268; 177.838028; 920.227966; 1763.488159; 754.961548;-17.776945; 32.524826;-4.369909; 804.835815; 1523.427612; 780.221375; 0.000000; 126.687195; 0.000000; 540.114624; 1428.615601; 644.811523;-161.105667;-66.389969;-12.103508; 980.329956; 37.688019; 733.424622;-62.397446;-6.957922; 0.000379; 924.031372; 160.905518; 705.275391;-62.397446;-6.957922; 0.000379; 834.536255; 524.929688; 671.472839; 30.783884;-1.755516; 3.431339; 566.356934; 812.756897; 550.704712; 33.525654; 7.153569;-1.683916; 596.073120;-90.432251; 535.242676;-63.034668;-7.601627; 0.008083; 576.025757; 41.896606; 570.337524;-63.034668; 7.601627;-0.008083; 595.535095; 405.093689; 667.151123; 13.767076;-8.749287;-2.669654; 514.163147; 804.511475; 723.664062;-0.005040; 9.016747; 23.107754; 540.114624; 1428.615601; 644.811523; 98.398834; 75.908363;-2.161215; 560.104492; 1352.017822; 472.708588;-0.656791;-1.406181;-37.129215; 735.879578; 1235.067993; 756.300598; 0.000000;-0.000000; 0.000000; 1020.865173;-29.528427; 750.861572; 0.000000;-0.000000; 0.000000; 533.642029; 1388.334351; 548.349976;-7.574152;-16.169155; 40.013691; 912.180054; 1842.479614; 774.176453; 0.000000; 0.000000; 0.000000; 616.435059;-165.253571; 513.973755; 0.000000; 0.000000; 0.000000; 471.452820; 895.407593; 620.557251; 0.000000;-0.000000; 0.000000; 479.562103; 1013.171753; 617.998108;-4.479725; 6.778600; 0.188671; 464.762878; 1096.702515; 598.924866;-1.380433; 8.473619; 0.563781; 458.573090; 1194.151123; 564.150391;-0.716753; 6.778575; 0.094337; 476.677643; 1334.021729; 503.330200; 0.000000;-0.000000; 0.000002; 535.034851; 1400.173462; 489.631439;-18.219749;-18.913189; 4.952432; 581.046204; 1478.938843; 498.243683;-4.019834;-2.802361; 23.994581; 647.529968; 1649.325439; 510.460724; 0.000000;-0.000000; 0.000000; 731.549194; 1472.170898; 489.423248; 616.018860; 1532.697998; 414.279999; 625.386719; 1516.701538; 586.396545; 1.023929; 13.478101;-6.524620; 2.481754;-4.428688;-16.540047; 1.478545; 0.682544;
180;0;1776780261383333;; 620.744446; 835.067322; 635.095459; 706.273193; 1123.541870; 721.729370;-25.830338; 24.790956; 16.143991; 635.533447; 970.479980; 514.002502; 0.000000; 72.861435; 0.000000; 631.609070; 1266.622925; 415.582916; 93.032158; 98.311516; 175.359863; 1049.335693; 1619.731201; 792.925049;-14.953607; 30.226780;-3.343600; 849.555786; 1441.809326; 789.143555; 0.000000; 140.003647; 0.000000; 568.599060; 1400.502686; 659.684875;-0.638304;-100.478073; 149.591110; 968.383911; 19.231941; 748.995178;-60.944168;-6.977900;-0.003553; 916.197144; 144.396057; 721.518799;-60.944168;-6.977900;-0.003553; 846.141724; 513.260132; 695.115967; 35.799198;-3.275971; 2.829159; 575.163513; 791.368958; 558.822266; 36.313007; 11.526704;-2.212996; 605.108887;-109.384399; 530.143127;-63.051254;-7.730361; 0.004508; 589.063293; 22.494720; 568.807068;-63.051254; 7.730361;-0.004508; 619.432983; 382.981140; 672.695374; 16.132250;-10.061048;-2.259975; 530.494019; 780.117004; 733.708435; 1.878462; 8.504142; 22.410965; 568.599060; 1400.502686; 659.684875; 90.046295; 79.119873; 2.049168; 581.436584; 1326.013184; 485.760071;-1.904326;-4.102212;-35.003307; 743.059326; 1192.999878; 744.000549; 0.000000;-0.000000; 0.000000; 1006.610229;-49.350151; 766.328735; 0.000000;-0.000000; 0.000000; 559.160889; 1363.632690; 562.110107;-6.258915;-13.370244; 39.281250; 1074.498291; 1693.505371; 817.376038; 0.000000; 0.000000; 0.000000; 623.147278;-184.084076; 506.483429; 0.000000; 0.000000; 0.000000; 484.239594; 873.464233; 634.390137; 0.000000;-0.000000; 0.000000; 493.791046; 991.141968; 633.191895;-5.159305; 7.243434; 0.156355; 480.468109; 1075.236328; 615.561584;-1.687914; 9.054564; 0.466943; 476.311615; 1172.940552; 581.204407;-1.179417; 7.243413; 0.078178; 498.395538; 1311.740723; 519.257202; 0.000000; 0.000001; 0.000001; 559.024536; 1375.255615; 503.155884;-17.943453;-20.925282; 4.024543; 606.939575; 1452.748169; 512.864990;-3.854389;-3.431907; 23.980396; 677.137451; 1621.238525; 529.722839; 0.000000;-0.000000; 0.000000; 757.178833; 1443.105835; 502.379700; 642.286621; 1508.360474; 430.276306; 652.867615; 1486.799316; 601.714111; 1.280389; 14.487024;-11.873466; 2.941712;-5.685242;-17.424225; 1.451111; 0.688720;
181;0;1776780261400000;; 635.937561; 814.344971; 645.905579; 716.326355; 1086.368042; 707.936584;-26.924231; 26.900957; 18.200336; 639.676270; 943.322937; 495.227051; 0.000000; 70.148514; 0.000000; 645.161926; 1246.772339; 422.488861; 90.556099; 91.354546; 172.450134; 1135.981812; 1445.517090; 823.633850;-12.174482; 27.670145;-2.456892; 885.730347; 1354.932129; 796.227966; 0.000000; 151.345413; 0.000000; 598.952515; 1375.045044; 674.751892; 72.691322;-81.817696; 224.914490; 959.262024; 5.825485; 757.672180;-58.740105;-6.980708;-0.008230; 908.797302; 131.854034; 730.940613;-58.740105;-6.980708;-0.008230; 856.354614; 504.139618; 713.086731; 40.237370;-4.619306; 2.321668; 582.067566; 774.218872; 567.575684; 38.876461; 14.901255;-2.388309; 609.539124;-124.360794; 533.181580;-63.074146;-7.891416; 0.001417; 598.113647; 7.433990; 573.728516;-63.074146; 7.891416;-0.001417; 640.884888; 365.854462; 680.363159; 18.671532;-11.078093;-1.855081; 545.074768; 760.958191; 744.105530; 3.978605; 7.934816; 21.525497; 598.952515; 1375.045044; 674.751892; 81.436691; 82.533783; 6.112065; 602.896118; 1304.798950; 498.750427;-3.303190;-7.153621;-32.949409; 754.989319; 1155.011475; 729.544189; 0.000000;-0.000000; 0.000000; 996.512024;-63.362076; 774.722778; 0.000000;-0.000000; 0.000000; 585.282654; 1343.244751; 575.902588;-4.701297;-10.025642; 39.158939; 1188.309814; 1500.956177; 852.992249; 0.000000; 0.000000; 0.000000; 624.893250;-199.199615; 508.109558; 0.000000; 0.000000; 0.000000; 495.930725; 856.521851; 648.346680; 0.000000;-0.000000; 0.000000; 507.590729; 974.015137; 648.057739;-5.836259; 7.545435; 0.133512; 496.147766; 1058.652954; 631.757874;-2.013748; 9.432000; 0.398572; 494.299500; 1156.623291; 597.961548;-1.695330; 7.545420; 0.066756; 520.581238; 1294.375610; 535.317993; 0.000000; 0.000001; 0.000000; 583.297424; 1355.139038; 516.777222;-17.179684;-22.607584; 3.120665; 633.070129; 1431.393433; 526.933411;-3.571917;-4.000630; 24.029627; 706.603943; 1598.097168; 547.022888; 0.000000;-0.000000; 0.000000; 782.886230; 1419.412842; 513.282043; 667.850525; 1488.639282; 445.224976; 681.273926; 1462.165405; 615.773193; 1.033819; 14.933872;-16.659973; 3.203874;-6.562416;-17.683151; 1.427197; 0.698053;
182;0;1776780261416667;; 648.691956; 797.519348; 655.794800; 728.407959; 1055.125366; 692.681458;-27.597488; 29.092625; 19.657576; 642.177490; 924.138123; 475.911713; 0.000000; 67.785095; 0.000000; 657.819092; 1232.306152; 429.111328; 88.318939; 86.530632; 169.660248; 1175.335449; 1261.863159; 837.861572;-9.693974; 25.167379;-1.670082; 910.798767; 1265.385620; 797.981628; 0.000000; 160.224640; 0.000000; 631.321594; 1351.709229; 689.155151; 43.087223;-67.436691; 197.855103; 953.609314;-2.522720; 762.427307;-55.766964;-6.966186;-0.012434; 902.131775; 123.113403; 735.779724;-55.766964;-6.966186;-0.012434; 865.029358; 497.502350; 724.738586; 43.933811;-5.626094; 1.866261; 585.761353; 761.043579; 576.735046; 41.332710; 17.243061;-2.177967; 610.274902;-135.522980; 542.786072;-63.095963;-8.074564;-0.000720; 603.547241;-3.555359; 583.819580;-63.095963; 8.074564; 0.000720; 658.839844; 353.393738; 689.628906; 21.180946;-11.840608;-1.493662; 556.892090; 746.742065; 754.693237; 6.376569; 7.329271; 20.443459; 631.321594; 1351.709229; 689.155151; 72.987373; 86.339188; 10.240797; 624.192932; 1287.820068; 511.311035;-4.739627;-10.314198;-30.983421; 770.148560; 1122.140625; 713.665100; 0.000000;-0.000000; 0.000000; 991.424988;-71.425056; 779.387451; 0.000000;-0.000000; 0.000000; 611.948486; 1326.568481; 589.345642;-2.999554;-6.373442; 39.680122; 1244.637817; 1291.146484; 869.693970; 0.000000; 0.000000; 0.000000; 622.889771;-210.669830; 517.114685; 0.000000; 0.000000; 0.000000; 505.484924; 844.412292; 662.307556; 0.000000;-0.000000; 0.000000; 520.071594; 961.578491; 662.416748;-6.529533; 7.684225; 0.126620; 511.060181; 1046.734497; 647.335571;-2.375119; 9.605467; 0.377926; 511.999329; 1144.958008; 614.243652;-2.290275; 7.684210; 0.063308; 543.045349; 1281.568604; 551.280579; 0.000000;-0.000003; 0.000000; 607.748230; 1339.326538; 530.142334;-15.798842;-23.912075; 2.121198; 659.380005; 1414.378784; 539.967285;-3.135784;-4.527571; 23.993074; 735.899292; 1579.519531; 561.744629; 0.000000;-0.000000; 0.000000; 808.569092; 1400.591797; 521.876343; 692.738647; 1472.982666; 458.629608; 710.464478; 1442.421265; 628.098022; 0.758472; 14.991859;-20.281162; 3.418790;-7.500198;-17.488976; 1.404450; 0.709139;
183;0;1776780261433333;; 658.489685; 784.554810; 664.489136; 740.942932; 1030.262329; 677.249023;-27.813519; 31.214771; 20.534956; 641.375305; 912.414124; 458.661346; 0.000000; 65.813629; 0.000000; 669.239624; 1222.386841; 435.359497; 86.600929; 84.256317; 167.441833; 1171.317749; 1090.531982; 834.682861;-7.633495; 22.895643;-0.948106; 922.088379; 1178.917969; 793.999207; 0.000000; 166.435394; 0.000000; 665.029114; 1330.034180; 701.874634; 35.648285;-51.287594; 192.829376; 950.764709;-6.231766; 765.549194;-52.129803;-6.939602;-0.014593; 895.692383; 117.693665; 738.090271;-52.129803;-6.939602;-0.014593; 871.786194; 493.228577; 729.868286; 46.837982;-6.167164; 1.409518; 585.573303; 751.575378; 586.032349; 43.734940; 18.604380;-1.552916; 608.356445;-142.991516; 556.685303;-63.105274;-8.270673;-0.001867; 605.974365;-10.715393; 597.204590;-63.105274; 8.270673; 0.001867; 672.835876; 345.211792; 699.727417; 23.526794;-12.412248;-1.211060; 565.343445; 737.020203; 765.158020; 9.087266; 6.691615; 19.156969; 665.029114; 1330.034180; 701.874634; 65.177689; 90.233917; 14.818825; 645.032104; 1274.346558; 523.015015;-6.114687;-13.366399;-29.074377; 786.911499; 1094.793823; 697.154297; 0.000000;-0.000000; 0.000000; 990.600952;-73.931526; 782.725464; 0.000000;-0.000000; 0.000000; 638.908691; 1312.757324; 601.931946;-1.333648;-2.819886; 40.689892; 1246.966187; 1092.231323; 865.473572; 0.000000; 0.000000; 0.000000; 618.424988;-218.520874; 531.011475; 0.000000; 0.000000; 0.000000; 512.297668; 836.769897; 675.975952; 0.000000;-0.000000; 0.000000; 530.615845; 953.411011; 675.951660;-7.258503; 7.664032; 0.142019; 524.655823; 1039.020020; 661.960205;-2.784648; 9.580274; 0.423903; 528.996582; 1137.427490; 629.696899;-2.977864; 7.664012; 0.071010; 565.607117; 1272.647949; 566.722656; 0.000000;-0.000002; 0.000001; 632.216309; 1327.061157; 542.812683;-13.775504;-24.799925; 0.944322; 685.711731; 1400.931152; 551.568604;-2.538736;-5.020429; 23.727951; 764.877197; 1564.775391; 573.678040; 0.000000;-0.000000; 0.000000; 834.041016; 1385.782959; 528.251038; 717.041077; 1460.608887; 470.204803; 740.032043; 1426.801025; 638.419556; 0.836966; 14.849916;-22.377850; 3.720260;-8.773773;-17.033379; 1.381232; 0.720280;
184;0;1776780261450000;; 665.369080; 775.497375; 671.946899; 752.971497; 1011.586670; 662.701843;-27.583389; 33.180737; 20.863106; 636.887146; 907.306885; 445.371124; 0.000000; 64.264214; 0.000000; 679.372253; 1216.466797; 441.168793; 85.438492; 83.843010; 166.014862; 1135.718994; 948.096924; 820.554443;-6.015929; 20.931162;-0.278365; 919.882385; 1102.575073; 786.885681; 0.000000; 170.045441; 0.000000; 698.838074; 1309.843262; 712.174194; 31.852465;-35.090679; 190.518799; 949.789307;-5.767372; 767.851318;-48.062740;-6.909807;-0.013783; 889.050415; 115.183838; 739.110107;-48.062740;-6.909807;-0.013783; 876.255615; 491.210022; 728.805298; 48.991951;-6.196741; 0.904669; 581.682190; 745.704041; 595.355042; 46.065102; 19.076698;-0.542991; 605.021057;-146.680588; 572.536316;-63.085457;-8.471022;-0.002193; 606.331970;-14.064484; 611.978943;-63.085457; 8.471022; 0.002193; 683.142944; 341.119598; 710.009216; 25.646484;-12.858406;-1.029468; 570.453369; 731.489014; 775.296631; 12.053577; 6.041491; 17.653402; 698.838074; 1309.843262; 712.174194; 58.415234; 93.663780; 19.950491; 665.159180; 1263.798462; 533.510620;-7.370529;-16.177786;-27.168655; 804.058899; 1072.749023; 680.670898; 0.000000;-0.000000; 0.000000; 992.795471;-71.423286; 785.314880; 0.000000;-0.000000; 0.000000; 665.736694; 1301.094360; 613.194031; 0.109700; 0.230643; 41.945026; 1209.535400; 925.664978; 847.416626; 0.000000; 0.000000; 0.000000; 612.915222;-222.589066; 547.222473; 0.000000; 0.000000; 0.000000; 516.366577; 833.265442; 689.079041; 0.000000;-0.000000; 0.000000; 539.026550; 949.139282; 688.377502;-8.037576; 7.489406; 0.185635; 536.690308; 1035.067261; 675.296814;-3.246248; 9.362150; 0.554214; 545.067261; 1133.505981; 643.936646;-3.753137; 7.489377; 0.092817; 588.089844; 1266.926270; 581.177246; 0.000001; 0.000001;-0.000000; 656.496948; 1317.651245; 554.405701;-11.208262;-25.234207;-0.412150; 711.856995; 1390.313721; 561.520752;-1.812052;-5.463390; 23.132530; 793.420288; 1553.065063; 582.977051; 0.000000;-0.000000; 0.000000; 859.108398; 1374.042236; 532.763062; 740.901306; 1450.783936; 479.894653; 769.470520; 1414.472046; 646.726929; 1.445233; 14.681174;-22.842688; 4.205564;-10.368530;-16.494408; 1.356374; 0.730384;
185;0;1776780261466667;; 669.988220; 770.417847; 678.377319; 764.278076; 998.490356; 649.665710;-26.980679; 34.955662; 20.680231; 629.693604; 907.985962; 436.878326; 0.000000; 63.155209; 0.000000; 688.480469; 1214.338867; 446.599854; 84.665817; 84.369812; 165.342468; 1084.695190; 841.335205; 802.462891;-4.806822; 19.288424; 0.330780; 908.476196; 1041.376343; 779.815125; 0.000000; 171.360046; 0.000000; 731.422729; 1291.301270; 719.881042; 29.731728;-19.894945; 188.356247; 949.843445;-1.715103; 768.731750;-43.903610;-6.886456;-0.010301; 882.182739; 115.289246; 739.126465;-43.903610;-6.886456;-0.010301; 878.264343; 491.286682; 722.507935; 50.497131;-5.783891; 0.324062; 575.077698; 743.458008; 604.876526; 48.237988; 18.767120; 0.727953; 601.877869;-146.289719; 588.469482;-63.014580;-8.666969;-0.001872; 606.036621;-13.375702; 626.692871;-63.014580; 8.666969; 0.001872; 690.844177; 341.203888; 720.215881; 27.536879;-13.235385;-0.955191; 572.948425; 730.080200; 785.219482; 15.174492; 5.428926; 15.907727; 731.422729; 1291.301270; 719.881042; 52.953712; 96.227890; 25.337978; 684.412781; 1255.885254; 542.655396;-8.490018;-18.700844;-25.203703; 820.896423; 1055.440308; 664.655884; 0.000000;-0.000000; 0.000000; 996.685730;-64.722198; 786.084351; 0.000000;-0.000000; 0.000000; 691.926758; 1291.218750; 622.879089; 1.213153; 2.535881; 43.208706; 1152.091919; 800.345398; 823.703430; 0.000000; 0.000000; 0.000000; 608.090088;-222.518219; 563.653564; 0.000000; 0.000000; 0.000000; 518.292969; 833.687317; 701.579468; 0.000000;-0.000000; 0.000000; 545.564026; 948.549133; 699.638611;-8.875085; 7.166510; 0.260713; 547.257263; 1034.588867; 687.209595;-3.754323; 8.958879; 0.778681; 560.194946; 1132.813354; 656.740295;-4.595162; 7.166456; 0.130357; 610.325989; 1263.888062; 594.314636; 0.000000; 0.000002;-0.000000; 680.379578; 1310.646362; 564.726929;-8.291943;-25.191900;-1.869199; 737.616638; 1382.012329; 569.827576;-1.017592;-5.821217; 22.163656; 821.518921; 1543.737305; 589.986023; 0.000000;-0.000000; 0.000000; 883.634033; 1364.558105; 535.930054; 764.491516; 1442.964478; 487.817749; 798.331055; 1404.789062; 653.242310; 2.523519; 14.623336;-21.811201; 4.934949;-12.015678;-16.014420; 1.327709; 0.739427;
186;0;1776780261483333;; 673.387573; 769.227356; 684.121643; 775.006348; 990.168457; 638.456238;-26.134357; 36.526295; 20.050533; 621.516785; 913.633484; 433.113068; 0.000000; 62.486313; 0.000000; 697.052002; 1215.867920; 451.854828; 84.000259; 85.155136; 165.207016; 1032.702515; 767.865417; 783.645569;-3.949648; 17.951694; 0.855802; 893.967163; 996.448914; 774.448914; 0.000000; 170.843307; 0.000000; 761.680847; 1274.824463; 725.358643; 28.905270;-6.607667; 185.763794; 950.046814; 4.912727; 767.026306;-40.025566;-6.877912;-0.005392; 875.250122; 117.594910; 737.826111;-40.025566;-6.877912;-0.005392; 877.896851; 493.119202; 712.525818; 51.475147;-5.095284;-0.339992; 567.280945; 744.791870; 614.912903; 50.121826; 17.806494; 2.058734; 600.843506;-141.532288; 603.200928;-62.867943;-8.850677;-0.001044; 606.899841;-8.405090; 640.415649;-62.867943; 8.850677; 0.001044; 697.666382; 345.614716; 730.398865; 29.244160;-13.588318;-0.977859; 574.078979; 732.747925; 795.234314; 18.333836; 4.913598; 13.882853; 761.680847; 1274.824463; 725.358643; 48.902248; 97.868546; 30.492964; 702.736084; 1250.498657; 550.534668;-9.473093;-20.921227;-23.111010; 836.986023; 1042.224976; 649.513916; 0.000000;-0.000000; 0.000000; 1000.792725;-55.255363; 783.453735; 0.000000;-0.000000; 0.000000; 716.975708; 1283.092285; 631.006104; 1.951094; 4.056570; 44.302643; 1092.133057; 713.780945; 798.360107; 0.000000; 0.000000; 0.000000; 605.936829;-217.987457; 578.831482; 0.000000; 0.000000; 0.000000; 519.082764; 837.790039; 713.632507; 0.000000;-0.000000; 0.000000; 550.815369; 951.455383; 709.897949;-9.774237; 6.709301; 0.363293; 556.687500; 1037.355957; 697.781799;-4.295109; 8.387973; 1.085657; 574.490601; 1135.053711; 668.083191;-5.475399; 6.709198; 0.181646; 632.128906; 1263.168335; 605.993469; 0.000000;-0.000000; 0.000000; 703.649780; 1305.789062; 573.783020;-5.259544;-24.677786;-3.295864; 762.785339; 1375.717407; 576.649658;-0.227306;-6.053996; 20.841684; 849.164429; 1536.347778; 595.020508; 0.000000;-0.000000; 0.000000; 907.501343; 1356.725464; 538.291504; 787.903687; 1436.758423; 494.150574; 826.244141; 1397.367065; 658.303223; 3.836553; 14.770129;-19.628073; 5.940890;-13.370972;-15.689346; 1.291566; 0.748531;
187;0;1776780261500000;; 676.544739; 771.559387; 689.464661; 785.273560; 985.747559; 629.360474;-25.203470; 37.875381; 19.079071; 614.043945; 923.298218; 433.495728; 0.000000; 62.236671; 0.000000; 705.644714; 1220.705200; 457.178101; 83.070534; 85.831505; 165.342072; 988.477844; 720.662537; 764.424438;-3.388821; 16.895119; 1.260255; 881.262512; 965.705994; 770.834595; 0.000000; 169.031342; 0.000000; 788.894348; 1260.910400; 729.301880; 29.079182; 4.173964; 182.784103; 949.303406; 12.652512; 761.955872;-36.747837;-6.890188;-0.000605; 868.200378; 121.407104; 734.767456;-36.747837;-6.890188;-0.000605; 875.398926; 496.179688; 700.718811; 52.031303;-4.342120;-1.082688; 559.848328; 749.419556; 625.571838; 51.582462; 16.363113; 3.232028; 603.176880;-132.389008; 615.869263;-62.624886;-9.016242; 0.000107; 610.244568; 0.842102; 652.529663;-62.624886; 9.016242;-0.000107; 705.263306; 354.220978; 740.622925; 30.859987;-13.954798;-1.069267; 575.144104; 739.203491; 805.485168; 21.402971; 4.519819; 11.544345; 788.894348; 1260.910400; 729.301880; 46.258167; 98.777496; 35.001595; 720.168762; 1247.534546; 557.370667;-10.311187;-22.799017;-20.826773; 851.946838; 1032.502319; 635.864075; 0.000000;-0.000000; 0.000000; 1003.442688;-44.979649; 776.539368; 0.000000;-0.000000; 0.000000; 740.468323; 1276.830078; 637.809875; 2.361983; 4.889530; 45.131027; 1040.197510; 657.894775; 772.100525; 0.000000; 0.000000; 0.000000; 607.685608;-208.964478; 591.763794; 0.000000; 0.000000; 0.000000; 519.761169; 845.138916; 725.312195; 0.000000;-0.000000; 0.000000; 555.428528; 957.534058; 719.322449;-10.730400; 6.144399; 0.480068; 565.356873; 1043.052856; 707.151123;-4.849577; 7.682653; 1.435526; 588.069702; 1139.900391; 678.022339;-6.366030; 6.144237; 0.240032; 653.280579; 1264.464600; 616.200256; 0.000003;-0.000001; 0.000000; 726.099426; 1302.896973; 581.709045;-2.309287;-23.728212;-4.550560; 787.127686; 1371.238037; 582.210388; 0.501592;-6.133595; 19.249073; 876.188416; 1530.646973; 598.269958; 0.000000;-0.000000; 0.000000; 930.557617; 1350.190063; 540.262878; 811.029907; 1431.873657; 499.053711; 852.907227; 1392.037842; 662.231995; 5.080103; 15.172051;-16.782080; 7.244946;-14.208321;-15.565025; 1.244925; 0.759657;
188;0;1776780261516667;; 679.980225; 776.892273; 694.500977; 795.115845; 984.424500; 622.789917;-24.333813; 38.971527; 17.904249; 608.497437; 935.915222; 437.309723; 0.000000; 62.376259; 0.000000; 714.709106; 1228.277954; 462.717773; 81.316490; 86.253639; 165.564590; 955.207031; 692.424316; 744.707031;-3.080804; 16.089443; 1.499592; 872.791687; 945.859497; 768.388611; 0.000000; 166.458878; 0.000000; 812.778809; 1250.015503; 732.471436; 29.754572; 12.276431; 179.766235; 946.443848; 20.099869; 753.436401;-34.264954;-6.926605; 0.002947; 860.619690; 125.977997; 729.593140;-34.264954;-6.926605; 0.002947; 871.039795; 499.998505; 688.780762; 52.233894;-3.720931;-1.893909; 553.855591; 756.922058; 636.492065; 52.536572; 14.630624; 4.082126; 608.139404;-119.146118; 626.100098;-62.281464;-9.160561; 0.001506; 615.706543; 14.064331; 662.735901;-62.281464; 9.160561;-0.001506; 714.305542; 366.454224; 750.856384; 32.518639;-14.369117;-1.182868; 576.950745; 748.920837; 815.683838; 24.230053; 4.199104; 8.885024; 812.778809; 1250.015503; 732.471436; 44.910542; 99.198181; 38.647705; 736.807129; 1246.865723; 563.392883;-10.977640;-24.245522;-18.321802; 865.540894; 1025.785156; 624.590820; 0.000000;-0.000000; 0.000000; 1003.070984;-35.695774; 765.495361; 0.000000;-0.000000; 0.000000; 762.142822; 1272.608887; 643.618469; 2.508345; 5.176604; 45.681465; 1000.281799; 624.294434; 745.177246; 0.000000; 0.000000; 0.000000; 612.386963;-195.750336; 602.038513; 0.000000; 0.000000; 0.000000; 520.979309; 855.200989; 736.380493; 0.000000;-0.000000; 0.000000; 559.845703; 966.366821; 727.879333;-11.726663; 5.510985; 0.592000; 573.510010; 1051.315186; 715.339661;-5.397521; 6.891671; 1.771366; 600.964172; 1147.035645; 686.570618;-7.243539; 5.510765; 0.296000; 673.551636; 1267.564575; 624.971130; 0.000002; 0.000001; 0.000000; 747.549072; 1301.863770; 588.677612; 0.440010;-22.409904;-5.515744; 810.397705; 1368.508423; 586.742615; 1.140836;-6.053975; 17.519194; 902.247498; 1526.595947; 599.892151; 0.000000;-0.000000; 0.000000; 952.601440; 1344.921753; 542.060303; 833.555237; 1428.204834; 502.700378; 878.102478; 1388.799805; 665.275146; 5.974910; 15.842904;-13.806636; 8.875820;-14.489265;-15.640358; 1.189185; 0.775157;
189;0;1776780261533333;; 683.679260; 784.732056; 699.181213; 804.591003; 985.524048; 619.199402;-23.618763; 39.773987; 16.673990; 605.584229; 950.400146; 443.856567; 0.000000; 62.883045; 0.000000; 724.405518; 1237.938843; 468.462250; 77.640121; 86.400307; 165.828140; 932.907349; 677.540405; 725.334534;-2.995461; 15.494532; 1.534680; 868.991821; 934.025635; 766.718384; 0.000000; 163.600143; 0.000000; 833.375854; 1242.502197; 735.474915; 30.324305; 17.907579; 177.151764; 940.708435; 26.545662; 741.840820;-32.614132;-6.986911; 0.004840; 852.023926; 130.894257; 722.069702;-32.614132;-6.986911; 0.004840; 865.119385; 504.447662; 677.888550; 52.119812;-3.372951;-2.759084; 549.687561; 766.924561; 646.932190; 52.981358; 12.793962; 4.531229; 612.828125;-102.319611; 634.377319;-61.866924;-9.282957; 0.003069; 621.080933; 30.748199; 671.381592;-61.866924; 9.282957;-0.003069; 724.247253; 381.395569; 761.207642; 34.385033;-14.861901;-1.256057; 579.602234; 761.306091; 825.203552; 26.653463; 3.832038; 5.945936; 833.375854; 1242.502197; 735.474915; 44.636074; 99.285690; 41.408199; 752.695312; 1248.387939; 568.760864;-11.435737;-25.147055;-15.630337; 877.795715; 1021.693054; 616.648071; 0.000000;-0.000000; 0.000000; 998.798218;-28.273197; 751.096863; 0.000000;-0.000000; 0.000000; 781.850830; 1270.626709; 648.736816; 2.445204; 5.036811; 45.998352; 972.713867; 606.495972; 718.871521; 0.000000; 0.000000; 0.000000; 616.735840;-178.911621; 610.219482; 0.000000; 0.000000; 0.000000; 522.867920; 867.506592; 746.336731; 0.000000;-0.000000; 0.000000; 564.189697; 977.562256; 735.338379;-12.734502; 4.855521; 0.681550; 581.182495; 1061.822876; 722.239868;-5.921781; 6.072835; 2.040506; 613.081909; 1156.218994; 693.681213;-8.088436; 4.855265; 0.340775; 692.686401; 1272.380493; 632.360107; 0.000002;-0.000002;-0.000002; 767.807434; 1302.686523; 594.841492; 2.940825;-20.823872;-6.121173; 832.328857; 1367.595703; 590.485168; 1.688162;-5.833777; 15.811364; 926.892090; 1524.326782; 600.184509; 0.000000;-0.000000; 0.000000; 973.373169; 1341.185669; 543.754578; 855.028503; 1425.901733; 505.348999; 901.649658; 1387.729736; 667.636169; 6.324868; 16.769135;-11.169569; 10.881643;-14.299690;-15.880127; 1.132231; 0.797452;
190;0;1776780261550000;; 687.383667; 794.627258; 703.467224; 813.834290; 988.452026; 618.882446;-23.088108; 40.247364; 15.522978; 605.592773; 965.674072; 452.451874; 0.000000; 63.744640; 0.000000; 734.499695; 1249.059448; 474.320312; 69.330086; 86.336563; 166.177750; 920.450134; 672.057007; 708.011658;-3.109973; 15.044764; 1.352954; 869.378540; 928.228760; 765.892761; 0.000000; 160.834366; 0.000000; 850.928955; 1238.586304; 738.684570; 30.355352; 21.491299; 175.232758; 932.253967; 32.153442; 727.719727;-31.675215;-7.065797; 0.005297; 842.359192; 136.181946; 712.180664;-31.675215;-7.065797; 0.005297; 858.151733; 509.707367; 668.649902; 51.720833;-3.368016;-3.654490; 547.274109; 779.055481; 656.145447; 52.975834; 11.009419; 4.586925; 613.472046;-82.561111; 641.959106;-61.452866;-9.383541; 0.004799; 623.468506; 50.250702; 679.449890;-61.452866; 9.383541;-0.004799; 733.984558; 397.925323; 772.046509; 36.629253;-15.451755;-1.215959; 582.830017; 775.725952; 833.435669; 28.538282; 3.278684; 2.822393; 850.928955; 1238.586304; 738.684570; 45.120869; 99.080116; 43.411655; 767.733032; 1251.991577; 573.598999;-11.654281;-25.414761;-12.852036; 888.984497; 1019.893494; 612.757263; 0.000000;-0.000000; 0.000000; 990.923279;-22.441364; 734.241028; 0.000000;-0.000000; 0.000000; 799.486023; 1271.019165; 653.414185; 2.202395; 4.532235; 46.145752; 956.434570; 599.821655; 695.330383; 0.000000; 0.000000; 0.000000; 616.451416;-159.167480; 617.714600; 0.000000; 0.000000; 0.000000; 525.273132; 881.599426; 754.725403; 0.000000;-0.000000; 0.000000; 568.411621; 990.708069; 741.493286;-13.720358; 4.224004; 0.737570; 588.303467; 1074.234497; 727.787781;-6.410650; 5.283507; 2.209321; 624.266724; 1167.204346; 699.379211;-8.885069; 4.223740; 0.368787; 710.392578; 1278.857666; 638.497864; 0.000002;-0.000001; 0.000002; 786.614868; 1305.398193; 600.352905; 5.186296;-19.106485;-6.359785; 852.593018; 1368.628174; 593.715637; 2.156209;-5.513253; 14.276039; 949.587097; 1524.055054; 599.680603; 0.000000;-0.000000; 0.000000; 992.543152; 1339.411743; 545.392578; 874.918152; 1425.302490; 507.386902; 923.309998; 1388.879761; 669.557678; 6.047956; 17.933479;-9.193554; 13.322785;-13.760750;-16.252747; 1.086407; 0.827552;
191;0;1776780261566667;; 690.952271; 806.020935; 707.427551; 823.041016; 992.654358; 621.839600;-22.718870; 40.377415; 14.554845; 608.517273; 980.689819; 462.406464; 0.000000; 64.947433; 0.000000; 744.435547; 1261.064697; 480.256897; 48.099670; 86.208527; 166.669281; 916.513733; 673.095703; 694.514343;-3.400975; 14.645879; 0.984640; 873.381104; 927.210449; 766.262329; 0.000000; 158.431580; 0.000000; 865.843079; 1238.289429; 742.271912; 29.814518; 23.475014; 174.007996; 922.086060; 37.487724; 711.853333;-31.200499;-7.152027; 0.004801; 832.103210; 141.965546; 700.366699;-31.200499;-7.152027; 0.004801; 850.935852; 515.842712; 661.292480; 51.090923;-3.705431;-4.543417; 546.515808; 792.740234; 663.709839; 52.579853; 9.411854; 4.317756; 606.887756;-60.486008; 650.071350;-61.134464;-9.461085; 0.006666; 620.524414; 71.895294; 687.935547;-61.134464; 9.461085;-0.006666; 742.635254; 414.798309; 783.706360; 39.390816;-16.130739;-0.989896; 586.534912; 791.368652; 840.072388; 29.798422; 2.446932;-0.346033; 865.843079; 1238.289429; 742.271912; 46.023705; 98.566589; 44.890297; 781.694458; 1257.500977; 578.075012;-11.620535;-25.029795;-10.124969; 899.511719; 1020.068848; 613.219055; 0.000000;-0.000000; 0.000000; 980.752319;-17.349693; 715.894958; 0.000000;-0.000000; 0.000000; 814.981079; 1273.776733; 657.873901; 1.783929; 3.669809; 46.178604; 949.999512; 600.763672; 676.614258; 0.000000; 0.000000; 0.000000; 607.847534;-137.154358; 625.858704; 0.000000; 0.000000; 0.000000; 528.151978; 896.827209; 761.413330; 0.000000;-0.000000; 0.000000; 572.566956; 1005.187622; 746.378906;-14.647883; 3.654473; 0.755247; 594.898743; 1088.005371; 732.141846;-6.855047; 4.571265; 2.263147; 634.431763; 1179.566040; 703.900085;-9.618247; 3.654232; 0.377625; 726.385742; 1286.835815; 643.664551; 0.000000;-0.000001;-0.000002; 803.656799; 1309.974854; 605.414795; 7.181900;-17.414505;-6.289355; 870.804688; 1371.714111; 596.776123; 2.560903;-5.145769; 13.021235; 969.718628; 1526.023804; 599.119812; 0.000000;-0.000000; 0.000000; 1009.750488; 1340.075439; 547.098999; 892.671997; 1426.805664; 509.313110; 942.746460; 1392.245972; 671.380859; 5.186707; 19.349890;-8.025340; 16.245165;-12.995323;-16.779091; 1.062512; 0.860815;
192;0;1776780261583333;; 694.542114; 818.158691; 711.173401; 832.427124; 997.641296; 627.786987;-22.454765; 40.183273; 13.825445; 614.185730; 994.563049; 473.049469; 0.000000; 66.470627; 0.000000; 753.575378; 1273.483276; 486.334961;-0.704117; 86.210724; 167.322601; 919.927124; 678.576904; 685.828186;-3.842662; 14.193469; 0.498169; 880.702332; 930.133301; 768.067322; 0.000000; 156.550278; 0.000000; 878.653381; 1241.458496; 746.275085; 29.040216; 24.209513; 173.254410; 911.492737; 42.854958; 695.500183;-30.872917;-7.230377; 0.003783; 821.927734; 148.030731; 687.713623;-30.872917;-7.230377; 0.003783; 844.409058; 522.393188; 655.887024; 50.313560;-4.322950;-5.379347; 547.574890; 807.090088; 669.553162; 51.794491; 8.123542; 3.825472; 591.545044;-36.462372; 659.071289;-60.969090;-9.512033; 0.008494; 611.234070; 95.095490; 697.141418;-60.969090; 9.512033;-0.008494; 749.944336; 430.729675; 796.008606; 42.735962;-16.848139;-0.522553; 591.076172; 807.161804; 845.094421; 30.394299; 1.336321;-3.392427; 878.653381; 1241.458496; 746.275085; 47.054096; 97.755798; 46.106747; 794.346313; 1264.683105; 582.405762;-11.346356;-24.060406;-7.584492; 909.803711; 1021.906738; 617.903381; 0.000000;-0.000000; 0.000000; 969.908325;-12.365143; 697.388428; 0.000000;-0.000000; 0.000000; 828.355957; 1278.753052; 662.319153; 1.182802; 2.433557; 46.126328; 951.968079; 606.748535; 663.744324; 0.000000; 0.000000; 0.000000; 589.065491;-113.141991; 635.002747; 0.000000; 0.000000; 0.000000; 531.795593; 912.227417; 766.581238; 0.000000;-0.000000; 0.000000; 576.968994; 1020.087524; 750.263306;-15.477499; 3.172582; 0.733185; 601.202576; 1102.305542; 735.664612;-7.243994; 3.968325; 2.197654; 643.642700; 1192.629517; 707.660706;-10.268719; 3.172388; 0.366591; 740.459106; 1296.013428; 648.255249; 0.000003;-0.000001;-0.000002; 818.652283; 1316.321899; 610.272827; 8.921746;-15.894077;-6.012731; 886.605469; 1376.924927; 600.033325; 2.911781;-4.784982; 12.092762; 986.687134; 1530.495972; 599.290039; 0.000000;-0.000000; 0.000000; 1024.706909; 1343.623169; 549.104492; 907.833679; 1430.769043; 511.640991; 959.586426; 1397.825562; 673.517944; 3.894455; 21.073090;-7.646704; 19.637903;-12.141525;-17.535439; 1.063026; 0.884124;
193;0;1776780261600000;; 698.573120; 830.174683; 714.776367; 842.183044; 1003.010742; 636.267273;-22.232109; 39.728634; 13.331893; 622.348511; 1006.726013; 483.815735; 0.000000; 68.286606; 0.000000; 761.457703; 1285.962158; 492.661530;-41.078091; 86.515884; 168.118439; 929.626343; 687.167297; 681.897339;-4.410538; 13.598215;-0.024380; 891.179382; 936.411560; 771.237061; 0.000000; 155.250046; 0.000000; 889.912415; 1247.824951; 750.681519; 28.497561; 23.947495; 172.717743; 901.621094; 48.035759; 680.415710;-30.376335;-7.286217; 0.002311; 812.422485; 153.709930; 675.827942;-30.376335;-7.286217; 0.002311; 839.427612; 528.397583; 652.472961; 49.479259;-5.113324;-6.116810; 550.873230; 821.025574; 673.800964; 50.557198; 7.236943; 3.221237; 568.366577;-10.640274; 668.439941;-60.889641;-9.531004; 0.009492; 596.328491; 119.379242; 706.617432;-60.889641; 9.531004;-0.009492; 756.318054; 444.596649; 808.119019; 46.611919;-17.501440; 0.200397; 597.138794; 821.916565; 848.631897; 30.326092; 0.042266;-6.140550; 889.912415; 1247.824951; 750.681519; 48.007599; 96.726044; 47.270222; 805.562805; 1273.286499; 586.807068;-10.867962;-22.645763;-5.327104; 920.215210; 1025.060791; 626.346985; 0.000000;-0.000000; 0.000000; 959.832947;-7.431087; 680.524963; 0.000000;-0.000000; 0.000000; 839.742371; 1285.720947; 666.918945; 0.404558; 0.832938; 45.989357; 960.947632; 616.120239; 656.501953; 0.000000; 0.000000; 0.000000; 561.104309;-87.071091; 644.548645; 0.000000; 0.000000; 0.000000; 536.739563; 926.660217; 770.542175; 0.000000;-0.000000; 0.000000; 582.101196; 1034.328247; 753.494019;-16.171841; 2.791690; 0.671769; 607.584473; 1116.145020; 738.769409;-7.564899; 3.491531; 2.013955; 652.080811; 1205.581543; 711.110779;-10.814604; 2.791545; 0.335884; 752.525330; 1306.010864; 652.668396;-0.000002; 0.000001; 0.000000; 831.444824; 1324.299194; 615.164856; 10.382415;-14.647187;-5.645571; 899.765930; 1384.285156; 603.801880; 3.208938;-4.472419; 11.474292; 1000.043457; 1537.701172; 600.821106; 0.000000;-0.000000; 0.000000; 1037.289551; 1350.385864; 551.716736; 920.154907; 1437.403687; 514.775208; 973.528931; 1405.656372; 676.364441; 2.394737; 23.150095;-7.909417; 23.386543;-11.360168;-18.568573; 1.080083; 0.884027;
194;0;1776780261616667;; 703.548767; 841.297729; 718.287537; 852.433472; 1008.422668; 646.742432;-22.005049; 39.127605; 13.018456; 632.703796; 1016.992798; 494.335358; 0.000000; 70.359123; 0.000000; 767.941895; 1298.219116; 499.327026;-59.249657; 87.210167; 169.007874; 944.372498; 698.098267; 682.132812;-5.076838; 12.801747;-0.511588; 904.409973; 945.608276; 775.536682; 0.000000; 154.528519; 0.000000; 900.036133; 1257.028320; 755.513245; 28.518400; 22.905931; 172.247208; 893.403381; 52.507027; 668.347229;-29.452965;-7.309904; 0.000069; 804.060974; 158.139465; 666.302185;-29.452965;-7.309904; 0.000069; 836.576050; 532.807251; 651.058105; 48.644730;-5.952291;-6.723832; 556.869629; 833.567993; 676.689148; 48.795822; 6.773297; 2.603092; 541.006287; 16.504593; 677.659668;-60.653500;-9.511586; 0.007788; 578.313843; 144.155365; 715.842041;-60.653500; 9.511586;-0.007788; 762.611816; 455.711243; 818.957458; 50.813824;-17.947605; 1.129408; 605.352356; 834.654114; 850.917114; 29.640461;-1.279962;-8.429968; 900.036133; 1257.028320; 755.513245; 48.752941; 95.610069; 48.480785; 815.373657; 1283.038452; 591.463257;-10.241648;-20.961870;-3.392782; 930.963074; 1029.094482; 637.831055; 0.000000;-0.000000; 0.000000; 951.696350;-2.860760; 667.104492; 0.000000;-0.000000; 0.000000; 849.365723; 1294.395874; 671.814453;-0.511451;-1.054506; 45.748684; 975.379333; 627.907959; 654.105408; 0.000000; 0.000000; 0.000000; 528.265320;-59.264847; 653.955933; 0.000000; 0.000000; 0.000000; 543.491882; 939.130188; 773.616760; 0.000000;-0.000000; 0.000000; 588.405945; 1046.957031; 756.388489;-16.704229; 2.516282; 0.575147; 614.392761; 1128.640503; 741.804688;-7.808177; 3.146619; 1.724497; 659.958618; 1217.681885; 714.616760;-11.239264; 2.516187; 0.287574; 762.633728; 1316.445190; 657.220886;-0.000002;-0.000000; 0.000002; 842.050720; 1333.712646; 620.287842; 11.548894;-13.711312;-5.287787; 910.242310; 1393.723022; 608.293579; 3.449688;-4.230617; 11.103407; 1009.561157; 1547.731812; 604.048035; 0.000000;-0.000000; 0.000000; 1047.564697; 1360.486084; 555.259460; 929.623840; 1446.673706; 518.942505; 984.429749; 1415.775635; 680.216736; 0.912788; 25.521580;-8.580276; 27.240091;-10.797836;-19.763634; 1.100404; 0.859497;
195;0;1776780261633333;; 709.851868; 851.010864; 721.818115; 863.240295; 1013.557556; 658.605225;-21.754093; 38.533726; 12.799483; 644.920898; 1025.502808; 504.409149; 0.000000; 72.639183; 0.000000; 773.229004; 1309.994751; 506.365723;-71.101074; 88.270821; 169.919678; 962.663269; 710.819275; 686.075684;-5.791625; 11.783672;-0.912133; 919.595459; 957.306641; 780.794556; 0.000000; 154.374298; 0.000000; 909.218018; 1268.590698; 760.868774; 29.179483; 21.298298; 171.820190; 887.535034; 55.815857; 660.416504;-27.938747;-7.298406;-0.003299; 797.194763; 160.615875; 660.158081;-27.938747;-7.298406;-0.003299; 836.036621; 534.893311; 651.596924; 47.804413;-6.730427;-7.188740; 565.817932; 844.093811; 678.552612; 46.489895; 6.655689; 2.039762; 514.946167; 43.382057; 687.017090;-59.894833;-9.446458; 0.000857; 560.805237; 168.302246; 724.916443;-59.894833; 9.446458;-0.000857; 769.745544; 463.959869; 827.853943; 54.997669;-18.042646; 2.147484; 615.950378; 844.877686; 852.314697; 28.440834;-2.473123;-10.150998; 909.218018; 1268.590698; 760.868774; 49.222942; 94.553383; 49.723625; 823.954346; 1293.610229; 596.520020;-9.538253;-19.191547;-1.769561; 942.141663; 1033.471069; 651.417847; 0.000000;-0.000000; 0.000000; 946.368408; 1.050259; 658.278809; 0.000000;-0.000000; 0.000000; 857.510132; 1304.416016; 677.130188;-1.487919;-3.074746; 45.384556; 993.498291; 641.387939; 656.040161; 0.000000; 0.000000; 0.000000; 497.134827;-31.454971; 663.620911; 0.000000; 0.000000; 0.000000; 552.299805; 949.071289; 776.093872; 0.000000;-0.000000; 0.000000; 596.128967; 1057.394775; 759.190308;-17.060104; 2.345213; 0.455063; 621.853271; 1139.230957; 745.002563;-7.969876; 2.932257; 1.364546; 667.475342; 1228.423218; 718.409668;-11.536786; 2.345161; 0.227529; 770.976807; 1326.958252; 662.116272;-0.000002; 0.000001; 0.000002; 850.662720; 1344.274780; 625.790405; 12.450955;-13.060774;-5.007369; 918.176880; 1405.010254; 613.615173; 3.638440;-4.063135; 10.893818; 1015.220154; 1560.452759; 609.014648; 0.000000;-0.000000; 0.000000; 1055.753174; 1373.793701; 560.014465; 936.421021; 1458.260498; 524.202637; 992.325989; 1428.125000; 685.243774;-0.389165; 27.942394;-9.395257; 30.817520;-10.532158;-20.796738; 1.112670; 0.820602;
196;0;1776780261650000;; 717.604004; 859.110596; 725.531860; 874.639893; 1018.112915; 671.161682;-21.473806; 38.109768; 12.582173; 658.696289; 1032.603760; 513.869324; 0.000000; 75.069145; 0.000000; 777.803650; 1321.075317; 513.703186;-84.395233; 89.579330; 170.769775; 983.014587; 724.792786; 693.601257;-6.471182; 10.559655;-1.192881; 935.743103; 971.031677; 786.951660; 0.000000; 154.794510; 0.000000; 917.451599; 1281.942139; 766.888000; 30.338366; 19.310633; 171.508499; 884.398193; 57.823753; 656.852356;-25.784630;-7.254361;-0.007707; 792.024963; 160.833771; 657.620056;-25.784630;-7.254361;-0.007707; 837.581055; 534.433594; 653.962219; 46.894539;-7.372129;-7.519181; 577.653625; 852.428528; 679.781311; 43.698654; 6.726381; 1.571506; 495.287842; 67.303780; 697.367676;-58.280312;-9.327974;-0.012597; 547.074707; 190.133514; 734.454590;-58.280312; 9.327974; 0.012597; 778.227844; 469.699768; 834.836487; 58.765820;-17.694365; 3.103720; 628.667603; 852.637024; 853.288208; 26.869484;-3.415462;-11.271642; 917.451599; 1281.942139; 766.888000; 49.430874; 93.686203; 50.913216; 831.586670; 1304.637207; 602.057495;-8.837636;-17.509315;-0.418043; 953.806091; 1037.603394; 666.016541; 0.000000;-0.000000; 0.000000; 944.318115; 4.269047; 654.263672; 0.000000;-0.000000; 0.000000; 864.477539; 1315.372437; 682.950684;-2.428984;-5.035023; 44.894119; 1013.663757; 655.841064; 662.297485; 0.000000; 0.000000; 0.000000; 473.935516;-6.786087; 674.564697; 0.000000; 0.000000; 0.000000; 563.078125; 956.445984; 778.194824; 0.000000;-0.000000; 0.000000; 605.287292; 1065.522461; 762.026428;-17.231117; 2.272364; 0.329873; 630.053894; 1147.754639; 748.436890;-8.049514; 2.840830; 0.989183; 674.808716; 1237.590454; 722.546143;-11.709247; 2.272331; 0.164933; 777.864136; 1337.246094; 667.419006; 0.000000;-0.000001;-0.000002; 857.608887; 1355.624268; 631.749878; 13.163548;-12.627722;-4.835658; 923.860352; 1417.772705; 619.770203; 3.788345;-3.959241; 10.757243; 1017.181824; 1575.488037; 615.541199; 0.000000;-0.000000; 0.000000; 1062.166016; 1389.947510; 566.178711; 940.876282; 1471.626587; 530.477112; 997.404053; 1442.495850; 691.485718;-1.432312; 30.015509;-10.112699; 33.674034;-10.544281;-21.268036; 1.111794; 0.778177;
197;0;1776780261666667;; 726.669495; 865.695068; 729.563538; 886.659912; 1021.860291; 683.681824;-21.156124; 37.989521; 12.276703; 673.781372; 1038.754517; 522.499390; 0.000000; 77.594673; 0.000000; 782.321899; 1331.362549; 521.106506; 250.179840; 90.945076; 171.477020; 1004.423584; 739.630798; 704.698059;-7.011302; 9.169117;-1.332786; 952.044922; 986.339355; 793.994385; 0.000000; 155.791397; 0.000000; 924.614502; 1296.560913; 773.681519; 31.755329; 17.052317; 171.431488; 884.085266; 58.730667; 657.128479;-23.065311;-7.183969;-0.012462; 788.673950; 158.929962; 658.243774;-23.065311;-7.183969;-0.012462; 840.742798; 531.695679; 657.901367; 45.823792;-7.835052;-7.735674; 592.058105; 858.778625; 680.755371; 40.546009; 6.792080; 1.225721; 484.794312; 85.748383; 709.370178;-55.680851;-9.150976;-0.030362; 538.828491; 208.042572; 744.991882;-55.680851; 9.150976; 0.030362; 787.952454; 473.545959; 840.442200; 61.794731;-16.891193; 3.869504; 642.906067; 858.408081; 854.310730; 25.064798;-4.023486;-11.835916; 924.614502; 1296.560913; 773.681519; 49.483341; 93.112862; 51.961849; 838.601562; 1315.817749; 608.056274;-8.220782;-16.073084; 0.692500; 966.026978; 1040.953735; 680.528564; 0.000000;-0.000000; 0.000000; 945.610962; 7.031837; 654.477783; 0.000000;-0.000000; 0.000000; 870.540955; 1326.921997; 689.280273;-3.252163;-6.766476; 44.295746; 1034.854736; 670.739014; 673.051453; 0.000000; 0.000000; 0.000000; 462.104156; 11.761406; 687.546082; 0.000000; 0.000000; 0.000000; 575.502319; 961.653992; 780.052246; 0.000000;-0.000000; 0.000000; 615.730530; 1071.619385; 764.886169;-17.212635; 2.285180; 0.217472; 638.976562; 1154.408081; 752.008240;-8.047548; 2.856639; 0.652119; 682.106262; 1245.253052; 726.892029;-11.760824; 2.285167; 0.108735; 783.653503; 1347.125977; 673.033813; 0.000000;-0.000000; 0.000000; 863.275024; 1367.427002; 638.140381; 13.761968;-12.335538;-4.772376; 927.676025; 1431.581543; 626.655518; 3.912579;-3.901477; 10.624608; 1015.806580; 1592.275635; 623.286438; 0.000000;-0.000000; 0.000000; 1067.135742; 1408.410156; 573.846130; 943.451355; 1486.149292; 537.568359; 999.941895; 1458.549438; 698.859436;-2.198557; 31.333866;-10.545217; 35.416817;-10.727837;-20.907745; 1.098801; 0.738738;
198;0;1776780261683333;; 736.783508; 871.078308; 733.949097; 899.292358; 1024.689697; 695.516663;-20.784685; 38.242348; 11.806200; 689.930298; 1044.417725; 530.105591; 0.000000; 80.172462; 0.000000; 787.456909; 1340.875732; 528.184692; 187.736633; 92.130478; 171.982819; 1026.722046; 755.344482; 719.267822;-7.312753; 7.661638;-1.316190; 968.177979; 1002.972717; 801.943848; 0.000000; 157.318222; 0.000000; 930.525818; 1312.096069; 781.267029; 33.215652; 14.512399; 171.699051; 886.516357; 58.911880; 660.330200;-19.961752;-7.094226;-0.016808; 787.298157; 155.345184; 661.245850;-19.961752;-7.094226;-0.016808; 845.062805; 527.266846; 663.007263; 44.511288;-8.095156;-7.861846; 608.606812; 863.549744; 681.770081; 37.178398; 6.671747; 1.036865; 483.667969; 97.650558; 723.157593;-52.244450;-8.917723;-0.046437; 536.183105; 221.196655; 756.668640;-52.244450; 8.917723; 0.046437; 798.441589; 476.186584; 845.360413; 63.922592;-15.684847; 4.372798; 657.991272; 862.858948; 855.746582; 23.135223;-4.249978;-11.934603; 930.525818; 1312.096069; 781.267029; 49.546047; 92.879730; 52.837509; 845.297058; 1326.979248; 614.386230;-7.756078;-15.008393; 1.550028; 978.864685; 1043.119507; 694.024658; 0.000000;-0.000000; 0.000000; 950.030518; 9.663845; 657.924988; 0.000000;-0.000000; 0.000000; 875.880737; 1338.860596; 696.020996;-3.915559;-8.179749; 43.618259; 1057.021484; 686.068604; 688.341492; 0.000000; 0.000000; 0.000000; 461.915131; 22.992622; 702.707336; 0.000000; 0.000000; 0.000000; 589.154907; 965.304688; 781.694336; 0.000000;-0.000000; 0.000000; 627.213928; 1076.184570; 767.627747;-17.007502; 2.363928; 0.128031; 648.520020; 1159.600952; 755.464600;-7.965451; 2.954970; 0.383909; 689.449402; 1251.672241; 731.144531;-11.695106; 2.363924; 0.064016; 788.651611; 1356.556152; 678.714172; 0.000002;-0.000000; 0.000002; 868.002075; 1379.447388; 644.820679; 14.273227;-12.133399;-4.798234; 930.022339; 1446.030273; 634.077759; 4.014785;-3.874565; 10.465317; 1011.654480; 1610.140259; 631.834900; 0.000000;-0.000000; 0.000000; 1070.949951; 1428.519653; 583.013611; 944.702209; 1501.246094; 545.202881; 1000.237549; 1475.835327; 707.183960;-2.689117; 31.610556;-10.565016; 35.805504;-10.920509;-19.671860; 1.078382; 0.705117;
199;0;1776780261700000;; 747.676819; 875.638428; 738.583374; 912.463013; 1026.589600; 706.198425;-20.340178; 38.844585; 11.133914; 706.838562; 1049.936401; 536.622559; 0.000000; 82.771805; 0.000000; 793.736694; 1349.680542; 534.474976; 139.231232; 92.893944; 172.264832; 1050.759033; 772.493652; 737.095764;-7.306345; 6.091041;-1.129304; 984.420532; 1020.954224; 810.913147; 0.000000; 159.247467; 0.000000; 934.935486; 1328.357788; 789.541321; 34.601833; 11.533419; 172.349091; 891.571533; 58.714981; 665.503296;-16.717716;-6.990089;-0.020304; 788.145630; 150.624969; 665.809448;-16.717716;-6.990089;-0.020304; 850.268188; 521.836426; 668.714417; 42.915672;-8.128751;-7.913978; 626.874390; 867.151978; 682.927429; 33.724689; 6.241107; 1.059557; 490.667694; 103.448517; 738.493286;-48.321495;-8.641347;-0.054183; 538.491516; 229.580673; 769.283264;-48.321495; 8.641347; 0.054183; 809.242310; 478.229095; 850.113831; 65.146904;-14.144171; 4.588096; 673.327148; 866.583374; 857.709961; 21.161116;-4.096523;-11.665684; 934.935486; 1328.357788; 789.541321; 49.772507; 92.913033; 53.582020; 851.828857; 1338.063354; 620.844238;-7.483801;-14.389334; 2.077272; 992.305298; 1043.873901; 705.889404; 0.000000;-0.000000; 0.000000; 957.254272; 12.376789; 663.564209; 0.000000;-0.000000; 0.000000; 880.507507; 1351.086304; 702.994690;-4.428326;-9.289338; 42.885971; 1081.264526; 702.527771; 707.978333; 0.000000; 0.000000; 0.000000; 471.762085; 27.567238; 719.789917; 0.000000; 0.000000; 0.000000; 603.613586; 967.954651; 783.002686; 0.000000;-0.000000; 0.000000; 639.427429; 1079.708130; 769.993286;-16.630625; 2.484533; 0.062555; 658.490234; 1163.753418; 758.452209;-7.807453; 3.105680; 0.187562; 696.799622; 1257.143799; 734.906006;-11.516100; 2.484531; 0.031276; 793.009216; 1365.570068; 684.130920;-0.000003;-0.000000; 0.000001; 871.972961; 1391.535400; 651.576294; 14.659005;-12.012239;-4.881886; 931.205872; 1460.755005; 641.813721; 4.086107;-3.870542; 10.300406; 1005.398499; 1628.371826; 640.825623; 0.000000;-0.000000; 0.000000; 1073.762939; 1449.543335; 593.579590; 945.144409; 1516.461670; 553.125977; 998.546143; 1493.785889; 716.226624;-2.893741; 30.704498;-10.097146; 34.765160;-10.944679;-17.688606; 1.056255; 0.678486;
200;0;1776780261716667;; 759.081360; 879.712219; 743.261230; 926.029114; 1027.573242; 715.451050;-19.812902; 39.661930; 10.300582; 724.124084; 1055.502197; 542.139709; 0.000000; 85.377197; 0.000000; 801.423828; 1357.861206; 539.642090; 118.873856; 93.050598; 172.327393; 1078.309082; 792.261536; 757.903809;-6.975479; 4.515565;-0.765723; 1001.543640; 1040.629639; 821.171631; 0.000000; 161.366379; 0.000000; 937.501465; 1345.226685; 798.331055; 35.908085; 7.833837; 173.302307; 898.908447; 58.341629; 671.786560;-13.591310;-6.872676;-0.022739; 791.291809; 145.306061; 671.221069;-13.591310;-6.872676;-0.022739; 856.171509; 516.043701; 674.354614; 41.046597;-7.907916;-7.893579; 646.394043; 869.946533; 684.144531; 30.274845; 5.462099; 1.362764; 504.294952; 104.252686; 755.087280;-44.306355;-8.344870;-0.050072; 545.085938; 233.591003; 782.512939;-44.306355; 8.344870; 0.050072; 820.124695; 480.131012; 854.882080; 65.557350;-12.317091; 4.506113; 688.393555; 869.964111; 860.051147; 19.216923;-3.624286;-11.105286; 937.501465; 1345.226685; 798.331055; 50.251705; 92.983513; 54.280243; 858.110535; 1349.105957; 627.273560;-7.408512;-14.232869; 2.125779; 1006.220703; 1043.154053; 715.877075; 0.000000;-0.000000; 0.000000; 966.717834; 15.152763; 670.439697; 0.000000;-0.000000; 0.000000; 884.217957; 1363.541016; 710.043091;-4.837926;-10.190658; 42.113735; 1109.741455; 721.605713; 731.571411; 0.000000; 0.000000; 0.000000; 489.625061; 26.952515; 738.513672; 0.000000; 0.000000; 0.000000; 618.444397; 969.995911; 783.775024; 0.000000;-0.000000; 0.000000; 651.986816; 1082.558838; 771.724487;-16.107460; 2.623694; 0.016184; 668.586731; 1167.189575; 760.666809;-7.580325; 3.279619; 0.048522; 703.970581; 1261.908569; 737.861023;-11.228190; 2.623696; 0.008095; 796.661621; 1374.225708; 689.036011;-0.000002; 0.000001; 0.000000; 875.136353; 1403.600830; 658.244995; 14.825310;-11.993123;-4.974417; 931.357300; 1475.445801; 649.718689; 4.106860;-3.886244; 10.200443; 997.723572; 1646.315063; 650.074097; 0.000000;-0.000000; 0.000000; 1075.518555; 1470.725342; 605.333984; 945.072021; 1531.514404; 561.224365; 995.085754; 1511.746704; 725.771057;-2.797434; 28.572336;-9.117188; 32.324310;-10.637901;-15.144836; 1.037104; 0.659849;
201;0;1776780261733333;; 770.689514; 883.609558; 747.822571; 939.794189; 1027.596191; 723.122314;-19.218365; 40.457424; 9.445062; 741.364685; 1061.230835; 546.835876; 0.000000; 87.984268; 0.000000; 810.538757; 1365.545654; 543.695374; 106.202728; 92.508354; 172.173065; 1111.041870; 816.277649; 781.456238;-6.363842; 2.995685;-0.238630; 1020.238281; 1062.580200; 833.149902; 0.000000; 163.416656; 0.000000; 937.873169; 1362.513794; 807.493469; 37.199593; 3.148386; 174.366745; 907.702026; 57.866188; 678.387878;-10.821848;-6.739254;-0.023689; 796.314209; 139.932983; 676.882874;-10.821848;-6.739254;-0.023689; 862.451477; 510.453583; 679.320312; 38.957455;-7.416204;-7.786661; 666.582947; 872.322327; 685.335022; 26.880781; 4.380377; 2.004905; 523.587402; 101.171509; 772.819519;-40.510651;-8.055949;-0.035429; 555.709473; 233.719574; 796.135742;-40.510651; 8.055949; 0.035429; 831.137695; 482.275940; 859.575317; 65.263496;-10.227633; 4.117500; 702.708984; 873.232361; 862.538818; 17.399960;-2.942409;-10.305041; 937.873169; 1362.513794; 807.493469; 50.989681; 92.778267; 55.006485; 863.834839; 1360.218018; 633.697876;-7.503099;-14.509911; 1.490056; 1020.373169; 1041.004517; 724.060608; 0.000000;-0.000000; 0.000000; 977.393127; 17.768883; 677.639954; 0.000000;-0.000000; 0.000000; 886.680420; 1376.174927; 717.149780;-5.195682;-10.988297; 41.326813; 1144.514526; 745.331116; 758.656921; 0.000000; 0.000000; 0.000000; 514.097046; 22.566544; 758.805298; 0.000000; 0.000000; 0.000000; 633.183289; 971.734131; 783.920288; 0.000000;-0.000000; 0.000000; 664.449280; 1085.041748; 772.760559;-15.472213; 2.762579;-0.016494; 678.440002; 1170.188232; 762.058533;-7.294329; 3.453225;-0.049450; 710.684631; 1266.191772; 739.981323;-10.839389; 2.762581;-0.008247; 799.400879; 1382.610962; 693.433960; 0.000000; 0.000001;-0.000001; 877.270508; 1415.605469; 664.851562; 14.665750;-12.095584;-5.006954; 930.468811; 1489.873413; 657.822327; 4.054862;-3.916216; 10.257210; 989.274048; 1663.481079; 659.629822; 0.000000;-0.000000; 0.000000; 1076.022583; 1491.358154; 617.989685; 944.499451; 1546.285400; 569.596130; 990.130920; 1529.099487; 735.699036;-2.410865; 25.241180;-7.658014; 28.571636;-9.873344;-12.209869; 1.023560; 0.650787;
202;0;1776780261750000;; 782.186951; 887.610718; 752.274536; 953.551025; 1026.507324; 729.124390;-18.604818; 40.939384; 8.785638; 758.206177; 1067.205811; 550.892822; 0.000000; 90.577835; 0.000000; 821.061707; 1372.880615; 547.076965; 96.144493; 91.251511; 171.782013; 1148.837036; 845.947510; 807.445129;-5.561486; 1.585060; 0.411571; 1040.309082; 1087.234985; 847.251404; 0.000000; 165.158279; 0.000000; 935.928711; 1379.794922; 816.987915; 38.530174;-2.562206; 175.319962; 916.773621; 57.280716; 684.550659;-8.615198;-6.584898;-0.022444; 802.363098; 135.059387; 682.276794;-8.615198;-6.584898;-0.022444; 868.647400; 505.560516; 683.237671; 36.728149;-6.669818;-7.570595; 686.799255; 874.707825; 686.582642; 23.575682; 3.095793; 3.006925; 548.225464; 95.199615; 791.738647;-37.126404;-7.800104;-0.015120; 570.515259; 230.514008; 810.113831;-37.126404; 7.800104; 0.015120; 842.524902; 484.997101; 864.101746; 64.356216;-7.905744; 3.419517; 715.891479; 876.548767; 865.068909; 15.825593;-2.177609;-9.314812; 935.928711; 1379.794922; 816.987915; 51.921093; 92.076157; 55.778648; 868.680786; 1371.494995; 640.349731;-7.721125;-15.161430;-0.053658; 1034.485229; 1037.495239; 730.722778; 0.000000;-0.000000; 0.000000; 987.947449; 19.871941; 684.270203; 0.000000;-0.000000; 0.000000; 887.672913; 1388.885864; 724.478271;-5.517111;-11.710225; 40.592926; 1185.606934; 775.469238; 788.619080; 0.000000; 0.000000; 0.000000; 544.559509; 15.631569; 780.752563; 0.000000; 0.000000; 0.000000; 647.413452; 973.461365; 783.607300; 0.000000;-0.000000; 0.000000; 676.423584; 1087.451782; 773.345581;-14.765474; 2.888161;-0.038037; 687.743164; 1173.028076; 762.917419;-6.964860; 3.610208;-0.114031; 716.732910; 1270.231812; 741.590637;-10.367068; 2.888162;-0.019020; 801.090881; 1390.817505; 697.619446; 0.000002;-0.000001; 0.000000; 878.210999; 1427.511719; 671.633179; 14.129518;-12.303501;-4.905332; 928.564026; 1503.876221; 666.319031; 3.919099;-3.946810; 10.535661; 980.623901; 1679.601196; 669.699524; 0.000000;-0.000000; 0.000000; 1075.178589; 1510.880859; 631.249695; 943.309143; 1560.717529; 578.485840; 984.114258; 1545.405762; 746.021606;-1.795151; 20.873585;-5.816622; 23.712582;-8.582985;-9.032211; 1.016827; 0.653409;
203;0;1776780261766667;; 793.378723; 891.860229; 756.810913; 967.131592; 1024.074341; 733.447693;-18.039942; 40.843361; 8.559052; 774.480774; 1073.448120; 554.477295; 0.000000; 93.114113; 0.000000; 833.089844; 1379.964722; 550.603271; 87.257591; 89.310455; 171.111237; 1189.498535; 881.683899; 835.132690;-4.679646; 0.320633; 1.123407; 1060.641235; 1114.426392; 863.579590; 0.000000; 166.400299; 0.000000; 931.993408; 1396.394043; 826.885254; 39.878147;-9.056576; 176.010254; 925.084473; 56.459984; 689.676086;-7.131982;-6.405083;-0.018420; 808.616638; 131.110382; 687.024597;-7.131982;-6.405083;-0.018420; 874.419556; 501.697205; 686.050049; 34.449997;-5.720042;-7.225695; 706.549438; 877.416260; 688.169128; 20.393476; 1.727561; 4.341957; 577.937866; 87.361145; 811.971680;-34.255562;-7.595934; 0.005202; 589.631714; 224.652435; 824.573975;-34.255562; 7.595934;-0.005202; 854.496887; 488.416199; 868.627563; 62.902321;-5.419340; 2.430503; 727.831299; 879.957642; 867.745789; 14.572849;-1.446111;-8.205549; 931.993408; 1396.394043; 826.885254; 52.951462; 90.861122; 56.534752; 872.540649; 1382.900146; 647.579224;-8.013069;-16.108320;-2.679116; 1048.323486; 1032.653198; 736.261780; 0.000000;-0.000000; 0.000000; 997.252197; 21.005489; 689.610962; 0.000000;-0.000000; 0.000000; 887.289185; 1401.462280; 732.306396;-5.771163;-12.282963; 40.021347; 1230.614258; 812.661743; 820.331299; 0.000000; 0.000000; 0.000000; 580.492249; 7.345360; 804.478027; 0.000000; 0.000000; 0.000000; 660.940674; 975.374146; 783.255432; 0.000000;-0.000000; 0.000000; 687.753357; 1089.984619; 773.969299;-14.024045; 2.993468;-0.048367; 696.425903; 1175.899048; 763.786316;-6.609041; 3.741845;-0.144990; 722.141052; 1274.189697; 743.256348;-9.835323; 2.993468;-0.024184; 801.845947; 1398.855225; 702.070190;-0.000002; 0.000001;-0.000001; 878.044250; 1439.208984; 678.947449; 13.252539;-12.550453;-4.612743; 925.834045; 1517.306030; 675.455627; 3.705599;-3.955124; 11.035384; 972.231628; 1694.572021; 680.451111; 0.000000;-0.000000; 0.000000; 1073.154175; 1528.941772; 644.859070; 941.449951; 1574.682495; 588.122192; 977.608826; 1560.464233; 756.817627;-1.047545; 15.856545;-3.737431; 18.164829;-6.782104;-5.761887; 1.018190; 0.669606;
204;0;1776780261783333;; 804.278931; 896.308777; 761.705322; 980.444092; 1020.127869; 736.195068;-17.575123; 40.019390; 8.939844; 790.276245; 1079.936768; 557.752991; 0.000000; 95.540909; 0.000000; 846.749756; 1386.868408; 555.260864; 79.161514; 86.759239; 170.105377; 1230.375366; 922.899475; 863.334106;-3.823365;-0.780504; 1.832326; 1080.052246; 1143.445190; 881.909668; 0.000000; 166.988815; 0.000000; 926.791016; 1411.628784; 837.288879; 41.143753;-15.983184; 176.374237; 932.098572; 55.168762; 693.490540;-6.463326;-6.197728;-0.011899; 814.639221; 128.254303; 690.987732;-6.463326;-6.197728;-0.011899; 879.764404; 498.949738; 687.955933; 32.215218;-4.636078;-6.745137; 725.649780; 880.515259; 690.427429; 17.374481; 0.388785; 5.943395; 611.822449; 78.715469; 833.600891;-31.948641;-7.454165; 0.021080; 612.671448; 216.942169; 839.693665;-31.948641; 7.454165;-0.021080; 867.010193; 492.312225; 873.586365; 60.950779;-2.881871; 1.197372; 738.792786; 883.339172; 870.778198; 13.635126;-0.843579;-7.069948; 926.791016; 1411.628784; 837.288879; 53.993675; 89.252777; 57.142403; 875.575195; 1394.262939; 655.678589;-8.339719;-17.250160;-6.427497; 1061.741333; 1026.473511; 741.107056; 0.000000;-0.000000; 0.000000; 1004.739990; 20.695526; 693.318909; 0.000000;-0.000000; 0.000000; 885.929199; 1413.630615; 740.875122;-5.905894;-12.587982; 39.710163; 1276.520020; 856.418579; 852.171753; 0.000000; 0.000000; 0.000000; 620.684509;-1.120590; 830.013123; 0.000000; 0.000000; 0.000000; 673.900635; 977.486816; 783.356628; 0.000000;-0.000000; 0.000000; 698.619019; 1092.649902; 775.160400;-13.265956; 3.076528;-0.047863; 704.728333; 1178.814697; 765.235596;-6.237315; 3.845671;-0.143473; 727.206421; 1278.067749; 745.553528;-9.262075; 3.076526;-0.023931; 802.018860; 1406.619873; 707.237671; 0.000000; 0.000001; 0.000000; 877.097351; 1450.515503; 687.096497; 12.117266;-12.736495;-4.105995; 922.624878; 1530.010498; 685.368042; 3.428539;-3.913952; 11.685534; 964.436890; 1708.367310; 691.812500; 0.000000;-0.000000; 0.000000; 1070.348633; 1545.378174; 658.604370; 939.050354; 1587.938599; 598.548828; 971.190063; 1574.277832; 768.101746;-0.263930; 10.751657;-1.575822; 12.526968;-4.573723;-2.542709; 1.029501; 0.699880;
205;0;1776780261800000;; 815.052002; 900.802734; 767.130127; 993.473999; 1014.758728; 737.573059;-17.205637; 38.485126; 9.977280; 805.920349; 1086.710693; 560.855713; 0.000000; 97.852295; 0.000000; 861.928467; 1393.735962; 561.867188; 72.026733; 83.735878; 168.719238; 1269.729736; 968.773193; 890.831970;-3.069086;-1.716735; 2.488984; 1097.873657; 1173.531738; 901.871765; 0.000000; 166.788086; 0.000000; 921.132935; 1425.091309; 848.178894; 42.168922;-23.065210; 176.375854; 937.784485; 53.225624; 696.046021;-6.596801;-5.963447;-0.004436; 820.392151; 126.439270; 694.237549;-6.596801;-5.963447;-0.004436; 884.974792; 497.208374; 689.245605; 30.108236;-3.488339;-6.137375; 744.185791; 883.873413; 693.516357; 14.562148;-0.829974; 7.720882; 648.241394; 70.173904; 856.481140;-30.214169;-7.378521; 0.029902; 638.604187; 208.197906; 855.501282;-30.214169; 7.378521;-0.029902; 879.710815; 496.224762; 879.453003; 58.540268;-0.436508;-0.204899; 749.285522; 886.496582; 874.276550; 12.928846;-0.446723;-6.005311; 921.132935; 1425.091309; 848.178894; 54.971233; 87.368866; 57.432724; 878.095581; 1405.387207; 664.688354;-8.674720;-18.457735;-11.148257; 1074.657349; 1019.010193; 745.624146; 0.000000;-0.000000; 0.000000; 1010.392578; 18.687122; 695.440674; 0.000000;-0.000000; 0.000000; 884.111206; 1425.169189; 750.205933;-5.877727;-12.528715; 39.684353; 1321.295288; 905.957031; 882.540039; 0.000000; 0.000000; 0.000000; 663.145142;-8.836655; 857.124451; 0.000000; 0.000000; 0.000000; 686.658813; 979.689941; 784.219910; 0.000000;-0.000000; 0.000000; 709.434570; 1095.331787; 777.224915;-12.485766; 3.137248;-0.039196; 713.088440; 1181.668579; 767.591797;-5.848988; 3.921568;-0.117489; 732.373657; 1281.761353; 748.794800;-8.650113; 3.137249;-0.019599; 802.044800; 1413.964111; 713.312439; 0.000000; 0.000001; 0.000000; 875.782898; 1461.259521; 696.133728; 10.789095;-12.770686;-3.404873; 919.330078; 1541.874756; 695.954773; 3.097963;-3.802414; 12.372519; 957.511658; 1721.003174; 703.444397; 0.000000;-0.000000; 0.000000; 1067.252808; 1560.153931; 672.301147; 936.432678; 1600.230957; 609.554077; 965.283691; 1586.966064; 779.728699; 0.489789; 6.092233; 0.534125; 7.391677;-2.119987; 0.518143; 1.052151; 0.742153;
206;0;1776780261816667;; 825.837830; 905.198975; 773.032959; 1006.250427; 1008.364258; 737.830750;-16.856382; 36.414898; 11.578794; 821.838318; 1093.901978; 563.882690; 0.000000; 100.139252; 0.000000; 878.029541; 1400.819092; 570.730469; 66.258194; 80.462502; 166.962708; 1306.726318; 1018.927063; 916.760559;-2.453602;-2.493464; 3.067977; 1113.824463; 1204.214355; 923.082153; 0.000000; 165.682953; 0.000000; 915.619446; 1436.697266; 859.294373; 42.731159;-30.153069; 175.928772; 942.380493; 50.680092; 697.552246;-7.392233;-5.704206; 0.001610; 825.994141; 125.501678; 696.916138;-7.392233;-5.704206; 0.001610; 890.393311; 496.274597; 690.152954; 28.196449;-2.342954;-5.421333; 762.295654; 887.285400; 697.305603; 12.000399;-1.871149; 9.576197; 685.292786; 62.301804; 880.103821;-29.009064;-7.365467; 0.030894; 666.037292; 199.062775; 871.729797;-29.009064; 7.365467;-0.030894; 892.036499; 499.682037; 886.493530; 55.707909; 1.764751;-1.678702; 759.787476; 889.284180; 878.128235; 12.347998;-0.310850;-5.097625; 915.619446; 1436.697266; 859.294373; 55.810349; 85.248360; 57.235126; 880.393066; 1416.124268; 674.313599;-8.996979;-19.576630;-16.488596; 1087.007568; 1010.397827; 749.986877; 0.000000;-0.000000; 0.000000; 1014.504639; 15.161652; 696.227234; 0.000000;-0.000000; 0.000000; 882.276672; 1435.948853; 760.011902;-5.664064;-12.060611; 39.869621; 1363.939941; 960.969482; 910.345947; 0.000000; 0.000000; 0.000000; 705.683716;-15.310432; 885.178772; 0.000000; 0.000000; 0.000000; 699.565735; 981.867249; 785.829712; 0.000000;-0.000000; 0.000000; 720.606384; 1097.907227; 780.109619;-11.664732; 3.172835;-0.025988; 721.918396; 1184.346802; 770.799866;-5.436366; 3.966046;-0.077898; 738.038391; 1285.161377; 752.900879;-7.991595; 3.172834;-0.012995; 802.278625; 1420.768188; 720.119080; 0.000000; 0.000000;-0.000000; 874.442505; 1471.325562; 705.780579; 9.294143;-12.617180;-2.576553; 916.270508; 1552.838745; 706.882141; 2.717734;-3.618237; 12.982619; 951.658020; 1732.515381; 714.943604; 0.000000;-0.000000; 0.000000; 1064.296265; 1573.301880; 685.801575; 934.010986; 1611.419678; 620.762512; 960.083130; 1598.627808; 791.421143; 1.182667; 2.215053; 2.490886; 3.175272; 0.405067; 3.358643; 1.085849; 0.791500;
207;0;1776780261833333;; 836.586609; 909.417419; 779.177795; 1018.777100; 1001.463196; 737.187439;-16.410965; 34.067245; 13.544744; 838.309143; 1101.624023; 566.947632; 0.000000; 102.597435; 0.000000; 893.945068; 1408.375000; 581.471497; 62.163998; 77.243515; 164.957855; 1340.756714; 1073.570801; 940.845276;-1.972062;-3.114257; 3.568737; 1127.664795; 1235.296509; 945.220947; 0.000000; 163.604355; 0.000000; 910.532715; 1446.543945; 870.183228; 42.497768;-37.181431; 174.824951; 946.140869; 47.841530; 698.231689;-8.599152;-5.422136; 0.004167; 831.456360; 125.243469; 699.161011;-8.599152;-5.422136; 0.004167; 896.132751; 495.936401; 690.836975; 26.520531;-1.264830;-4.618542; 779.918396; 890.564270; 701.453674; 9.733205;-2.711965; 11.417066; 721.387878; 55.286667; 903.652527;-28.255085;-7.403044; 0.025130; 693.655640; 189.920441; 887.868530;-28.255085; 7.403044;-0.025130; 903.360107; 502.399567; 894.682251; 52.499474; 3.577116;-3.115398; 770.492859; 891.676514; 882.055603; 11.820272;-0.459502;-4.413855; 910.532715; 1446.543945; 870.183228; 56.448299; 82.842651; 56.400341; 882.616516; 1426.364136; 684.025696;-9.280628;-20.454336;-21.940290; 1098.703979; 1000.757629; 754.064209; 0.000000;-0.000000; 0.000000; 1017.438599; 10.738552; 695.950684; 0.000000;-0.000000; 0.000000; 880.692627; 1445.889648; 769.791748;-5.264266;-11.192428; 40.108154; 1403.724609; 1021.820557; 935.314453; 0.000000; 0.000000; 0.000000; 746.561401;-20.479103; 913.194275; 0.000000; 0.000000; 0.000000; 712.715088; 983.968445; 787.921509; 0.000000;-0.000000; 0.000000; 732.294678; 1100.319946; 783.484375;-10.787935; 3.175030;-0.010482; 731.394165; 1186.800537; 774.512695;-4.993536; 3.968790;-0.031417; 744.379700; 1288.219604; 757.502136;-7.280774; 3.175032;-0.005240; 802.899963; 1426.962402; 727.228577; 0.000002;-0.000000;-0.000000; 873.266479; 1480.638184; 715.534790; 7.642444;-12.318441;-1.726348; 913.619507; 1562.869629; 717.733032; 2.292442;-3.383746; 13.438745; 946.953613; 1742.923584; 726.122009; 0.000000;-0.000000; 0.000000; 1061.739502; 1584.888916; 699.014954; 932.121826; 1621.535522; 631.831848; 955.570923; 1609.223755; 802.905884; 1.805261;-0.756146; 4.222574; 0.079129; 2.860634; 5.939316; 1.128418; 0.841718;
208;0;1776780261850000;; 847.021118; 913.432190; 785.306763; 1030.943726; 994.380798; 735.812866;-15.771544; 31.690496; 15.634337; 855.304321; 1109.779053; 570.233459; 0.000000; 105.472755; 0.000000; 908.395020; 1416.470581; 593.126526; 59.794468; 74.408775; 162.945847; 1370.775391; 1133.105225; 963.477112;-1.580912;-3.574630; 4.013178; 1138.964233; 1266.614624; 968.094177; 0.000000; 160.553955; 0.000000; 905.916260; 1454.758301; 880.384277; 40.959274;-44.084930; 172.681854; 949.183350; 45.115402; 698.303711;-9.931254;-5.118706; 0.002492; 836.567993; 125.453094; 701.149536;-9.931254;-5.118706; 0.002492; 901.953186; 495.989624; 691.505127; 25.087763;-0.325076;-3.745891; 796.693604; 893.571045; 705.614136; 7.804971;-3.359278; 13.167797; 755.535217; 49.062531; 926.263062;-27.897112;-7.471328; 0.015059; 720.551514; 180.965057; 903.408569;-27.897112; 7.471328;-0.015059; 913.112305; 504.362305; 903.802124; 48.977333; 4.880009;-4.413135; 781.234497; 893.764343; 885.803223; 11.332932;-0.871494;-3.995481; 905.916260; 1454.758301; 880.384277; 56.875092; 80.082512; 54.813652; 884.791870; 1435.997070; 693.281006;-9.487126;-20.973755;-26.948999; 1109.597290; 990.058899; 757.459595; 0.000000;-0.000000; 0.000000; 1019.462219; 6.202679; 694.855835; 0.000000;-0.000000; 0.000000; 879.487793; 1454.921997; 779.039246;-4.692892;-9.966640; 40.206924; 1439.398804; 1089.114136; 958.069641; 0.000000; 0.000000; 0.000000; 784.745422;-24.560738; 940.104492; 0.000000; 0.000000; 0.000000; 725.865417; 986.018616; 790.196228; 0.000000;-0.000000; 0.000000; 744.337158; 1102.590698; 786.962280;-9.855338; 3.132327; 0.005673; 741.397034; 1189.059082; 778.316162;-4.522159; 3.915410; 0.017005; 751.329712; 1290.962158; 762.163818;-6.523837; 3.132326; 0.002837; 803.940613; 1432.523315; 734.178284; 0.000000;-0.000001; 0.000000; 872.334717; 1489.136841; 724.881531; 5.865982;-11.976233;-0.968563; 911.430420; 1571.937378; 728.166931; 1.834800;-3.138878; 13.712278; 943.335571; 1752.224854; 737.077942; 0.000000;-0.000000; 0.000000; 1059.679810; 1595.011963; 711.905457; 930.936646; 1630.729736; 642.574829; 951.631042; 1618.593628; 814.016418; 2.348771;-2.844412; 5.667525;-1.864666; 5.167366; 8.219162; 1.176409; 0.887634;
209;0;1776780261866667;; 856.782043; 917.225830; 791.283142; 1042.531006; 987.081604; 733.831543;-14.908845; 29.456348; 17.626669; 872.574219; 1117.969238; 573.939026; 0.000000; 108.963112; 0.000000; 920.473938; 1424.844360; 604.528625; 58.990978; 72.206757; 161.191223; 1394.997070; 1197.333618; 985.586182;-1.204503;-3.860523; 4.441372; 1147.076782; 1297.740601; 991.625305; 0.000000; 156.621109; 0.000000; 901.742554; 1461.453979; 889.588196; 37.404819;-50.697018; 168.914536; 951.538879; 42.789192; 697.960571;-11.159508;-4.794492;-0.002632; 841.042236; 125.907288; 703.093323;-11.159508;-4.794492;-0.002632; 907.430298; 496.239441; 692.495789; 23.874680; 0.397954;-2.811942; 812.125000; 896.206360; 709.614502; 6.257369;-3.842586; 14.776014; 787.342712; 43.450653; 947.285461;-27.960007;-7.545758; 0.003889; 746.362244; 172.338226; 918.078125;-27.960007; 7.545758;-0.003889; 920.928711; 505.762726; 913.577087; 45.220821; 5.602957;-5.494953; 791.640747; 895.692200; 889.301025; 10.919984;-1.477139;-3.848841; 901.742554; 1461.453979; 889.588196; 57.166088; 76.982079; 52.422401; 886.959717; 1444.900757; 701.708069;-9.563169;-21.062597;-31.056108; 1119.498779; 978.120728; 759.702332; 0.000000;-0.000000; 0.000000; 1020.756470; 2.159458; 693.127625; 0.000000;-0.000000; 0.000000; 878.763489; 1462.998047; 787.417297;-3.974442;-8.441352; 40.002014; 1468.796875; 1162.755371; 979.966797; 0.000000; 0.000000; 0.000000; 819.834473;-27.924484; 965.036011; 0.000000; 0.000000; 0.000000; 738.599609; 988.076599; 792.507080; 0.000000;-0.000000; 0.000000; 756.397034; 1104.777466; 790.301758;-8.880055; 3.037761; 0.017854; 751.653198; 1191.192993; 781.932739;-4.030293; 3.797201; 0.053521; 758.704285; 1293.458740; 766.576843;-5.738477; 3.037760; 0.008928; 805.407715; 1437.460815; 740.637390; 0.000001;-0.000000; 0.000000; 871.735718; 1496.776245; 733.457764; 4.036153;-11.700753;-0.390909; 909.741272; 1580.025269; 737.971313; 1.366583;-2.924640; 13.807446; 940.659058; 1760.427002; 747.983093; 0.000000;-0.000000; 0.000000; 1058.154053; 1603.815063; 724.463806; 930.525024; 1639.160522; 652.917908; 948.169373; 1626.604858; 824.669983; 2.790287;-4.158830; 6.766745;-2.766828; 7.314262; 10.147667; 1.225857; 0.925843;
210;0;1776780261883333;; 865.626953; 920.753784; 797.126221; 1053.350830; 979.304382; 731.294250;-13.867804; 27.442669; 19.349995; 889.837219; 1125.621338; 578.202148; 0.000000; 113.138145; 0.000000; 929.945679; 1432.958740; 614.774658; 59.466415; 70.724098; 159.852966; 1411.239624; 1264.733643; 1008.300171;-0.745540;-3.952154; 4.904002; 1151.355591; 1327.880005; 1015.737976; 0.000000; 152.000916; 0.000000; 898.039917; 1466.801147; 897.693237; 31.015852;-56.666924; 162.759766; 953.252075; 40.942543; 697.305115;-12.162641;-4.449933;-0.009247; 844.714661; 126.398376; 705.141113;-12.162641;-4.449933;-0.009247; 912.239380; 496.514984; 694.200623; 22.841810; 0.835108;-1.820673; 825.850830; 898.403015; 713.506042; 5.117996;-4.200276; 16.214762; 816.838745; 38.227470; 966.337891;-28.553915;-7.602044;-0.005091; 771.172119; 164.206085; 931.864441;-28.553915; 7.602044; 0.005091; 926.757874; 506.831329; 923.703064; 41.316727; 5.753323;-6.318505; 801.380554; 897.559509; 892.692017; 10.627202;-2.175351;-3.938770; 898.039917; 1466.801147; 897.693237; 57.434467; 73.663994; 49.291809; 889.255005; 1452.956421; 709.186890;-9.449306;-20.677885;-34.001137; 1128.292114; 964.799988; 760.398621; 0.000000;-0.000000; 0.000000; 1021.468628;-1.129185; 690.849426; 0.000000;-0.000000; 0.000000; 878.645386; 1470.118774; 794.823608;-3.153028;-6.707254; 39.408985; 1489.210815; 1241.018921; 1002.667175; 0.000000; 0.000000; 0.000000; 851.838318;-31.034775; 987.385010; 0.000000; 0.000000; 0.000000; 750.572815; 990.172791; 794.923645; 0.000000;-0.000000; 0.000000; 768.185669; 1106.913940; 793.508057;-7.877032; 2.897971; 0.017825; 761.927368; 1193.251465; 785.331482;-3.526575; 3.622466; 0.053435; 766.356750; 1295.764404; 770.658936;-4.944221; 2.897973; 0.008912; 807.360718; 1441.793213; 746.473450; 0.000001; 0.000000; 0.000000; 871.615173; 1503.533691; 741.111877; 2.241577;-11.566126;-0.033832; 908.628845; 1587.140259; 747.039185; 0.911461;-2.768890; 13.740772; 938.772705; 1767.564209; 758.850342; 0.000000;-0.000000; 0.000000; 1057.208374; 1611.464233; 736.684082; 930.937012; 1646.896973; 662.810242; 945.155579; 1633.262573; 834.797729; 3.089398;-4.860953; 7.474331;-2.843930; 9.337685; 11.665749; 1.272829; 0.953839;
211;0;1776780261900000;; 873.520996; 923.933167; 802.933289; 1063.367188; 970.833130; 728.091309;-12.735681; 25.650558; 20.679848; 906.796021; 1132.212769; 583.092773; 0.000000; 117.925865; 0.000000; 937.072998; 1440.197388; 623.481506; 60.839294; 69.899765; 158.941895; 1417.903320; 1332.485474; 1032.271729;-0.103381;-3.832180; 5.451019; 1151.517456; 1356.128906; 1040.148926; 0.000000; 146.982559; 0.000000; 894.884644; 1471.102173; 904.785767; 21.204052;-61.468609; 153.539398; 954.337158; 39.488693; 696.329712;-12.924032;-4.087080;-0.015055; 847.551636; 126.787781; 707.292786;-12.924032;-4.087080;-0.015055; 916.304932; 496.693542; 696.886475; 21.953897; 0.952413;-0.780899; 837.820190; 900.136292; 717.471863; 4.375516;-4.455832; 17.479471; 844.213623; 33.133339; 983.128174;-29.826555;-7.620735;-0.009192; 795.254883; 156.738647; 944.797546;-29.826555; 7.620735; 0.009192; 930.879089; 507.666382; 933.780762; 37.350727; 5.426149;-6.874335; 810.329102; 899.337769; 896.219482; 10.478559;-2.867119;-4.194066; 894.884644; 1471.102173; 904.785767; 57.749039; 70.294479; 45.637814; 891.823425; 1460.076172; 715.821167;-9.096265;-19.789854;-35.735672; 1136.038086; 950.177734; 759.170593; 0.000000;-0.000000; 0.000000; 1021.639404;-3.714661; 688.017883; 0.000000;-0.000000; 0.000000; 879.213379; 1476.336182; 801.362732;-2.305024;-4.917639; 38.433834; 1498.557251; 1320.495361; 1027.290405; 0.000000; 0.000000; 0.000000; 880.920105;-34.423233; 1006.664307; 0.000000; 0.000000; 0.000000; 761.664612; 992.263428; 797.660461; 0.000000;-0.000000; 0.000000; 779.580811; 1108.963867; 796.804993;-6.854026; 2.736584;-0.001376; 772.107666; 1195.213379; 788.720276;-3.015862; 3.420730;-0.004124; 774.215515; 1297.872559; 774.562012;-4.152511; 2.736583;-0.000688; 809.854919; 1445.521118; 751.750122; 0.000000;-0.000000; 0.000000; 872.086975; 1509.407837; 747.886963; 0.544494;-11.599636; 0.107058; 908.143250; 1593.308716; 755.356567; 0.484829;-2.682501; 13.533975; 937.531067; 1773.687256; 769.529236; 0.000000;-0.000000; 0.000000; 1056.851562; 1618.096313; 748.562500; 932.171265; 1653.911255; 672.212036; 942.572083; 1638.692383; 844.339783; 3.208576;-5.130073; 7.782681;-2.382035; 11.281609; 12.710274; 1.313764; 0.969653;
212;0;1776780261916667;; 880.634888; 926.667236; 808.770020; 1072.662109; 961.692993; 724.057251;-11.607633; 24.033606; 21.525492; 923.071106; 1137.401001; 588.662476; 0.000000; 123.154968; 0.000000; 942.262573; 1446.051514; 630.722351; 62.726238; 69.619331; 158.387207; 1414.929077; 1397.510620; 1057.088379; 0.793239;-3.497148; 6.117122; 1147.930176; 1381.925903; 1064.245361; 0.000000; 141.888641; 0.000000; 892.340942; 1474.751343; 911.078491; 8.308839;-64.581512; 141.381607; 954.668335; 38.253456; 694.989258;-13.503736;-3.711351;-0.018183; 849.540161; 127.046600; 709.421997;-13.503736;-3.711351;-0.018183; 919.792664; 496.711060; 700.569824; 21.193932; 0.766217; 0.285020; 848.343933; 901.432190; 721.678162; 3.954538;-4.600432; 18.581066; 869.627808; 27.908073; 997.318848;-31.885563;-7.590400;-0.007320; 818.836121; 150.052551; 956.755310;-31.885563; 7.590400; 0.007320; 933.867493; 508.176117; 943.304260; 33.408260; 4.782769;-7.176938; 818.647644; 900.865784; 900.073547; 10.458172;-3.487390;-4.526997; 892.340942; 1474.751343; 911.078491; 58.115116; 67.015350; 41.768452; 894.711182; 1466.216797; 721.835144;-8.478805;-18.381235;-36.362206; 1142.941406; 934.641418; 755.722351; 0.000000;-0.000000; 0.000000; 1021.090881;-5.861980; 684.641174; 0.000000;-0.000000; 0.000000; 880.440613; 1481.721558; 807.255981;-1.526512;-3.268952; 37.144524; 1496.547485; 1397.322021; 1053.619751; 0.000000; 0.000000; 0.000000; 907.227783;-38.591293; 1022.404480; 0.000000; 0.000000; 0.000000; 772.026733; 994.226013; 800.939087; 0.000000;-0.000000; 0.000000; 790.649292; 1110.818115; 800.504150;-5.812479; 2.587766;-0.039404; 782.209839; 1196.979370; 792.429199;-2.499576; 3.234713;-0.118148; 782.261780; 1299.702637; 778.582703;-3.364828; 2.587767;-0.019703; 812.867920; 1448.610840; 756.667542; 0.000000;-0.000001; 0.000000; 873.142700; 1514.404785; 753.952271;-1.045017;-11.798441; 0.064196; 908.233459; 1598.559814; 762.995239; 0.088828;-2.664046; 13.215396; 936.771973; 1778.843262; 779.859192; 0.000000;-0.000000; 0.000000; 1056.993896; 1623.791016; 760.084229; 934.102295; 1660.137817; 681.129517; 940.370605; 1643.042114; 853.281250; 3.138186;-5.131028; 7.736926;-1.673861; 13.159111; 13.232887; 1.345927; 0.972516;
213;0;1776780261933333;; 887.321533; 928.871155; 814.641968; 1081.293701; 952.131836; 719.026917;-10.568830; 22.526798; 21.821556; 938.138611; 1141.041748; 594.921509; 0.000000; 128.607407; 0.000000; 945.844421; 1450.213989; 636.821167; 64.813385; 69.798820; 158.114502; 1403.868164; 1457.615845; 1081.567139; 1.943850;-2.969477; 6.905985; 1141.558716; 1405.235962; 1087.272949; 0.000000; 137.010895; 0.000000; 890.454834; 1478.077393; 916.851624;-5.886409;-65.800766; 127.857849; 954.080383; 37.044601; 693.336731;-14.003881;-3.332383;-0.017686; 850.727783; 127.243408; 711.416748;-14.003881;-3.332383;-0.017686; 923.081177; 496.553619; 705.048767; 20.562981; 0.338632; 1.339364; 858.055725; 902.354065; 726.198975; 3.716700;-4.598098; 19.538683; 893.091492; 22.364883; 1008.601562;-34.723003;-7.509081;-0.000749; 841.929443; 144.164307; 967.469971;-34.723003; 7.509081; 0.000749; 936.503357; 508.135986; 951.786621; 29.582464; 4.005400;-7.256231; 826.810974; 901.919067; 904.330078; 10.502502;-4.019026;-4.860142; 890.454834; 1478.077393; 916.851624; 58.509838; 63.911823; 37.954510; 897.865295; 1471.370117; 727.483887;-7.604445;-16.467695;-36.043907; 1149.203735; 918.777222; 749.838196; 0.000000;-0.000000; 0.000000; 1019.555664;-7.930065; 680.867920; 0.000000;-0.000000; 0.000000; 882.239990; 1486.322998; 812.765930;-0.897306;-1.929210; 35.624420; 1484.802856; 1468.648926; 1080.350098; 0.000000; 0.000000; 0.000000; 930.790833;-43.857307; 1034.264526; 0.000000; 0.000000; 0.000000; 782.069702; 995.888611; 804.905518; 0.000000;-0.000000; 0.000000; 801.633057; 1112.327393; 804.880737;-4.757024; 2.483883;-0.087185; 792.370605; 1198.401855; 796.782166;-1.979906; 3.104883;-0.261416; 790.530701; 1301.124268; 783.051270;-2.579792; 2.483882;-0.043592; 816.321838; 1450.994141; 761.499451;-0.000000; 0.000001;-0.000001; 874.681091; 1518.519287; 759.545227;-2.558187;-12.144320;-0.116340; 908.778809; 1602.905884; 770.102600;-0.284319;-2.704884; 12.818645; 936.342651; 1783.055054; 789.786316; 0.000000;-0.000000; 0.000000; 1057.488525; 1628.576294; 771.197998; 936.491638; 1665.516113; 689.635254; 938.522949; 1646.407349; 861.677368; 2.909931;-4.991161; 7.428009;-0.954086; 14.936905; 13.233444; 1.367832; 0.963435;
214;0;1776780261950000;; 893.992310; 930.500427; 820.537170; 1089.181396; 942.524475; 713.017151;-9.678611; 21.066919; 21.530151; 951.485779; 1143.165771; 601.817017; 0.000000; 134.066681; 0.000000; 948.021240; 1452.615479; 642.206787; 66.923706; 70.414833; 158.075104; 1387.060303; 1511.829102; 1104.651367; 3.253342;-2.300758; 7.783001; 1133.576416; 1426.317993; 1108.680542; 0.000000; 132.570007; 0.000000; 889.250427; 1481.223389; 922.420837;-19.032833;-65.399040; 115.216766; 952.481323; 35.703178; 691.596313;-14.538262;-2.963243;-0.013816; 851.259949; 127.505463; 713.299744;-14.538262;-2.963243;-0.013816; 926.644470; 496.249390; 710.036011; 20.069256;-0.240994; 2.334994; 867.742981; 902.991211; 731.044189; 3.487530;-4.408170; 20.373692; 914.193970; 16.422920; 1016.786499;-38.181622;-7.383885; 0.007343; 864.076294; 138.967896; 976.594299;-38.181622; 7.383885;-0.007343; 939.501038; 507.293396; 958.901733; 25.981165; 3.249466;-7.152964; 835.491150; 902.313538; 908.994873; 10.496117;-4.483292;-5.148698; 889.250427; 1481.223389; 922.420837; 58.921234; 61.017742; 34.336964; 901.179871; 1475.559448; 733.029480;-6.519917;-14.129714;-34.937092; 1154.849243; 903.226624; 741.601196; 0.000000;-0.000000; 0.000000; 1016.825562;-10.262970; 677.031433; 0.000000;-0.000000; 0.000000; 884.515503; 1490.159546; 818.175781;-0.452832;-0.977214; 33.941780; 1465.907104; 1533.152466; 1106.112305; 0.000000; 0.000000; 0.000000; 951.237793;-50.288689; 1042.134521; 0.000000; 0.000000; 0.000000; 792.337402; 997.090759; 809.635254; 0.000000;-0.000000; 0.000000; 812.855164; 1113.364136; 810.122131;-3.703713; 2.445703;-0.131083; 802.781738; 1199.347778; 802.027222;-1.463645; 3.057192;-0.393047; 799.081787; 1302.015259; 788.260803;-1.801604; 2.445698;-0.065541; 820.121094; 1452.603882; 766.556946; 0.000000;-0.000001;-0.000002; 876.566956; 1521.745605; 764.954895;-4.034616;-12.599742;-0.380366; 909.644104; 1606.355103; 776.885681;-0.644560;-2.789895; 12.375468; 936.124023; 1786.342041; 799.345337; 0.000000;-0.000000; 0.000000; 1058.198364; 1632.471313; 781.818359; 939.046753; 1670.003052; 697.844849; 937.059631; 1648.856812; 869.648926; 2.586113;-4.789293; 6.969141;-0.365840; 16.547287; 12.781296; 1.379269; 0.945375;
215;0;1776780261966667;; 900.937744; 931.589966; 826.461975; 1096.107788; 933.232910; 706.286926;-8.942151; 19.601860; 20.652704; 962.834595; 1143.966309; 609.270752; 0.000000; 139.368774; 0.000000; 948.929260; 1453.415283; 647.354065; 68.994736; 71.465668; 158.225464; 1366.674561; 1560.028931; 1125.951050; 4.557319;-1.563419; 8.689675; 1124.939941; 1445.393066; 1128.288940; 0.000000; 128.692978; 0.000000; 888.674988; 1484.171387; 928.095032;-29.804073;-63.922981; 104.816193; 949.832825; 34.158524; 690.076721;-15.218102;-2.618056;-0.007615; 851.314453; 128.010651; 715.183838;-15.218102;-2.618056;-0.007615; 930.858276; 495.894257; 715.259888; 19.714699;-0.878802; 3.224144; 878.096069; 903.480713; 736.213745; 3.091290;-4.011878; 21.103853; 931.966736; 10.106430; 1021.820312;-41.979557;-7.228400; 0.013253; 884.225647; 134.269226; 983.756470;-41.979557; 7.228400;-0.013253; 943.208862; 505.506897; 964.542786; 22.721991; 2.613759;-6.915492; 845.300964; 902.010620; 914.060303; 10.283964;-4.916426;-5.388251; 888.674988; 1484.171387; 928.095032; 59.367451; 58.345886; 30.938425; 904.518677; 1478.858887; 738.730408;-5.308311;-11.523180;-33.178291; 1159.654419; 888.491150; 731.459167; 0.000000;-0.000000; 0.000000; 1012.753418;-13.094162; 673.542236; 0.000000;-0.000000; 0.000000; 887.141785; 1493.264648; 823.767334;-0.183628;-0.397483; 32.152283; 1442.308228; 1590.613281; 1130.167114; 0.000000; 0.000000; 0.000000; 967.646423;-57.723763; 1046.135620; 0.000000; 0.000000; 0.000000; 803.284119; 997.764404; 815.150818; 0.000000;-0.000000; 0.000000; 824.541077; 1113.900146; 816.309998;-2.684278; 2.479758;-0.159637; 813.549011; 1199.778809; 808.295898;-0.964532; 3.099794;-0.478658; 807.906860; 1302.341064; 794.405518;-1.045625; 2.479751;-0.079819; 824.143799; 1453.439209; 772.126587;-0.000000;-0.000000; 0.000000; 878.648376; 1524.120483; 770.487610;-5.493835;-13.099227;-0.669291; 910.696106; 1608.956543; 783.563538;-0.997526;-2.897019; 11.909638; 936.030579; 1788.775146; 808.550781; 0.000000;-0.000000; 0.000000; 1059.017334; 1635.538452; 791.868408; 941.492554; 1673.580688; 705.856812; 936.023315; 1650.522339; 877.339050; 2.233882;-4.557415; 6.467841; 0.039565; 17.912880; 12.003296; 1.381102; 0.922852;
216;0;1776780261983333;; 908.244690; 932.273010; 832.438599; 1101.722900; 924.457886; 699.335632;-8.291723; 18.092939; 19.244324; 972.267090; 1143.740112; 617.244507; 0.000000; 144.438202; 0.000000; 948.767639; 1452.918335; 652.727661; 71.013512; 72.896935; 158.501556; 1344.263672; 1602.418213; 1145.660278; 5.684103;-0.841111; 9.576056; 1116.201660; 1462.525879; 1146.238159; 0.000000; 125.413971; 0.000000; 888.578186; 1486.851074; 934.110229;-38.152840;-61.881947; 96.798279; 946.168884; 32.464973; 689.009399;-16.148779;-2.309406;-0.000655; 851.095337; 128.977325; 717.131409;-16.148779;-2.309406;-0.000655; 935.894897; 495.669769; 720.489746; 19.485390;-1.494288; 3.964934; 889.516113; 904.017456; 741.721924; 2.383783;-3.430422; 21.737999; 945.351318; 3.589600; 1023.882080;-45.771362;-7.058383; 0.014663; 901.139954; 129.896454; 988.719666;-45.771362; 7.058383;-0.014663; 947.598450; 502.872589; 968.820129; 19.910973; 2.138616;-6.595446; 856.570435; 901.160706; 919.523926; 9.713890;-5.348201;-5.605576; 888.578186; 1486.851074; 934.110229; 59.884846; 55.903843; 27.743397; 907.755676; 1481.387939; 744.797241;-4.069652;-8.847960;-30.912310; 1163.101929; 874.751282; 720.204102; 0.000000;-0.000000; 0.000000; 1007.283813;-16.480064; 670.718628; 0.000000;-0.000000; 0.000000; 889.957092; 1495.713135; 829.760498;-0.056897;-0.123425; 30.315891; 1415.831055; 1641.226562; 1152.416748; 0.000000; 0.000000; 0.000000; 979.047058;-65.764076; 1046.682739; 0.000000; 0.000000; 0.000000; 815.096069; 997.972046; 821.418152; 0.000000;-0.000000; 0.000000; 836.673645; 1114.037354; 823.407776;-1.748804; 2.581402;-0.168773; 824.578613; 1199.784058; 815.572205;-0.504913; 3.226864;-0.506030; 816.859436; 1302.189331; 801.523071;-0.341940; 2.581394;-0.084388; 828.246948; 1453.600586; 778.379944;-0.000000; 0.000001; 0.000000; 880.787659; 1525.744751; 776.388916;-6.918659;-13.557537;-0.930121; 911.829407; 1610.822632; 790.294067;-1.340330;-3.000929; 11.438403; 936.018066; 1790.505615; 817.309753; 0.000000;-0.000000; 0.000000; 1059.882935; 1637.904053; 801.316650; 943.658020; 1676.263672; 713.694824; 935.419800; 1651.639404; 884.848389; 1.897439;-4.297967; 6.005214; 0.279765; 18.967728; 11.049744; 1.375221; 0.900596;
217;0;1776780262000000;; 915.809143; 932.760803; 838.480591; 1105.611328; 916.233582; 692.791382;-7.608459; 16.517595; 17.414799; 980.142212; 1142.820801; 625.722595; 0.000000; 149.272354; 0.000000; 947.875366; 1451.486816; 658.686768; 72.958084; 74.566078; 158.820267; 1320.831787; 1639.233276; 1164.185913; 6.514337;-0.219160; 10.429132; 1107.544922; 1477.711060; 1162.852661; 0.000000; 122.690651; 0.000000; 888.764771; 1489.229492; 940.580200;-44.581078;-59.613976; 90.737000; 941.596008; 30.788414; 688.495300;-17.418844;-2.046382; 0.005480; 850.808044; 130.614349; 719.102295;-17.418844;-2.046382; 0.005480; 941.673706; 495.809723; 725.530701; 19.347700;-2.027032; 4.522756; 902.021851; 904.822876; 747.567261; 1.276715;-2.719484; 22.274475; 953.953125;-2.734726; 1023.498474;-49.214104;-6.887877; 0.011490; 914.050781; 125.842285; 991.557495;-49.214104; 6.887877;-0.011490; 952.483643; 499.748688; 972.000244; 17.615303; 1.825675;-6.242258; 869.243408; 900.055237; 925.359192; 8.696482;-5.792554;-5.839274; 888.764771; 1489.229492; 940.580200; 60.496101; 53.678867; 24.763395; 910.825562; 1483.289673; 751.343140;-2.894406;-6.295657;-28.315392; 1164.482666; 861.913757; 708.827271; 0.000000;-0.000000; 0.000000; 1000.466370;-20.290520; 668.736023; 0.000000;-0.000000; 0.000000; 892.810364; 1497.616333; 836.260498;-0.039177;-0.085077; 28.499041; 1387.773071; 1685.207642; 1173.065430; 0.000000; 0.000000; 0.000000; 985.237732;-73.746758; 1044.564453; 0.000000; 0.000000; 0.000000; 827.624084; 997.881958; 828.327881; 0.000000;-0.000000; 0.000000; 848.958313; 1113.972290; 831.259338;-0.959721; 2.739223;-0.162371; 835.560547; 1199.549316; 823.691895;-0.113297; 3.424138;-0.486795; 825.659363; 1301.744507; 809.482422; 0.267677; 2.739214;-0.081185; 832.300354; 1453.279907; 785.325256; 0.000000;-0.000001; 0.000001; 882.910828; 1526.773926; 782.780640;-8.254656;-13.896726;-1.126934; 913.005554; 1612.116211; 797.140564;-1.660843;-3.080208; 10.982058; 936.097839; 1791.742310; 825.462585; 0.000000;-0.000000; 0.000000; 1060.793701; 1639.746216; 810.177979; 945.519348; 1678.119263; 721.315186; 935.233887; 1652.495972; 892.211121; 1.592499;-4.008439; 5.628662; 0.387654; 19.664238; 10.063240; 1.364315; 0.882027;
218;0;1776780262016667;; 923.361816; 933.297974; 844.548157; 1107.548340; 908.638611; 687.146362;-6.770465; 14.882214; 15.307752; 986.902100; 1141.583130; 634.574280; 0.000000; 153.879272; 0.000000; 946.649414; 1449.533447; 665.376526; 74.779175; 76.284981; 159.099472; 1297.051147; 1670.691650; 1181.833984; 7.011874; 0.231678; 11.277946; 1098.893799; 1490.955688; 1178.500488; 0.000000; 120.421608; 0.000000; 889.055298; 1491.345093; 947.480713;-49.590744;-57.289143; 86.154915; 936.236755; 29.365051; 688.572876;-19.073311;-1.833630; 0.009475; 850.557983; 133.054291; 721.009827;-19.073311;-1.833630; 0.009475; 947.809875; 496.541290; 730.220581; 19.247740;-2.435062; 4.870252; 915.223267; 906.099976; 753.661194;-0.242056;-1.943715; 22.704216; 958.278442;-8.302780; 1021.508606;-52.023129;-6.727126; 0.005468; 922.896362; 122.314331; 992.668518;-52.023129; 6.727126;-0.005468; 957.619751; 496.648407; 974.395935; 15.847097; 1.660394;-5.897759; 882.846802; 899.034241; 931.450317; 7.249293;-6.251092;-6.120523; 889.055298; 1491.345093; 947.480713; 61.183922; 51.622875; 22.041950; 913.718384; 1484.742554; 758.355957;-1.846552;-4.011410;-25.580576; 1163.299194; 849.956543; 698.186768; 0.000000;-0.000000; 0.000000; 992.423645;-24.232487; 667.703186; 0.000000;-0.000000; 0.000000; 895.593933; 1499.125610; 843.240540;-0.103662;-0.225140; 26.760323; 1359.133179; 1722.746460; 1192.310059; 0.000000; 0.000000; 0.000000; 987.028931;-80.852539; 1040.877319; 0.000000; 0.000000; 0.000000; 840.403564; 997.726562; 835.660461; 0.000000;-0.000000; 0.000000; 860.891113; 1113.939819; 839.589966;-0.369728; 2.937636;-0.147612; 846.041321; 1199.306152; 832.360352; 0.185679; 3.672141;-0.442508; 833.953796; 1301.246460; 818.012573; 0.745126; 2.937627;-0.073806; 836.196167; 1452.742432; 792.821472;-0.000000; 0.000001; 0.000000; 885.005676; 1527.420532; 789.646179;-9.434937;-14.075161;-1.242820; 914.249268; 1613.043457; 804.093445;-1.943371;-3.122883; 10.574282; 936.340942; 1792.715332; 832.919189; 0.000000;-0.000000; 0.000000; 1061.800659; 1641.266357; 818.474731; 947.151001; 1679.311523; 728.667603; 935.473450; 1653.352051; 899.423279; 1.317747;-3.698670; 5.354049; 0.403483; 19.973198; 9.163376; 1.351235; 0.868632;
219;0;1776780262033333;; 930.517212; 934.092041; 850.525635; 1107.736816; 901.967651; 682.527832;-5.687803; 13.241025; 13.067468; 992.892761; 1140.436401; 643.464355; 0.000000; 158.222855; 0.000000; 945.382446; 1447.505493; 672.684021; 76.420990; 77.900627; 159.281036; 1273.443237; 1696.967529; 1198.722534; 7.216561; 0.469450; 12.166579; 1090.047241; 1502.234497; 1193.482300; 0.000000; 118.472939; 0.000000; 889.322388; 1493.275024; 954.669128;-53.506252;-54.957745; 82.717682; 930.355469; 28.417915; 689.255310;-21.091108;-1.670908; 0.010816; 850.420715; 136.269623; 722.765137;-21.091108;-1.670908; 0.010816; 953.727234; 498.011353; 734.439087; 19.116041;-2.695593; 4.989838; 928.412170; 907.969727; 759.795349;-2.091214;-1.155932; 23.016293; 959.361511;-12.595062; 1018.844360;-54.014416;-6.582060;-0.001185; 928.085938; 119.610687; 992.615601;-54.014416; 6.582060; 0.001185; 962.660522; 494.047485; 976.266235; 14.565887; 1.622385;-5.591359; 896.572815; 898.379211; 937.563110; 5.496133;-6.720092;-6.462191; 889.322388; 1493.275024; 954.669128; 61.884205; 49.661449; 19.620850; 916.436279; 1485.960327; 765.703674;-0.960381;-2.079830;-22.872877; 1159.666260; 839.204651; 688.673645; 0.000000;-0.000000; 0.000000; 983.510132;-27.929661; 667.697449; 0.000000;-0.000000; 0.000000; 898.240173; 1500.420288; 850.559937;-0.225300;-0.488978; 25.136953; 1330.764771; 1754.019409; 1210.253418; 0.000000; 0.000000; 0.000000; 985.799194;-86.384155; 1036.772705; 0.000000; 0.000000; 0.000000; 852.770630; 997.739319; 843.084351; 0.000000;-0.000000; 0.000000; 871.905396; 1114.144165; 848.031555; 0.002927; 3.158012;-0.129537; 855.556030; 1199.268311; 841.193237; 0.382586; 3.947596;-0.388278; 841.410950; 1300.931030; 826.756592; 1.073965; 3.158008;-0.064768; 839.838684; 1452.276855; 800.629395; 0.000001; 0.000001;-0.000001; 887.076050; 1527.931763; 796.855164;-10.411847;-14.104009;-1.277745; 915.599121; 1613.828979; 811.113953;-2.176371;-3.129126; 10.257464; 936.836914; 1793.629517; 839.778259; 0.000000;-0.000000; 0.000000; 1062.961426; 1642.651123; 826.226868; 948.638062; 1680.110474; 735.759949; 936.163940; 1654.365356; 906.491760; 1.064408;-3.391306; 5.169566; 0.350545; 19.891808; 8.438278; 1.338253; 0.860384;
220;0;1776780262050000;; 936.903137; 935.235840; 856.255066; 1106.686768; 896.603516; 678.798706;-4.316625; 11.693833; 10.810265; 998.250488; 1139.715820; 651.957764; 0.000000; 162.214600; 0.000000; 944.200867; 1445.784912; 680.290894; 77.847336; 79.337105; 159.348038; 1250.476196; 1718.150757; 1214.876099; 7.205807; 0.478028; 13.109219; 1080.796875; 1511.405029; 1207.978271; 0.000000; 116.709755; 0.000000; 889.519836; 1495.066650; 961.912048;-56.488522;-52.606358; 80.249474; 924.512878; 28.026482; 690.512817;-23.392508;-1.553477; 0.009742; 850.607117; 140.014404; 724.293091;-23.392508;-1.553477; 0.009742; 958.924927; 500.209869; 738.151672; 18.882793;-2.812768; 4.879080; 940.791138; 910.406921; 765.704895;-4.105759;-0.394746; 23.203566; 958.322205;-15.348434; 1016.258667;-55.129910;-6.454243;-0.006730; 930.241150; 117.932556; 991.925598;-55.129910; 6.454243; 0.006730; 967.198486; 492.232269; 977.802063; 13.696752; 1.681089;-5.337741; 909.510010; 898.236145; 943.413818; 3.623760;-7.189754;-6.859707; 889.519836; 1495.066650; 961.912048; 62.498173; 47.715958; 17.506098; 918.994751; 1487.136353; 773.156494;-0.245026;-0.528104;-20.289806; 1154.218628; 830.179260; 680.274170; 0.000000;-0.000000; 0.000000; 974.466064;-31.094437; 668.727356; 0.000000;-0.000000; 0.000000; 900.733826; 1501.656860; 857.988403;-0.374803;-0.812339; 23.639414; 1303.440796; 1779.157104; 1226.984131; 0.000000; 0.000000; 0.000000; 982.948975;-90.005447; 1033.142334; 0.000000; 0.000000; 0.000000; 864.065674; 998.078613; 850.228088; 0.000000;-0.000000; 0.000000; 881.549316; 1114.695557; 856.188416; 0.180634; 3.380100;-0.109469; 863.774658; 1199.567017; 849.779175; 0.486086; 4.225186;-0.328090; 847.824524; 1300.960083; 835.327881; 1.264371; 3.380094;-0.054735; 843.173157; 1452.111816; 808.454346; 0.000000;-0.000000; 0.000000; 889.135620; 1528.522095; 804.188843;-11.166826;-14.041247;-1.250277; 917.083069; 1614.659058; 818.137634;-2.355070;-3.111068; 10.060177; 937.633301; 1794.619629; 846.294434; 0.000000;-0.000000; 0.000000; 1064.311157; 1644.040771; 833.478760; 950.054077; 1680.823730; 742.651367; 937.300537; 1655.559326; 913.434326; 0.815654;-3.106964; 5.037540; 0.258688; 19.453598; 7.933121; 1.326649; 0.856570;
221;0;1776780262066667;; 942.294250; 936.687378; 861.590210; 1104.893066; 892.752258; 675.843872;-2.666411; 10.348889; 8.613976; 1002.894775; 1139.567139; 659.680298; 0.000000; 165.739151; 0.000000; 943.130066; 1444.594727; 687.766907; 79.046249; 80.577515; 159.325073; 1228.552002; 1734.289795; 1230.317261; 7.054088; 0.249489; 14.063611; 1070.968872; 1518.230957; 1222.032959; 0.000000; 115.019325; 0.000000; 889.687561; 1496.707275; 968.900024;-58.605011;-50.199177; 78.672874; 919.393311; 28.053574; 692.259949;-25.876122;-1.473052; 0.007168; 851.419312; 143.879974; 725.550354;-25.876122;-1.473052; 0.007168; 963.155579; 502.945465; 741.442871; 18.499361;-2.822631; 4.553368; 951.735596; 913.232788; 771.167847;-6.088629; 0.307588; 23.266209; 956.212463;-16.597855; 1014.180603;-55.436028;-6.341069;-0.010367; 930.153503; 117.295197; 990.984802;-55.436028; 6.341069; 0.010367; 970.950378; 491.276306; 979.180908; 13.153462; 1.788375;-5.138466; 920.932678; 898.613281; 948.775757; 1.824451;-7.640163;-7.299130; 889.687561; 1496.707275; 968.900024; 62.912083; 45.716434; 15.656563; 921.453796; 1488.388306; 780.403687; 0.307071; 0.657726;-17.857691; 1147.690552; 823.228394; 672.939392; 0.000000;-0.000000; 0.000000; 966.179749;-33.682777; 670.699463; 0.000000;-0.000000; 0.000000; 903.129272; 1502.930176; 865.218262;-0.518376;-1.121427; 22.253046; 1277.824707; 1798.274536; 1242.637939; 0.000000; 0.000000; 0.000000; 979.680786;-91.762939; 1030.448730; 0.000000; 0.000000; 0.000000; 873.835815; 998.789917; 856.776794; 0.000000;-0.000000; 0.000000; 889.614624; 1115.596313; 863.705200; 0.212198; 3.584259;-0.087508; 870.595398; 1200.229736; 857.734802; 0.516987; 4.480364;-0.262237; 853.176331; 1301.389893; 843.347229; 1.344403; 3.584256;-0.043754; 846.225403; 1452.361084; 815.960754; 0.000000;-0.000000; 0.000001; 891.232361; 1529.317871; 811.346375;-11.703536;-13.966242;-1.195053; 918.730835; 1615.642212; 825.026733;-2.480021;-3.088255; 9.980345; 938.717712; 1795.740967; 852.701721; 0.000000;-0.000000; 0.000000; 1065.867065; 1645.527100; 840.277344; 951.488281; 1681.708618; 749.361572; 938.826721; 1656.859863; 920.212280; 0.547869;-2.847439; 4.902169; 0.159490; 18.724083; 7.642693; 1.316839; 0.856233;
222;0;1776780262083333;; 946.686890; 938.312805; 866.429321; 1102.668213; 890.345947; 673.709595;-0.802030; 9.275285; 6.529846; 1006.618225; 1139.952148; 666.387390; 0.000000; 168.681595; 0.000000; 942.174622; 1444.006104; 694.682617; 80.016914; 81.620758; 159.261536; 1207.954590; 1745.488159; 1245.057983; 6.814296;-0.229162; 14.943783; 1060.420654; 1522.494263; 1235.573120; 0.000000; 113.320160; 0.000000; 889.924683; 1498.132080; 975.303955;-59.886288;-47.696323; 77.938568; 915.480835; 28.212784; 694.361084;-28.456669;-1.419414; 0.004351; 853.086487; 147.445770; 726.531006;-28.456669;-1.419414; 0.004351; 966.448181; 505.905548; 744.455750; 17.954899;-2.780971; 4.042781; 960.966797; 916.175781; 776.046265;-7.874758; 0.920375; 23.213219; 953.986328;-16.590332; 1012.764648;-55.095642;-6.236772;-0.012180; 928.776123; 117.549347; 990.060974;-55.095642; 6.236772; 0.012180; 973.926575; 491.096710; 980.605713; 12.858406; 1.883356;-4.985781; 930.518188; 899.425171; 953.527039; 0.247619;-8.047971;-7.764779; 889.924683; 1498.132080; 975.303955; 63.013134; 43.603477; 14.002077; 923.906738; 1489.747070; 787.112915; 0.709594; 1.508599;-15.564475; 1140.653442; 818.349731; 666.831665; 0.000000;-0.000000; 0.000000; 959.276123;-35.884842; 673.416565; 0.000000;-0.000000; 0.000000; 905.527466; 1504.263428; 871.919922;-0.623956;-1.346748; 20.949024; 1254.409424; 1811.552246; 1257.351196; 0.000000; 0.000000; 0.000000; 976.952698;-91.962769; 1028.787964; 0.000000; 0.000000; 0.000000; 881.957153; 999.815918; 862.528076; 0.000000;-0.000000; 0.000000; 896.179199; 1116.768066; 870.315369; 0.153265; 3.753830;-0.065134; 876.156433; 1201.197754; 864.755310; 0.500150; 4.692311;-0.195172; 857.626709; 1302.178101; 850.492310; 1.348102; 3.753829;-0.032567; 849.092468; 1453.016724; 822.823792; 0.000000; 0.000002; 0.000000; 893.436096; 1530.344971; 818.001282;-12.041248;-13.949854;-1.149993; 920.565430; 1616.802368; 831.577393;-2.555679;-3.079890; 9.991217; 940.018799; 1796.983276; 859.096924; 0.000000;-0.000000; 0.000000; 1067.625366; 1647.161621; 846.625183; 953.021606; 1682.916260; 755.824036; 940.648254; 1658.152588; 926.708191; 0.239848;-2.598571; 4.708649; 0.113641; 17.782547; 7.522514; 1.308988; 0.858318;
223;0;1776780262100000;; 950.279175; 939.930542; 870.730286; 1100.202515; 889.132019; 672.517395; 1.164532; 8.477855; 4.602930; 1009.209839; 1140.731934; 671.959167; 0.000000; 170.944336; 0.000000; 941.361816; 1443.999146; 700.736328; 80.748940; 82.447899; 159.209442; 1188.866455; 1751.940918; 1259.073730; 6.518430;-0.971612; 15.658347; 1049.076172; 1524.061768; 1248.476929; 0.000000; 111.558510; 0.000000; 890.365967; 1499.220825; 980.901733;-60.360683;-45.058651; 77.980515; 912.954468; 28.196068; 696.684082;-31.076189;-1.381763; 0.002227; 855.719666; 150.393799; 727.283997;-31.076189;-1.381763; 0.002227; 969.070496; 508.746490; 747.296875; 17.281780;-2.736567; 3.386141; 968.578308; 918.943115; 780.283569;-9.364311; 1.415296; 23.063097; 952.328247;-15.690109; 1012.007263;-54.315071;-6.134093;-0.012787; 927.002686; 118.435089; 989.346436;-54.315071; 6.134093; 0.012787; 976.383911; 491.499664; 982.282166; 12.752652; 1.908579;-4.866310; 938.385498; 900.521240; 957.642273;-1.030752;-8.398466;-8.243914; 890.365967; 1499.220825; 980.901733; 62.703697; 41.332481; 12.472599; 926.440979; 1491.166138; 793.050781; 0.973815; 2.052718;-13.402575; 1133.551270; 815.266113; 662.254395; 0.000000;-0.000000; 0.000000; 953.974243;-37.994019; 676.647705; 0.000000;-0.000000; 0.000000; 908.034668; 1505.602173; 877.865784;-0.667912;-1.437746; 19.702604; 1233.519409; 1819.264526; 1271.209595; 0.000000; 0.000000; 0.000000; 975.333557;-91.047157; 1028.047119; 0.000000; 0.000000; 0.000000; 888.633118; 1001.015930; 867.404785; 0.000000;-0.000000; 0.000000; 901.561951; 1118.070435; 875.878052; 0.053299; 3.876108;-0.044798; 880.779724; 1202.338867; 870.669922; 0.458557; 4.845146;-0.134221; 861.455200; 1303.193726; 856.574890; 1.307148; 3.876106;-0.022399; 851.900330; 1453.958984; 828.840332; 0.000000;-0.000001; 0.000001; 895.803162; 1531.532837; 823.930176;-12.206913;-14.030657;-1.141324; 922.580017; 1618.081543; 837.624207;-2.588740;-3.097340; 10.058564; 941.408936; 1798.277954; 865.474792; 0.000000;-0.000000; 0.000000; 1069.550537; 1648.956909; 852.494507; 954.666931; 1684.467529; 761.951477; 942.664185; 1659.315063; 932.805359;-0.113641;-2.341008; 4.431244; 0.166689; 16.704735; 7.512192; 1.303453; 0.862036;
224;0;1776780262116667;; 953.350952; 941.345093; 874.515564; 1097.655762; 888.815735; 672.356689; 3.094705; 7.903236; 2.882295; 1010.540955; 1141.752686; 676.403992; 0.000000; 172.461548; 0.000000; 940.759338; 1444.517944; 705.834229; 81.207367; 83.012505; 159.208618; 1171.421021; 1753.873657; 1272.332886; 6.187339;-1.977139; 16.145662; 1036.953247; 1522.866333; 1260.649780; 0.000000; 109.698074; 0.000000; 891.156189; 1499.805176; 985.670044;-60.074314;-42.250614; 78.706215; 911.743713; 27.770851; 699.156677;-33.690380;-1.349058; 0.001510; 859.310669; 152.543304; 727.915466;-33.690380;-1.349058; 0.001510; 971.418091; 511.165558; 749.995911; 16.548534;-2.710294; 2.625499; 974.903442; 921.272400; 783.904846;-10.516710; 1.767723; 22.843548; 951.420471;-14.290512; 1011.785095;-53.277088;-6.026567;-0.012920; 925.316284; 119.650085; 988.916809;-53.277088; 6.026567; 0.012920; 978.556824; 492.222382; 984.345276; 12.791784; 1.825055;-4.763931; 944.912720; 901.710938; 961.175842;-2.013335;-8.685343;-8.728434; 891.156189; 1499.805176; 985.670044; 61.913876; 38.883553; 11.012239; 929.113892; 1492.548950; 798.174438; 1.106643; 2.311069;-11.394792; 1126.799072; 813.593079; 659.478333; 0.000000;-0.000000; 0.000000; 950.171143;-40.271637; 680.215759; 0.000000;-0.000000; 0.000000; 910.733704; 1506.828125; 883.021545;-0.637109;-1.367257; 18.505495; 1215.347778; 1821.707886; 1284.273926; 0.000000; 0.000000; 0.000000; 974.836914;-89.485641; 1027.989014; 0.000000; 0.000000; 0.000000; 894.250488; 1002.202148; 871.442078; 0.000000;-0.000000; 0.000000; 906.187866; 1119.326416; 880.392334;-0.049385; 3.941920;-0.027213; 884.853882; 1203.473877; 875.467834; 0.410024; 4.927405;-0.081532; 864.969604; 1304.249268; 861.584656; 1.246533; 3.941918;-0.013605; 854.763794; 1455.000000; 834.003418;-0.000001;-0.000000; 0.000000; 898.357910; 1532.748657; 829.107788;-12.221991;-14.202320;-1.175152; 924.733582; 1619.368042; 843.129639;-2.585284;-3.139884; 10.154050; 942.725159; 1799.522949; 871.790894; 0.000000;-0.000000; 0.000000; 1071.577881; 1650.900269; 857.868713; 956.348267; 1686.265991; 767.709473; 944.794800; 1660.253906; 938.465515;-0.490588;-2.058045; 4.089452; 0.351659; 15.554222; 7.555717; 1.300640; 0.867273;
225;0;1776780262133333;; 956.112244; 942.394531; 877.852112; 1095.190552; 889.151855; 673.251099; 4.850935; 7.462789; 1.415936; 1010.612366; 1142.895020; 679.841431; 0.000000; 173.213669; 0.000000; 940.477295; 1445.501587; 710.054382; 81.335022; 83.248711; 159.278839; 1155.732300; 1751.455078; 1284.847900; 5.842855;-3.219509; 16.385641; 1024.128174; 1518.864502; 1272.023438; 0.000000; 107.715881; 0.000000; 892.393799; 1499.723389; 989.743225;-59.101421;-39.248894; 80.009209; 911.553833; 26.829529; 701.763245;-36.246559;-1.309909; 0.002397; 863.657288; 153.842621; 728.559814;-36.246559;-1.309909; 0.002397; 973.821045; 512.945007; 752.539185; 15.840049;-2.697808; 1.803640; 980.301270; 922.968933; 787.007385;-11.331667; 1.957035; 22.587551; 951.014343;-12.712021; 1011.908752;-52.092358;-5.910886;-0.012911; 923.710510; 120.933563; 988.717773;-52.092358; 5.910886; 0.012911; 980.453369; 493.011749; 986.805969; 12.931488; 1.620910;-4.662844; 950.470947; 902.818359; 964.239441;-2.758291;-8.897858;-9.212667; 892.393799; 1499.723389; 989.743225; 60.608997; 36.275585; 9.570624; 931.942383; 1493.793701; 802.598022; 1.114977; 2.306410;-9.599378; 1120.801392; 812.966431; 658.639465; 0.000000;-0.000000; 0.000000; 947.521301;-42.858978; 684.013367; 0.000000;-0.000000; 0.000000; 913.657715; 1507.810913; 887.509460;-0.527704;-1.128679; 17.364840; 1199.989380; 1819.097534; 1296.656738; 0.000000; 0.000000; 0.000000; 975.078003;-87.651657; 1028.346436; 0.000000; 0.000000; 0.000000; 899.170044; 1003.199646; 874.745850; 0.000000;-0.000000; 0.000000; 910.411133; 1120.372681; 883.956055;-0.130058; 3.944801;-0.011007; 888.687805; 1204.432983; 879.249634; 0.365797; 4.931002;-0.032978; 868.400879; 1305.164795; 865.635315; 1.182678; 3.944801;-0.005504; 857.749268; 1455.956299; 838.448975; 0.000001;-0.000001; 0.000000; 901.088074; 1533.854614; 833.666931;-12.098873;-14.420657;-1.237457; 926.970886; 1620.544556; 848.162903;-2.549826;-3.195893; 10.262337; 943.836731; 1800.622070; 877.972046; 0.000000;-0.000000; 0.000000; 1073.639038; 1652.956665; 862.746216; 957.949646; 1688.148560; 773.109253; 947.000488; 1660.932373; 943.717407;-0.855466;-1.740126; 3.734076; 0.674056; 14.385048; 7.615883; 1.300556; 0.874311;
226;0;1776780262150000;; 958.640381; 942.992493; 880.810303; 1092.966797; 889.988525; 675.152649; 6.318977; 7.054840; 0.237563; 1009.586670; 1144.109253; 682.428162; 0.000000; 173.237320; 0.000000; 940.661682; 1446.902710; 713.539612; 81.071815; 83.081184; 159.412262; 1141.898926; 1744.761230; 1296.678589; 5.514142;-4.643465; 16.388170; 1010.714417; 1512.014282; 1282.465332; 0.000000; 105.606941; 0.000000; 894.074219; 1498.896729; 993.284607;-57.550705;-36.062645; 81.785820; 911.930420; 25.411880; 704.438477;-38.667995;-1.252048; 0.004639; 868.340454; 154.356903; 729.289246;-38.667995;-1.252048; 0.004639; 976.409790; 513.981140; 754.921448; 15.231404;-2.692721; 0.962151; 985.015259; 923.937134; 789.730591;-11.836086; 1.966735; 22.326019; 950.787354;-11.129044; 1012.204956;-50.802948;-5.788308;-0.012652; 921.969604; 122.129700; 988.622864;-50.802948; 5.788308; 0.012652; 981.902588; 493.711182; 989.544983; 13.117157; 1.314759;-4.550577; 955.268372; 903.748718; 966.972412;-3.343504;-9.007987;-9.688604; 894.074219; 1498.896729; 993.284607; 58.795971; 33.587429; 8.085247; 934.897217; 1494.842896; 806.479431; 1.011407; 2.073786;-8.102896; 1115.902832; 813.116638; 659.716125; 0.000000;-0.000000; 0.000000; 945.551025;-45.729431; 687.892395; 0.000000;-0.000000; 0.000000; 916.767212; 1508.470459; 891.487366;-0.343369;-0.731833; 16.297335; 1187.448853; 1811.529053; 1308.548340; 0.000000; 0.000000; 0.000000; 975.674133;-85.738342; 1028.917480; 0.000000; 0.000000; 0.000000; 903.596802; 1003.906555; 877.441650; 0.000000;-0.000000; 0.000000; 914.408997; 1121.116455; 886.696106;-0.178496; 3.880963; 0.005066; 892.424133; 1205.117188; 882.141785; 0.330888; 4.851205; 0.015176; 871.841003; 1305.833374; 868.860779; 1.123610; 3.880964; 0.002533; 860.851074; 1456.717285; 842.328796; 0.000000; 0.000000; 0.000000; 903.942200; 1534.766357; 837.772461;-11.849463;-14.627965;-1.301999; 929.234253; 1621.538208; 852.811218;-2.486804;-3.248972; 10.381660; 944.691040; 1801.523804; 883.911377; 0.000000;-0.000000; 0.000000; 1075.675537; 1655.076660; 867.124329; 959.375977; 1689.960083; 778.159058; 949.263489; 1661.378418; 948.595459;-1.177527;-1.389030; 3.411624; 1.103758; 13.254219; 7.678345; 1.302517; 0.882999;
227;0;1776780262166667;; 960.938232; 943.136902; 883.458801; 1091.097046; 891.220581; 677.962158; 7.417857; 6.580184;-0.647819; 1007.798340; 1145.393188; 684.292542; 0.000000; 172.628265; 0.000000; 941.486328; 1448.663940; 716.418152; 80.389435; 82.434540; 159.571915; 1130.017090; 1733.810547; 1307.910400; 5.237405;-6.168794; 16.175447; 996.913269; 1502.286011; 1291.716309; 0.000000; 103.392990; 0.000000; 896.090881; 1497.367188; 996.397644;-55.557732;-32.753986; 83.951210; 912.465637; 23.665268; 706.982849;-40.857441;-1.162616; 0.007394; 872.889465; 154.225098; 730.054932;-40.857441;-1.162616; 0.007394; 979.163574; 514.273010; 757.200500; 14.769128;-2.708032; 0.138226; 989.183350; 924.176208; 792.252380;-12.075279; 1.783845; 22.081024; 950.597412;-9.586456; 1012.561035;-49.433865;-5.663966;-0.011784; 919.991150; 123.189941; 988.516235;-49.433865; 5.663966; 0.011784; 982.758057; 494.284393; 992.365417; 13.289269; 0.953692;-4.420477; 959.381714; 904.506714; 969.543396;-3.842674;-8.966625;-10.143610; 896.090881; 1497.367188; 996.397644; 56.523411; 30.970671; 6.477939; 937.917297; 1495.685425; 809.935791; 0.817771; 1.665017;-7.003394; 1112.285278; 813.837341; 662.582764; 0.000000;-0.000000; 0.000000; 943.888733;-48.723503; 691.566589; 0.000000;-0.000000; 0.000000; 919.961060; 1508.795288; 895.061951;-0.094734;-0.201201; 15.325411; 1177.654907; 1799.029663; 1320.187866; 0.000000; 0.000000; 0.000000; 976.460815;-83.791176; 1029.588989; 0.000000; 0.000000; 0.000000; 907.604309; 1004.302734; 879.670349; 0.000000;-0.000000; 0.000000; 918.209900; 1121.545532; 888.746155;-0.196776; 3.750235; 0.020298; 896.065979; 1205.508179; 884.262878; 0.305610; 4.687797; 0.060818; 875.266357; 1306.229492; 871.363892; 1.070725; 3.750235; 0.010148; 864.005859; 1457.248779; 845.730957; 0.000000;-0.000001; 0.000001; 906.840881; 1535.458618; 841.528870;-11.491730;-14.778443;-1.342343; 931.463074; 1622.326294; 857.115967;-2.401536;-3.285189; 10.518181; 945.287170; 1802.222168; 889.478027; 0.000000;-0.000000; 0.000000; 1077.631470; 1657.208130; 871.000916; 960.577026; 1691.591797; 782.834717; 951.546936; 1661.656250; 953.099426;-1.456294;-1.020291; 3.133441; 1.580163; 12.231239; 7.741692; 1.305163; 0.892250;
228;0;1776780262183333;; 963.031128; 942.879822; 885.864746; 1089.583984; 892.705688; 681.551392; 8.100301; 5.954784;-1.273612; 1005.711792; 1146.737549; 685.521301; 0.000000; 171.539795; 0.000000; 943.118896; 1450.675293; 718.784241; 79.328987; 81.246712; 159.701660; 1120.177612; 1718.622314; 1318.638550; 5.058708;-7.707494; 15.775219; 983.026611; 1489.705322; 1299.427124; 0.000000; 101.127609; 0.000000; 898.280701; 1495.285278; 999.111511;-53.252033;-29.433771; 86.454330; 913.018311; 21.773239; 709.099609;-42.717358;-1.030304; 0.009626; 877.018066; 153.611084; 730.715210;-42.717358;-1.030304; 0.009626; 982.062317; 513.892395; 759.502136; 14.468983;-2.775893;-0.640502; 992.928406; 923.754639; 794.779907;-12.105749; 1.401313; 21.862812; 950.470337;-8.076920; 1012.894165;-48.047649;-5.544676;-0.010069; 917.905151; 124.136505; 988.326294;-48.047649; 5.544676; 0.010069; 983.068054; 494.776764; 995.047913; 13.400720; 0.605985;-4.272535; 962.878723; 905.163757; 972.145386;-4.317885;-8.714398;-10.562154; 898.280701; 1495.285278; 999.111511; 53.859909; 28.628139; 4.676181; 940.932007; 1496.328979; 813.019409; 0.566119; 1.147823;-6.382979; 1109.860107; 814.905151; 667.074097; 0.000000;-0.000000; 0.000000; 942.476624;-51.634529; 694.652588; 0.000000;-0.000000; 0.000000; 923.112061; 1508.819214; 898.267334; 0.198941; 0.421133; 14.472396; 1170.481689; 1781.624756; 1331.822754; 0.000000; 0.000000; 0.000000; 977.405457;-81.818398; 1030.269409; 0.000000; 0.000000; 0.000000; 911.236938; 1004.418091; 881.597046; 0.000000;-0.000000; 0.000000; 921.792480; 1121.696899; 890.255737;-0.195042; 3.557631; 0.032291; 899.565186; 1205.635498; 885.734497; 0.287306; 4.447044; 0.096770; 878.608276; 1306.373291; 873.224609; 1.021375; 3.557631; 0.016147; 867.128601; 1457.555786; 848.674194; 0.000000; 0.000000; 0.000002; 909.697021; 1535.935547; 844.956848;-11.052086;-14.851803;-1.341075; 933.593445; 1622.912109; 861.057495;-2.300452;-3.297472; 10.678933; 945.631592; 1802.732178; 894.535034; 0.000000;-0.000000; 0.000000; 1079.446777; 1659.300415; 874.377747; 961.539734; 1692.978394; 787.079468; 953.775757; 1661.828491; 957.188721;-1.722606;-0.657897; 2.875963; 2.021585; 11.390228; 7.802025; 1.306723; 0.900290;
229;0;1776780262200000;; 964.981445; 942.289917; 888.083069; 1088.319946; 894.234924; 685.741455; 8.347155; 5.125557;-1.709533; 1003.819275; 1148.089111; 686.174194; 0.000000; 170.165924; 0.000000; 945.637695; 1452.760620; 720.709045; 78.012520; 79.485695; 159.746521; 1112.402832; 1699.257812; 1328.944092; 5.042470;-9.189733; 15.227754; 969.354492; 1474.406860; 1305.243896; 0.000000; 98.890739; 0.000000; 900.459106; 1492.869141; 1001.410034;-50.718960;-26.224836; 89.282440; 913.666382; 19.899887; 710.518860;-44.168468;-0.848310; 0.010421; 880.632812; 152.674286; 731.115112;-44.168468;-0.848310; 0.010421; 985.114929; 512.950439; 761.940002; 14.326240;-2.926101;-1.360057; 996.383789; 922.778687; 797.486084;-11.989889; 0.824159; 21.671751; 950.431763;-6.614990; 1013.155701;-46.757065;-5.436801;-0.007574; 915.963745; 125.014435; 988.053589;-46.757065; 5.436801; 0.007574; 983.070251; 495.251129; 997.386292; 13.429650; 0.349486;-4.111667; 965.873413; 905.799377; 974.934570;-4.814346;-8.206042;-10.927573; 900.459106; 1492.869141; 1001.410034; 50.855293; 26.762032; 2.643345; 943.858704; 1496.776001; 815.729004; 0.296291; 0.600269;-6.276050; 1108.285034; 816.055725; 672.972717; 0.000000;-0.000000; 0.000000; 941.491699;-54.283615; 696.816162; 0.000000;-0.000000; 0.000000; 926.087524; 1508.588623; 901.083618; 0.508205; 1.072687; 13.754590; 1165.732056; 1759.364502; 1343.669067; 0.000000; 0.000000; 0.000000; 978.407715;-79.884415; 1030.879883; 0.000000; 0.000000; 0.000000; 914.558411; 1004.294067; 883.376587; 0.000000;-0.000000; 0.000000; 925.144897; 1121.617188; 891.372375;-0.185527; 3.313619; 0.038211; 902.878174; 1205.535889; 886.679260; 0.272857; 4.142031; 0.114521; 881.797791; 1306.290283; 874.514526; 0.973285; 3.313620; 0.019106; 870.126282; 1457.644043; 851.137939;-0.000001; 0.000000; 0.000000; 912.418030; 1536.199341; 848.016968;-10.573923;-14.853329;-1.291617; 935.564331; 1623.291626; 864.581604;-2.193132;-3.285802; 10.866363; 945.757385; 1803.051514; 898.982605; 0.000000;-0.000000; 0.000000; 1081.070679; 1661.262085; 877.265991; 962.285339; 1694.073975; 790.832825; 955.861206; 1661.909546; 960.809082;-2.014797;-0.336300; 2.605793; 2.343014; 10.787056; 7.850288; 1.305601; 0.905272;
230;0;1776780262216667;; 966.844666; 941.436218; 890.115234; 1087.168823; 895.605713; 690.252869; 8.156752; 4.088546;-2.045832; 1002.501831; 1149.374146; 686.306030; 0.000000; 168.700821; 0.000000; 948.938110; 1454.726440; 722.269470; 76.608833; 77.163773; 159.674698; 1106.573364; 1675.828613; 1338.879883; 5.276834;-10.580438; 14.595503; 956.086914; 1456.656250; 1308.883667; 0.000000; 96.777405; 0.000000; 902.446960; 1490.350220; 1003.286011;-47.990345;-23.216314; 92.450325; 914.434570; 18.187271; 711.085205;-45.162777;-0.616424; 0.009246; 883.635620; 151.581848; 731.129639;-45.162777;-0.616424; 0.009246; 988.263062; 511.590576; 764.482300; 14.329291;-3.159870;-2.020474; 999.646606; 921.381531; 800.419373;-11.791400; 0.074449; 21.504137; 950.413147;-5.264954; 1013.340637;-45.697136;-5.344973;-0.004738; 914.391357; 125.856689; 987.766968;-45.697136; 5.344973; 0.004738; 983.075684; 495.745270; 999.188965; 13.378329; 0.256194;-3.943648; 968.501038; 906.459045; 977.942322;-5.351650;-7.435195;-11.222224; 902.446960; 1490.350220; 1003.286011; 47.517277; 25.524092; 0.392292; 946.586487; 1497.034302; 818.049561; 0.049433; 0.100395;-6.646098; 1107.139648; 817.067871; 679.927795; 0.000000;-0.000000; 0.000000; 941.030457;-56.535767; 697.881653; 0.000000;-0.000000; 0.000000; 928.757812; 1508.151978; 903.485474; 0.797098; 1.678390; 13.173169; 1163.089844; 1732.307129; 1355.900391; 0.000000; 0.000000; 0.000000; 979.237854;-78.129868; 1031.369629; 0.000000; 0.000000; 0.000000; 917.632996; 1003.972656; 885.093933; 0.000000;-0.000000; 0.000000; 928.269287; 1121.348145; 892.205322;-0.176468; 3.032787; 0.036098; 905.976440; 1205.242310; 887.207092; 0.261240; 3.790990; 0.108212; 884.776184; 1306.003662; 875.311279; 0.928960; 3.032788; 0.018050; 872.894592; 1457.518799; 853.115295; 0.000000; 0.000000;-0.000001; 914.899231; 1536.251831; 850.669434;-10.123316;-14.798814;-1.193576; 937.328369; 1623.451538; 867.650085;-2.094141;-3.253075; 11.073352; 945.777283; 1803.158325; 902.793213; 0.000000;-0.000000; 0.000000; 1082.486206; 1662.935303; 879.690918; 962.869446; 1694.841309; 794.068970; 957.749329; 1661.863647; 963.933655;-2.349437;-0.096913; 2.314184; 2.470530; 10.436989; 7.877777; 1.301060; 0.905861;
231;0;1776780262233333;; 968.624451; 940.384521; 891.922302; 1086.028076; 896.701721; 694.733582; 7.536863; 2.898128;-2.373956; 1001.901306; 1150.530762; 686.015747; 0.000000; 167.295044; 0.000000; 952.698669; 1456.422485; 723.589417; 75.279381; 74.353340; 159.495331; 1102.425415; 1648.485107; 1348.477783; 5.866776;-11.874982; 13.964375; 943.315125; 1436.824585; 1310.186646; 0.000000; 94.888817; 0.000000; 904.119995; 1487.913696; 1004.807983;-45.071167;-20.437773; 95.982307; 915.102234; 16.762131; 710.791382;-45.687393;-0.340592; 0.006067; 885.773804; 150.509399; 730.690552;-45.687393;-0.340592; 0.006067; 991.305969; 509.975769; 766.918457; 14.464317;-3.440415;-2.632406; 1002.742004; 919.708374; 803.498169;-11.569796;-0.811075; 21.357506; 950.265564;-4.129272; 1013.457642;-44.984192;-5.271296;-0.002213; 913.298340; 126.665497; 987.561340;-44.984192; 5.271296; 0.002213; 983.345459; 496.255280; 1000.303955; 13.262852; 0.373408;-3.771144; 970.889160; 907.138306; 981.077759;-5.922972;-6.440139;-11.429401; 904.119995; 1487.913696; 1004.807983; 43.825356; 24.993515;-2.026763; 948.983276; 1497.131104; 820.017151;-0.140124;-0.285940;-7.382399; 1106.101807; 817.849731; 687.450562; 0.000000;-0.000000; 0.000000; 940.891846;-58.291855; 697.868408; 0.000000;-0.000000; 0.000000; 931.021912; 1507.559204; 905.512207; 1.033945; 2.172805; 12.709565; 1162.101196; 1700.500000; 1368.649170; 0.000000; 0.000000; 0.000000; 979.606812;-76.736313; 1031.692627; 0.000000; 0.000000; 0.000000; 920.505859; 1003.496033; 886.769714; 0.000000;-0.000000; 0.000000; 931.179138; 1120.926758; 892.837952;-0.168411; 2.731087; 0.026288; 908.849731; 1204.786377; 887.438171; 0.254466; 3.413862; 0.078812; 887.502563; 1305.539917; 875.740295; 0.896275; 2.731088; 0.013144; 875.330078; 1457.194702; 854.685059;-0.000001;-0.000000;-0.000001; 917.034790; 1536.105957; 852.951294;-9.773006;-14.693383;-1.048727; 938.858459; 1623.388184; 870.293030;-2.019965;-3.200136; 11.278697; 945.871582; 1803.044067; 906.007690; 0.000000;-0.000000; 0.000000; 1083.716064; 1664.143066; 881.698181; 963.360291; 1695.254883; 796.822876; 959.445801; 1661.657349; 966.598145;-2.711878; 0.019782; 2.029798; 2.358002; 10.310493; 7.877197; 1.293462; 0.901652;
232;0;1776780262250000;; 970.279236; 939.178223; 893.484924; 1084.856079; 897.497314; 698.861816; 6.513631; 1.658591;-2.772245; 1001.899048; 1151.508057; 685.475891; 0.000000; 166.036179; 0.000000; 956.459534; 1457.755981; 724.845154; 74.140900; 71.203384; 159.260025; 1099.601807; 1617.372070; 1357.756958; 6.911178;-13.080036; 13.436111; 931.104736; 1415.317505; 1309.123535; 0.000000; 93.326569; 0.000000; 905.462524; 1485.647339; 1006.140564;-41.978939;-17.859592; 99.895241; 915.325439; 15.716644; 709.765625;-45.748608;-0.030342; 0.001014; 886.712402; 149.596619; 729.813293;-45.748608;-0.030342; 0.001014; 993.937073; 508.253174; 768.978699; 14.707115;-3.708669;-3.211055; 1005.632141; 917.883972; 806.601624;-11.371532;-1.791156; 21.231621; 949.795776;-3.305023; 1013.486450;-44.680115;-5.215040;-0.000564; 912.635986; 127.418121; 987.504272;-44.680115; 5.215040; 0.000564; 983.991089; 496.742371; 1000.680725; 13.102594; 0.707109;-3.591965; 973.141113; 907.791138; 984.223633;-6.507386;-5.287058;-11.537992; 905.462524; 1485.647339; 1006.140564; 39.766716; 25.184561;-4.552508; 950.944519; 1497.100586; 821.751770;-0.250363;-0.513891;-8.320856; 1105.041016; 818.431519; 695.013855; 0.000000;-0.000000; 0.000000; 940.727661;-59.489128; 696.958374; 0.000000;-0.000000; 0.000000; 932.852783; 1506.849365; 907.299500; 1.202851; 2.523522; 12.327186; 1162.192383; 1663.945312; 1381.984863; 0.000000; 0.000000; 0.000000; 979.245483;-75.855392; 1031.772095; 0.000000; 0.000000; 0.000000; 923.201355; 1002.899658; 888.423401; 0.000000;-0.000000; 0.000000; 933.899902; 1120.380615; 893.371094;-0.155125; 2.422413; 0.011928; 911.510742; 1204.194946; 887.533264; 0.256080; 3.028016; 0.035769; 889.967834; 1304.925537; 875.998718; 0.884112; 2.422413; 0.005966; 877.369812; 1456.693604; 856.039185;-0.000001; 0.000000; 0.000000; 918.758240; 1535.783447; 855.007202;-9.567853;-14.522794;-0.862806; 940.151489; 1623.117798; 872.621155;-1.981202;-3.124727; 11.447733; 946.193054; 1802.736084; 908.700195; 0.000000;-0.000000; 0.000000; 1084.801025; 1664.782227; 883.360901; 963.804443; 1695.302856; 799.184937; 960.995605; 1661.307007; 968.902771;-3.069500; 0.019782; 1.800919; 2.002521; 10.354424; 7.839127; 1.283934; 0.893288;
233;0;1776780262266667;; 971.741577; 937.838379; 894.820190; 1083.696167; 898.030945; 702.463989; 5.157955; 0.503500;-3.292739; 1002.224243; 1152.267822; 684.902283; 0.000000; 164.952576; 0.000000; 959.767578; 1458.688965; 726.205505; 73.262779; 67.947136; 159.047455; 1097.693848; 1582.582764; 1366.690552; 8.470880;-14.190174; 13.115811; 919.529175; 1392.520386; 1305.730713; 0.000000; 92.189629; 0.000000; 906.571289; 1483.539551; 1007.485718;-38.770546;-15.411402; 104.184898; 914.988220; 15.068787; 708.247681;-45.351009; 0.304538;-0.005489; 886.289185; 148.882019; 728.615540;-45.351009; 0.304538;-0.005489; 995.873169; 506.519379; 770.477722; 15.014772;-3.909773;-3.770264; 1008.228394; 915.987915; 809.625061;-11.216816;-2.826743; 21.125427; 948.833801;-2.832275; 1013.367737;-44.768127;-5.173265; 0.000003; 912.213074; 128.084320; 987.595093;-44.768127; 5.173265;-0.000003; 984.931091; 497.156158; 1000.388184; 12.913202; 1.217582;-3.400139; 975.312317; 908.356384; 987.291626;-7.083243;-4.048687;-11.547390; 906.571289; 1483.539551; 1007.485718; 35.365002; 26.071568;-7.132751; 952.437256; 1496.971191; 823.416870;-0.273076;-0.563697;-9.285908; 1104.039551; 818.912659; 702.188293; 0.000000;-0.000000; 0.000000; 940.448608;-60.119194; 695.451538; 0.000000;-0.000000; 0.000000; 934.315002; 1506.045532; 909.032288; 1.306677; 2.737012; 11.980795; 1162.687378; 1622.581665; 1395.837891; 0.000000; 0.000000; 0.000000; 977.998413;-75.533615; 1031.510132; 0.000000; 0.000000; 0.000000; 925.710938; 1002.208801; 890.087036; 0.000000;-0.000000; 0.000000; 936.447083; 1119.728271; 893.909363;-0.129267; 2.116091;-0.002414; 913.976685; 1203.491089; 887.659119; 0.268355; 2.645114;-0.007238; 892.186584; 1304.188843; 876.303040; 0.896502; 2.116091;-0.001207; 879.017273; 1456.046265; 857.420227; 0.000000; 0.000001; 0.000000; 920.076355; 1535.313354; 857.035950;-9.503928;-14.262486;-0.648066; 941.236084; 1622.677734; 874.782104;-1.977298;-3.024162; 11.542108; 946.805054; 1802.294189; 910.945984; 0.000000;-0.000000; 0.000000; 1085.785767; 1664.873291; 884.766479; 964.222717; 1694.997070; 801.266418; 962.458862; 1660.882812; 970.974609;-3.392287;-0.104678; 1.666009; 1.446045; 10.517006; 7.754929; 1.273761; 0.882260;
234;0;1776780262283333;; 972.943604; 936.371765; 895.953918; 1082.684814; 898.395142; 705.562805; 3.605623;-0.428631;-3.949989; 1002.603760; 1152.806396; 684.481201; 0.000000; 164.028381; 0.000000; 962.292358; 1459.244629; 727.760559; 72.683380; 64.879150; 158.940277; 1096.280884; 1544.158081; 1375.151001; 10.542634;-15.165733; 13.098014; 908.681152; 1368.814331; 1300.028320; 0.000000; 91.580116; 0.000000; 907.601807; 1481.523682; 1008.999084;-35.544334;-13.012304; 108.815308; 914.445923; 14.732834; 706.629089;-44.506432; 0.655781;-0.012343; 884.748169; 148.271545; 727.363586;-44.506432; 0.655781;-0.012343; 997.007507; 504.816437; 771.399475; 15.333211;-4.010671;-4.318472; 1010.397461; 914.064636; 812.463684;-11.088694;-3.878931; 21.033298; 947.337769;-2.660202; 1013.043213;-45.148685;-5.142065;-0.000375; 911.784912; 128.647034; 987.767334;-45.148685; 5.142065; 0.000375; 985.929688; 497.467743; 999.573425; 12.703274; 1.830643;-3.188783; 977.386169; 908.793335; 990.198303;-7.633596;-2.791746;-11.470116; 907.601807; 1481.523682; 1008.999084; 30.688591; 27.614317;-9.723359; 953.492737; 1496.770020; 825.144958;-0.212814;-0.441390;-10.137491; 1103.351074; 819.422974; 708.714539; 0.000000;-0.000000; 0.000000; 940.473083;-60.255974; 693.804443; 0.000000;-0.000000; 0.000000; 935.527283; 1505.162476; 910.862976; 1.360495; 2.845014; 11.632314; 1162.840942; 1576.332275; 1409.910522; 0.000000; 0.000000; 0.000000; 975.936646;-75.668594; 1030.850098; 0.000000; 0.000000; 0.000000; 927.973022; 1001.448853; 891.757507; 0.000000;-0.000000; 0.000000; 938.789734; 1118.991211; 894.497864;-0.088563; 1.815898;-0.012706; 916.231384; 1202.704468; 887.910767; 0.290202; 2.269873;-0.038109; 894.162964; 1303.368774; 876.798157; 0.929819; 1.815898;-0.006354; 880.320557; 1455.299805; 859.021729; 0.000000; 0.000000;-0.000001; 921.054138; 1534.735474; 859.204224;-9.537018;-13.891649;-0.421617; 942.161316; 1622.122681; 876.900818;-1.998013;-2.897950; 11.531295; 947.685669; 1801.791870; 912.809326; 0.000000;-0.000000; 0.000000; 1086.706665; 1664.534790; 885.991089; 964.616882; 1694.382812; 803.163086; 963.889465; 1660.477539; 972.920715;-3.658215;-0.300014; 1.636738; 0.766428; 10.750359; 7.624687; 1.263807; 0.870582;
235;0;1776780262300000;; 973.834473; 934.797180; 896.897583; 1081.993042; 898.723755; 708.342285; 2.044281;-1.020452;-4.724061; 1002.854370; 1153.169434; 684.322266; 0.000000; 163.222076; 0.000000; 963.875305; 1459.506470; 729.496277; 72.420250; 62.292637; 159.003998; 1095.015137; 1502.125122; 1382.882812; 13.047317;-15.923302; 13.453457; 898.713623; 1344.674805; 1292.011353; 0.000000; 91.621933; 0.000000; 908.708069; 1479.538452; 1010.738586;-32.414047;-10.608886; 113.710823; 914.374512; 14.538055; 705.407349;-43.270763; 1.016561;-0.017781; 882.707825; 147.578491; 726.429382;-43.270763; 1.016561;-0.017781; 997.461548; 503.149292; 771.888733; 15.616968;-4.005831;-4.857264; 1011.984314; 912.148376; 814.998779;-10.939309;-4.907497; 20.942722; 945.463745;-2.666107; 1012.492920;-45.663822;-5.117619;-0.001287; 911.163513; 129.106842; 987.919678;-45.663822; 5.117619; 0.001287; 986.688049; 497.687103; 998.416443; 12.474414; 2.457119;-2.952850; 979.265259; 909.103455; 992.839478;-8.144854;-1.571828;-11.330456; 908.708069; 1479.538452; 1010.738586; 25.839544; 29.770790;-12.263735; 954.173218; 1496.532837; 826.985901;-0.083679;-0.174164;-10.799911; 1103.267822; 820.091309; 714.503540; 0.000000;-0.000000; 0.000000; 941.509155;-60.057243; 692.583313; 0.000000;-0.000000; 0.000000; 936.608215; 1504.221802; 912.852783; 1.382107; 2.884992; 11.266886; 1161.949707; 1525.195557; 1423.640015; 0.000000; 0.000000; 0.000000; 973.405029;-76.043800; 1029.819336; 0.000000; 0.000000; 0.000000; 929.871338; 1000.656860; 893.363281; 0.000000;-0.000000; 0.000000; 940.833862; 1118.204956; 895.087769;-0.038408; 1.521183;-0.015801; 918.203796; 1201.880371; 888.269592; 0.316751; 1.901479;-0.047393; 895.864136; 1302.522583; 877.505066; 0.973479; 1.521183;-0.007900; 881.336365; 1454.524536; 860.922241; 0.000000; 0.000000; 0.000000; 921.777832; 1534.106689; 861.586121;-9.603055;-13.402984;-0.202627; 942.973999; 1621.521606; 879.037415;-2.027920;-2.749019; 11.397975; 948.749878; 1801.303467; 914.336731; 0.000000;-0.000000; 0.000000; 1087.579712; 1663.938477; 887.084900; 964.976868; 1693.542236; 804.929871; 965.309937; 1660.179199; 974.796143;-3.852648;-0.519641; 1.701344; 0.062557; 11.001640; 7.458725; 1.254344; 0.860315;
236;0;1776780262316667;; 974.362488; 933.148743; 897.639282; 1081.734009; 899.142090; 711.059387; 0.665510;-1.201457;-5.580967; 1002.901123; 1153.426147; 684.460999; 0.000000; 162.488129; 0.000000; 964.530273; 1459.587280; 731.317017; 72.463547; 60.395786; 159.269135; 1093.611450; 1456.499756; 1389.510742; 15.834028;-16.358362; 14.213920; 889.821228; 1320.728638; 1281.722778; 0.000000; 92.471672; 0.000000; 909.977905; 1477.564575; 1012.652710;-29.470751;-8.204226; 118.757629; 915.311646; 14.300858; 704.967407;-41.770363; 1.380825;-0.020002; 880.840942; 146.624420; 726.102783;-41.770363; 1.380825;-0.020002; 997.470703; 501.506470; 772.165710; 15.845117;-3.918273;-5.381982; 1012.835571; 910.276062; 817.120667;-10.714901;-5.875431; 20.835646; 943.550232;-2.711990; 1011.741089;-46.142624;-5.097166;-0.002356; 910.288574; 129.470947; 987.954590;-46.142624; 5.097166; 0.002356; 986.930054; 497.856415; 997.109131; 12.223701; 3.011780;-2.690232; 980.765320; 909.326477; 995.102966;-8.601505;-0.431643;-11.159436; 909.977905; 1477.564575; 1012.652710; 20.933075; 32.496616;-14.650510; 954.547668; 1496.299927; 828.896912; 0.095675; 0.199608;-11.260824; 1103.959351; 820.996582; 719.600281; 0.000000;-0.000000; 0.000000; 944.017273;-59.718643; 692.227539; 0.000000;-0.000000; 0.000000; 937.631836; 1503.255249; 914.956482; 1.385796; 2.887235; 10.896416; 1159.401978; 1469.267456; 1436.225098; 0.000000; 0.000000; 0.000000; 970.960083;-76.417320; 1028.516968; 0.000000; 0.000000; 0.000000; 931.242920; 999.880737; 894.779724; 0.000000;-0.000000; 0.000000; 942.425415; 1117.418213; 895.558960; 0.009450; 1.229733;-0.009569; 919.766968; 1201.076172; 888.621399; 0.340608; 1.537166;-0.028706; 897.212341; 1301.719604; 878.326477; 1.013017; 1.229732;-0.004784; 882.103577; 1453.803345; 863.065247;-0.000001; 0.000000;-0.000001; 922.324036; 1533.492920; 864.141235;-9.638251;-12.808063;-0.007272; 943.702271; 1620.946411; 881.172424;-2.051234;-2.583606; 11.143844; 949.878723; 1800.892822; 915.553955; 0.000000;-0.000000; 0.000000; 1088.397461; 1663.260742; 888.067383; 965.288147; 1692.582886; 806.571533; 966.700439; 1660.049194; 976.593018;-3.973453;-0.712718; 1.825956;-0.590167; 11.216141; 7.270798; 1.245333; 0.852911;
237;0;1776780262333333;; 974.470215; 931.476196; 898.155334; 1081.907471; 899.725098; 713.932312;-0.392212;-0.964721;-6.496025; 1002.761841; 1153.643799; 684.884399; 0.000000; 161.796967; 0.000000; 964.423584; 1459.598877; 733.093689; 72.761131; 59.244514; 159.718201; 1091.649170; 1407.279053; 1394.466309; 18.704504;-16.400721; 15.354269; 882.117432; 1297.666748; 1269.310181; 0.000000; 94.285049; 0.000000; 911.384155; 1475.628418; 1014.603333;-26.756632;-5.858359; 123.823868; 917.275452; 13.908447; 705.362366;-40.191116; 1.743009;-0.018236; 879.535400; 145.351746; 726.405396;-40.191116; 1.743009;-0.018236; 997.237183; 499.885193; 772.425720; 16.026056;-3.794916;-5.883272; 1012.847839; 908.490234; 818.770874;-10.382134;-6.756736; 20.693920; 942.028992;-2.689606; 1010.829895;-46.445305;-5.079320;-0.003159; 909.240845; 129.744812; 987.796692;-46.445305; 5.079320; 0.003159; 986.473694; 498.032684; 995.839844; 11.947055; 3.428632;-2.402478; 981.653748; 909.524231; 996.908386;-8.983118; 0.600882;-10.988583; 911.384155; 1475.628418; 1014.603333; 16.074867; 35.737255;-16.737440; 954.694763; 1496.110474; 830.774597; 0.305822; 0.638959;-11.545760; 1105.387085; 822.145447; 724.117554; 0.000000;-0.000000; 0.000000; 947.806763;-59.409561; 692.811951; 0.000000;-0.000000; 0.000000; 938.614990; 1502.303955; 917.052307; 1.380688; 2.871305; 10.545356; 1154.547119; 1408.730469; 1446.575684; 0.000000; 0.000000; 0.000000; 969.224487;-76.595665; 1027.062622; 0.000000; 0.000000; 0.000000; 931.925537; 999.173889; 895.877014; 0.000000;-0.000000; 0.000000; 943.402039; 1116.685547; 895.777771; 0.042203; 0.940344; 0.006030; 920.785278; 1200.352539; 888.812683; 0.354868; 1.175430; 0.018087; 898.121765; 1301.028931; 879.094543; 1.035452; 0.940343; 0.003015; 882.649597; 1453.214966; 865.286194;-0.000001;-0.000000; 0.000002; 922.755249; 1532.956421; 866.739624;-9.598450;-12.139329; 0.159514; 944.365112; 1620.455688; 883.234619;-2.056696;-2.409833; 10.799516; 950.973389; 1800.597168; 916.495728; 0.000000;-0.000000; 0.000000; 1089.151001; 1662.637695; 888.933838; 965.547180; 1691.618286; 808.066589; 968.029663; 1660.101685; 978.267334;-4.038130;-0.840000; 1.963537;-1.102162; 11.353012; 7.070992; 1.236824; 0.848767;
238;0;1776780262350000;; 974.139893; 929.826050; 898.433838; 1082.400269; 900.456543; 717.053101;-1.080615;-0.367624;-7.464885; 1002.512756; 1153.851196; 685.563110; 0.000000; 161.148254; 0.000000; 963.826904; 1459.612915; 734.712036; 73.222511; 58.743835; 160.291107; 1088.453491; 1354.579956; 1396.846802; 21.454199;-16.066288; 16.783817; 875.577698; 1276.098877; 1255.047241; 0.000000; 97.152420; 0.000000; 912.812805; 1473.772705; 1016.423950;-24.253992;-3.665795; 128.789886; 919.742126; 13.337692; 706.301819;-38.729328; 2.098368;-0.013047; 878.776184; 143.854004; 727.080444;-38.729328; 2.098368;-0.013047; 996.884827; 498.293365; 772.782471; 16.192503;-3.691253;-6.350161; 1012.046448; 906.817749; 819.979980;-9.940549;-7.543162; 20.506351; 941.325562;-2.542633; 1009.794250;-46.485229;-5.064329;-0.003393; 908.216370; 129.920441; 987.393738;-46.485229; 5.064329; 0.003393; 985.300537; 498.253693; 994.758301; 11.641234; 3.674207;-2.095440; 981.767151; 909.744812; 998.254272;-9.270750; 1.516676;-10.843858; 912.812805; 1473.772705; 1016.423950; 11.343579; 39.416821;-18.358009; 954.720886; 1495.980713; 832.506592; 0.528113; 1.104208;-11.685780; 1107.321533; 823.455627; 728.162598; 0.000000;-0.000000; 0.000000; 952.069275;-59.254570; 694.032898; 0.000000;-0.000000; 0.000000; 939.547424; 1501.398804; 919.000366; 1.371630; 2.847718; 10.234293; 1146.644287; 1344.000122; 1453.198608; 0.000000; 0.000000; 0.000000; 968.747009;-76.467529; 1025.554321; 0.000000; 0.000000; 0.000000; 931.858215; 998.570679; 896.586426; 0.000000;-0.000000; 0.000000; 943.698120; 1116.042725; 895.669678; 0.053054; 0.654556; 0.028413; 921.209839; 1199.746338; 888.729614; 0.356389; 0.818195; 0.085240; 898.574585; 1300.488647; 879.650330; 1.034526; 0.654556; 0.014208; 883.022766; 1452.798340; 867.381226; 0.000000; 0.000000; 0.000000; 923.134705; 1532.528687; 869.217407;-9.468133;-11.448281; 0.304764; 944.987610; 1620.072388; 885.146912;-2.039977;-2.237065; 10.422890; 951.977234; 1800.411499; 917.238342; 0.000000;-0.000000; 0.000000; 1089.846802; 1662.144531; 889.675171; 965.766296; 1690.742676; 809.403992; 969.285583; 1660.287842; 979.779663;-4.079576;-0.878264; 2.066586;-1.440486; 11.398468; 6.865631; 1.229066; 0.847280;
239;0;1776780262366667;; 973.425842; 928.216431; 898.495178; 1083.042603; 901.214905; 720.351440;-1.445346; 0.482648;-8.499292; 1002.247375; 1154.012817; 686.471375; 0.000000; 160.572327; 0.000000; 963.031250; 1459.628906; 736.103577; 73.747482; 58.719521; 160.909088; 1083.245117; 1298.938110; 1395.418457; 23.910727;-15.462411; 18.363331; 870.123718; 1256.474976; 1239.345947; 0.000000; 101.056465; 0.000000; 914.142700; 1472.032593; 1017.987122;-21.888268;-1.728176; 133.570648; 921.913086; 12.625259; 707.363953;-37.525284; 2.443288;-0.006133; 878.226135; 142.314148; 727.777405;-37.525284; 2.443288;-0.006133; 996.465393; 496.736969; 773.269714; 16.388105;-3.648586;-6.774346; 1010.607910; 905.250854; 820.873230;-9.418386;-8.244121; 20.273579; 941.676575;-2.257858; 1008.685669;-46.230915;-5.054004;-0.002841; 907.387512; 129.980896; 986.739380;-46.230915; 5.054004; 0.002841; 983.536011; 498.512177; 993.930969; 11.304186; 3.758939;-1.779733; 981.114746; 909.992004; 999.240173;-9.461158; 2.327326;-10.740333; 914.142700; 1472.032593; 1017.987122; 6.791248; 43.430302;-19.352449; 954.750183; 1495.884155; 834.013123; 0.745646; 1.559253;-11.698609; 1109.448975; 824.757324; 731.778625; 0.000000;-0.000000; 0.000000; 955.750488;-59.332329; 695.433044; 0.000000;-0.000000; 0.000000; 940.424438; 1500.544189; 920.695435; 1.361093; 2.821848; 9.975413; 1135.058105; 1276.048706; 1454.283813; 0.000000; 0.000000; 0.000000; 969.796204;-75.995880; 1024.086914; 0.000000; 0.000000; 0.000000; 931.139893; 998.064209; 896.950928; 0.000000;-0.000000; 0.000000; 943.405945; 1115.484131; 895.271729; 0.045316; 0.377903; 0.052779; 921.131409; 1199.247559; 888.363403; 0.347260; 0.472381; 0.158339; 898.659912; 1300.081787; 879.919861; 1.012903; 0.377902; 0.026390; 883.303711; 1452.527344; 869.186462;-0.000001;-0.000000; 0.000000; 923.528198; 1532.190552; 871.432678;-9.257598;-10.794107; 0.439126; 945.600647; 1619.770386; 886.852844;-2.003124;-2.075234; 10.078181; 952.865234; 1800.285278; 917.877441; 0.000000;-0.000000; 0.000000; 1090.504150; 1661.792969; 890.292175; 965.968506; 1689.998657; 810.588989; 970.472900; 1660.510132; 981.111389;-4.130289;-0.828271; 2.108401;-1.612648; 11.365509; 6.664787; 1.222259; 0.847279;
240;0;1776780262383333;; 972.430664; 926.661987; 898.391724; 1083.701416; 901.843201; 723.607483;-1.599163; 1.455318;-9.614012; 1002.040283; 1154.065186; 687.579163; 0.000000; 160.116348; 0.000000; 962.236938; 1459.597656; 737.258850; 74.258438; 59.006771; 161.500931; 1075.368286; 1241.502319; 1388.901489; 25.955032;-14.743143; 19.944632; 865.690552; 1239.062256; 1222.733521; 0.000000; 105.880264; 0.000000; 915.290283; 1470.441772; 1019.249268;-19.548580;-0.123583; 138.124817; 923.084351; 11.854553; 708.245117;-36.621284; 2.775046; 0.000677; 877.435120; 140.927399; 728.265320;-36.621284; 2.775046; 0.000677; 995.980896; 495.236389; 773.846069; 16.651648;-3.673592;-7.154843; 1008.785889; 903.774841; 821.616394;-8.858377;-8.878509; 20.009720; 942.992065;-1.832779; 1007.612488;-45.703217;-5.051566;-0.001555; 906.775146; 129.930420; 985.903870;-45.703217; 5.051566; 0.001555; 981.371399; 498.774841; 993.304749; 10.935620; 3.739955;-1.469053; 979.881958; 910.238403; 1000.025757;-9.575290; 3.058130;-10.679764; 915.290283; 1470.441772; 1019.249268; 2.458385; 47.644993;-19.598476; 954.866699; 1495.772827; 835.270813; 0.944298; 1.973770;-11.589247; 1111.521851; 825.870361; 734.911560; 0.000000;-0.000000; 0.000000; 958.007507;-59.640533; 696.667908; 0.000000;-0.000000; 0.000000; 941.236877; 1499.734863; 922.099915; 1.350776; 2.797333; 9.774068; 1119.464722; 1206.583252; 1448.145020; 0.000000; 0.000000; 0.000000; 972.218079;-75.185204; 1022.793579; 0.000000; 0.000000; 0.000000; 929.984131; 997.625061; 897.112793; 0.000000;-0.000000; 0.000000; 942.723938; 1114.982178; 894.723755; 0.028658; 0.119915; 0.073075; 920.727295; 1198.819336; 887.819763; 0.332884; 0.149894; 0.219231; 898.522095; 1299.758545; 879.945007; 0.979720; 0.119915; 0.036538; 883.562439; 1452.336914; 870.634644; 0.000000;-0.000000;-0.000001; 923.969482; 1531.894409; 873.309570;-9.000012;-10.225309; 0.570833; 946.221252; 1619.498657; 888.328247;-1.953759;-1.932413; 9.813271; 953.649963; 1800.154053; 918.484192; 0.000000;-0.000000; 0.000000; 1091.140381; 1661.536133; 890.789856; 966.174316; 1689.375977; 811.633667; 971.602722; 1660.670532; 982.262756;-4.202676;-0.717916; 2.097978;-1.675029; 11.279366; 6.489189; 1.216321; 0.847559;
241;0;1776780262400000;; 971.263794; 925.185303; 898.170776; 1084.331055; 902.263428; 726.506104;-1.678081; 2.428042;-10.811096; 1001.903992; 1153.994019; 688.823914; 0.000000; 159.816528; 0.000000; 961.468689; 1459.486694; 738.237366; 74.717567; 59.504635; 162.020477; 1064.362793; 1183.922607; 1376.412109; 27.527510;-14.051063; 21.406996; 862.205078; 1223.938965; 1205.785522; 0.000000; 111.456032; 0.000000; 916.209839; 1469.034546; 1020.275085;-17.118557; 1.125875; 142.450058; 922.855347; 11.148483; 708.853333;-35.974030; 3.091141; 0.006121; 876.026978; 139.855103; 728.504822;-35.974030; 3.091141; 0.006121; 995.408325; 493.847351; 774.364868; 17.006981;-3.731271;-7.500109; 1006.817139; 902.404480; 822.329163;-8.304616;-9.464168; 19.741562; 944.898682;-1.277832; 1006.722656;-44.971085;-5.060652; 0.000196; 906.260742; 129.797272; 985.022522;-44.971085; 5.060652;-0.000196; 979.016785; 499.003357; 992.705566; 10.538445; 3.706843;-1.176974; 978.368469; 910.445435; 1000.747620;-9.652649; 3.732741;-10.652644; 916.209839; 1469.034546; 1020.275085;-1.613366; 51.910801;-19.044577; 955.051575; 1495.617920; 836.332520; 1.112677; 2.323276;-11.360679; 1113.449341; 826.719971; 737.412537; 0.000000;-0.000000; 0.000000; 958.428101;-60.078926; 697.608582; 0.000000;-0.000000; 0.000000; 941.941040; 1498.978149; 923.266907; 1.341977; 2.776854; 9.629108; 1099.813599; 1137.839355; 1433.798584; 0.000000; 0.000000; 0.000000; 975.497559;-74.084846; 1021.824097; 0.000000; 0.000000; 0.000000; 928.630493; 997.227539; 897.247375; 0.000000;-0.000000; 0.000000; 941.859070; 1114.515625; 894.211548; 0.012518;-0.108009; 0.083716; 920.166565; 1198.429810; 887.280579; 0.318894;-0.135013; 0.251148; 898.275513; 1299.472900; 879.872559; 0.946158;-0.108009; 0.041857; 883.801147; 1452.167969; 871.787476;-0.000001;-0.000000;-0.000001; 924.419006; 1531.603027; 874.876526;-8.745771;-9.763121; 0.707373; 946.824829; 1619.217407; 889.603821;-1.903689;-1.811287; 9.651175; 954.376587; 1799.976807; 919.098206; 0.000000;-0.000000; 0.000000; 1091.746704; 1661.288818; 891.159119; 966.360962; 1688.833740; 812.565369; 972.691528; 1660.717041; 983.261353;-4.279609;-0.600357; 2.084689;-1.720332; 11.159897; 6.367615; 1.211028; 0.847293;
242;0;1776780262416667;; 970.021667; 923.815674; 897.851318; 1084.954102; 902.523926; 728.734924;-1.795409; 3.313268;-12.066216; 1001.781189; 1153.863525; 690.093201; 0.000000; 159.673828; 0.000000; 960.598022; 1459.312622; 739.157410; 75.121071; 60.160702; 162.450195; 1049.885986; 1128.025757; 1357.796753; 28.623495;-13.482374; 22.670012; 859.572205; 1210.995605; 1189.039062; 0.000000; 117.626839; 0.000000; 916.891174; 1467.810303; 1021.219971;-14.509477; 2.062826; 146.562042; 921.177734; 10.628204; 709.259888;-35.501991; 3.389550; 0.009712; 873.830566; 139.194183; 728.586060;-35.501991; 3.389550; 0.009712; 994.751404; 492.647247; 774.571472; 17.459116;-3.756637;-7.827424; 1004.895325; 901.179871; 823.026001;-7.794888;-10.009670; 19.504816; 946.881775;-0.649643; 1006.138123;-44.136860;-5.084348; 0.001971; 905.662109; 129.603180; 984.238098;-44.136860; 5.084348;-0.001971; 976.672363; 499.149658; 991.888000; 10.119678; 3.753716;-0.913665; 976.910461; 910.559570; 1001.452454;-9.738926; 4.358589;-10.642783; 916.891174; 1467.810303; 1021.219971;-5.375059; 56.078754;-17.728703; 955.187866; 1495.414795; 837.323975; 1.241967; 2.589047;-11.026643; 1115.273926; 827.377930; 739.099548; 0.000000;-0.000000; 0.000000; 957.032898;-60.502487; 698.303711; 0.000000;-0.000000; 0.000000; 942.464478; 1498.279175; 924.333618; 1.335479; 2.761884; 9.531742; 1076.103882; 1072.146484; 1411.311035; 0.000000; 0.000000; 0.000000; 978.937256;-72.819221; 1021.277649; 0.000000; 0.000000; 0.000000; 927.295349; 996.846497; 897.480286; 0.000000;-0.000000; 0.000000; 940.977478; 1114.066895; 893.890686; 0.002860;-0.296645; 0.082323; 919.567627; 1198.051270; 886.931885; 0.309318;-0.370810; 0.246967; 897.974304; 1299.185303; 879.899597; 0.921631;-0.296645; 0.041160; 883.953064; 1451.972534; 872.819641; 0.000001;-0.000000; 0.000000; 924.770447; 1531.290283; 876.270386;-8.545601;-9.396147; 0.859248; 947.337463; 1618.900146; 890.776978;-1.865009;-1.707498; 9.594349; 955.074585; 1799.735718; 919.752563; 0.000000;-0.000000; 0.000000; 1092.268921; 1660.963135; 891.372070; 966.426270; 1688.312744; 813.442993; 973.755859; 1660.642944; 984.172058;-4.318923;-0.534491; 2.146760;-1.844723; 11.011864; 6.327240; 1.206319; 0.846238;
243;0;1776780262433333;; 968.793152; 922.558472; 897.413696; 1085.610229; 902.753479; 730.093018;-2.008312; 4.070219;-13.323585; 1001.603210; 1153.783569; 691.244446; 0.000000; 159.650955; 0.000000; 959.481445; 1459.129028; 740.156616; 75.470665; 60.897980; 162.787140; 1031.585449; 1075.538208; 1333.665283; 29.273624;-13.083380; 23.684071; 857.660156; 1199.940674; 1172.865723; 0.000000; 124.275078; 0.000000; 917.331848; 1466.696045; 1022.255737;-11.705225; 2.764781; 150.471771; 918.366638; 10.351624; 709.638123;-35.122120; 3.669772; 0.011349; 870.960876; 138.942963; 728.649353;-35.122120; 3.669772; 0.011349; 994.091187; 491.689240; 774.196960; 17.992393;-3.680568;-8.159685; 1003.192810; 900.129944; 823.623901;-7.357075;-10.511106; 19.335854; 948.456238;-0.063843; 1005.929688;-43.311172;-5.124326; 0.003379; 904.820496; 129.336151; 983.657959;-43.311172; 5.124326;-0.003379; 974.492615; 499.150574; 990.635681; 9.689802; 3.949654;-0.684512; 975.781982; 910.510437; 1002.083984;-9.871451; 4.923544;-10.634154; 917.331848; 1466.696045; 1022.255737;-8.764903; 60.028103;-15.780060; 955.143799; 1495.166382; 838.400208; 1.328047; 2.762779;-10.617534; 1117.077393; 827.999146; 739.852295; 0.000000;-0.000000; 0.000000; 954.248596;-60.804169; 698.935547; 0.000000;-0.000000; 0.000000; 942.745605; 1497.613281; 925.469543; 1.331846; 2.753211; 9.457598; 1048.192139; 1011.602295; 1381.728271; 0.000000; 0.000000; 0.000000; 981.873474;-71.586159; 1021.195801; 0.000000; 0.000000; 0.000000; 926.152039; 996.442627; 897.825562; 0.000000;-0.000000; 0.000000; 940.197693; 1113.606567; 893.819214; 0.000961;-0.443274; 0.071329; 919.004639; 1197.647461; 886.879333; 0.305625;-0.554096; 0.213981; 897.636230; 1298.851807; 880.180115; 0.910652;-0.443273; 0.035664; 883.939880; 1451.704834; 873.934326; 0.000000;-0.000000; 0.000000; 924.914001; 1530.928223; 877.681519;-8.429720;-9.087210; 1.041086; 947.672180; 1618.522095; 891.984619;-1.845293;-1.610877; 9.633934; 955.723877; 1799.419312; 920.485657; 0.000000;-0.000000; 0.000000; 1092.627319; 1660.503418; 891.411072; 966.227112; 1687.745728; 814.351929; 974.803772; 1660.464355; 985.085449;-4.268245;-0.570269; 2.361403;-2.118679; 10.825752; 6.385719; 1.202383; 0.844718;
244;0;1776780262450000;; 967.637878; 921.393433; 896.814941; 1086.314209; 903.081055; 730.543274;-2.310984; 4.702612;-14.504983; 1001.353333; 1153.858032; 692.137024; 0.000000; 159.687134; 0.000000; 958.099670; 1458.998901; 741.337280; 75.742271; 61.558727; 163.022110; 1009.097839; 1027.989868; 1305.141357; 29.507965;-12.866689; 24.410540; 856.230286; 1190.349609; 1157.312744; 0.000000; 131.294708; 0.000000; 917.478699; 1465.556274; 1023.475403;-8.813643; 3.302695; 154.182373; 914.990601; 10.303452; 710.191528;-34.756542; 3.933676; 0.010916; 867.730042; 139.005066; 728.813904;-34.756542; 3.933676; 0.010916; 993.519897; 490.974487; 773.085632; 18.567743;-3.458105;-8.520499; 1001.844666; 899.250366; 823.988831;-7.010053;-10.953363; 19.261076; 949.309692; 0.345978; 1006.134460;-42.588840;-5.181049; 0.004111; 903.668884; 128.961029; 983.340881;-42.588840; 5.181049;-0.004111; 972.544495; 498.949310; 988.852905; 9.259974; 4.318139;-0.489929; 975.090820; 910.235779; 1002.512451;-10.063420; 5.403602;-10.619083; 917.478699; 1465.556274; 1023.475403;-11.711910; 63.694969;-13.421219; 954.868042; 1494.875488; 839.682312; 1.373791; 2.851243;-10.171794; 1118.895996; 828.725647; 739.671875; 0.000000;-0.000000; 0.000000; 950.786377;-60.935272; 699.755371; 0.000000;-0.000000; 0.000000; 942.772217; 1496.928833; 926.804260; 1.331376; 2.750556; 9.349689; 1015.872864; 957.972900; 1346.678711; 0.000000; 0.000000; 0.000000; 983.858765;-70.592628; 1021.603088; 0.000000; 0.000000; 0.000000; 925.297974; 995.971802; 898.170166; 0.000000;-0.000000; 0.000000; 939.584167; 1113.098267; 893.925720; 0.004435;-0.553534; 0.056394; 918.520325; 1197.180176; 887.089600; 0.306873;-0.691920; 0.169179; 897.276489; 1298.433350; 880.741211; 0.911985;-0.553533; 0.028197; 883.736328; 1451.329590; 875.257751; 0.000001;-0.000000; 0.000001; 924.807617; 1530.489746; 879.267883;-8.395906;-8.788239; 1.269431; 947.783813; 1618.063232; 893.346008;-1.844764;-1.508806; 9.759015; 956.268433; 1799.021973; 921.326355; 0.000000;-0.000000; 0.000000; 1092.764893; 1659.908691; 891.297058; 965.665100; 1687.079956; 815.371826; 975.833862; 1660.207397; 986.082703;-4.085524;-0.736482; 2.773117;-2.565214; 10.586891; 6.547676; 1.199501; 0.843276;
245;0;1776780262466667;; 966.581604; 920.272217; 896.004944; 1087.028687; 903.571045; 730.204468;-2.655113; 5.244857;-15.526670; 1001.061157; 1154.135864; 692.663513; 0.000000; 159.714401; 0.000000; 956.586243; 1458.958496; 742.739380; 75.887383; 61.944954; 163.139221; 982.373474; 986.648926; 1273.481079; 29.319311;-12.834299; 24.803936; 854.924316; 1181.770508; 1142.078003; 0.000000; 138.536850; 0.000000; 917.237427; 1464.223145; 1024.860107;-6.074487; 3.727318; 157.702042; 911.688660; 10.404160; 711.058228;-34.327072; 4.185238; 0.008312; 864.473022; 139.200684; 729.130371;-34.327072; 4.185238; 0.008312; 993.027954; 490.433319; 771.258911; 19.121029;-3.086128;-8.927637; 1000.912476; 898.486633; 823.984253;-6.765831;-11.315153; 19.288637; 949.407288; 0.457527; 1006.745850;-42.035522;-5.253994; 0.004043; 902.298340; 128.422852; 983.291992;-42.035522; 5.253994;-0.004043; 970.841675; 498.499115; 986.596191; 8.839670; 4.830493;-0.326451; 974.788574; 909.690491; 1002.587524;-10.296656; 5.774283;-10.603031; 917.237427; 1464.223145; 1024.860107;-14.159878; 67.085251;-10.961284; 954.438538; 1494.529053; 841.225037; 1.387625; 2.872837;-9.718388; 1120.680298; 829.617493; 738.694092; 0.000000;-0.000000; 0.000000; 947.454041;-60.898529; 700.960327; 0.000000;-0.000000; 0.000000; 942.618713; 1496.150757; 928.393982; 1.333006; 2.750170; 9.111254; 979.365784; 912.591553; 1307.833618; 0.000000; 0.000000; 0.000000; 984.788208;-70.008156; 1022.493286; 0.000000; 0.000000; 0.000000; 924.754028; 995.388428; 898.329651; 0.000000;-0.000000; 0.000000; 939.165039; 1112.498169; 894.046265; 0.010268;-0.639368; 0.042375; 918.151184; 1196.609131; 887.416138; 0.310618;-0.799211; 0.127123; 896.940796; 1297.894775; 881.487732; 0.919772;-0.639368; 0.021189; 883.411621; 1450.818604; 876.808105;-0.000001; 0.000000;-0.000001; 924.519531; 1529.944458; 881.110474;-8.404587;-8.456566; 1.556558; 947.703247; 1617.504517; 894.928894;-1.855032;-1.390731; 9.960389; 956.630066; 1798.537231; 922.285828; 0.000000;-0.000000; 0.000000; 1092.678711; 1659.242920; 891.086548; 964.729431; 1686.283569; 816.554260; 976.849304; 1659.896606; 987.213501;-3.759527;-1.029456; 3.368599;-3.153743; 10.289726; 6.802574; 1.197822; 0.842296;
246;0;1776780262483333;; 965.634460; 919.113342; 894.956543; 1087.678833; 904.206482; 729.268616;-2.982275; 5.742230;-16.318045; 1000.741211; 1154.588867; 692.758301; 0.000000; 159.667511; 0.000000; 955.129211; 1458.988525; 744.361694; 75.867233; 61.928001; 163.133942; 952.135925; 952.353333; 1239.709595; 28.646582;-12.999015; 24.806583; 853.384888; 1173.848022; 1126.701538; 0.000000; 145.779373; 0.000000; 916.565918; 1462.528687; 1026.331787;-3.790001; 4.087449; 161.050720; 909.011353; 10.526199; 712.230713;-33.756924; 4.429424; 0.003722; 861.416382; 139.283875; 729.569702;-33.756924; 4.429424; 0.003722; 992.438232; 489.929535; 768.894470; 19.565569;-2.603160;-9.386940; 1000.360962; 897.732361; 823.517822;-6.631055;-11.576355; 19.407421; 949.016724; 0.163498; 1007.656616;-41.683933;-5.341284; 0.003313; 900.979248; 127.642303; 983.448853;-41.683933; 5.341284;-0.003313; 969.421326; 497.751587; 984.047974; 8.436087; 5.413435;-0.189118; 974.777222; 908.837036; 1002.205505;-10.528692; 6.020367;-10.602834; 916.565918; 1462.528687; 1026.331787;-16.098175; 70.259445;-8.750741; 954.033020; 1494.082153; 843.035645; 1.379779; 2.849249;-9.263143; 1122.332764; 830.646484; 737.121521; 0.000000;-0.000000; 0.000000; 944.981995;-60.733421; 702.567261; 0.000000;-0.000000; 0.000000; 942.455994; 1495.184326; 930.245300; 1.333957; 2.744357; 8.627545; 939.870789; 876.129578; 1266.414185; 0.000000; 0.000000; 0.000000; 984.927307;-69.957047; 1023.742126; 0.000000; 0.000000; 0.000000; 924.493408; 994.639221; 898.153442; 0.000000;-0.000000; 0.000000; 938.956787; 1111.747803; 894.018005; 0.017309;-0.714692; 0.030769; 917.944092; 1195.882935; 887.698303; 0.313932;-0.893366; 0.092303; 896.712341; 1297.193481; 882.295044; 0.925580;-0.714692; 0.015384; 883.120056; 1450.137695; 878.557617; 0.000001; 0.000000; 0.000000; 924.215088; 1529.248779; 883.236938;-8.384490;-8.061398; 1.904412; 947.529846; 1616.820801; 896.755920;-1.860281;-1.250702; 10.224010; 956.715027; 1797.953857; 923.352844; 0.000000;-0.000000; 0.000000; 1092.417480; 1658.621948; 890.841797; 963.474609; 1685.331177; 817.919861; 977.874023; 1659.554321; 988.495239;-3.322780;-1.409588; 4.075157;-3.807658; 9.950821; 7.122154; 1.197242; 0.841822;
247;0;1776780262500000;; 964.775452; 917.831116; 893.684875; 1088.200684; 904.945068; 727.897400;-3.251230; 6.235342;-16.839529; 1000.337341; 1155.148438; 692.390259; 0.000000; 159.492126; 0.000000; 953.824463; 1459.029785; 746.196289; 75.686028; 61.533993; 163.027130; 919.966614; 925.356628; 1204.442139; 27.389225;-13.399867; 24.360653; 851.363403; 1166.421875; 1110.827881; 0.000000; 152.737289; 0.000000; 915.531616; 1460.351562; 1027.820557;-2.215001; 4.454260; 164.248962; 907.334412; 10.515564; 713.579834;-32.987740; 4.670818;-0.001920; 858.645142; 138.975677; 730.066650;-32.987740; 4.670818;-0.001920; 991.405151; 489.303558; 766.270386; 19.801191;-2.073681;-9.890927; 1000.027893; 896.864929; 822.564270;-6.606290;-11.722095; 19.591852; 948.605835;-0.612984; 1008.651733;-41.529148;-5.438972; 0.002315; 900.066284; 126.530151; 983.691711;-41.529148; 5.438972;-0.002315; 968.329346; 496.666321; 981.462158; 8.053328; 5.967731;-0.073845; 974.948425; 907.653687; 1001.342773;-10.707255; 6.139118;-10.640271; 915.531616; 1460.351562; 1027.820557;-17.579006; 73.294678;-7.099818; 953.825134; 1493.475220; 845.104431; 1.359656; 2.799922;-8.787610; 1123.793945; 831.769836; 735.117859; 0.000000;-0.000000; 0.000000; 943.906616;-60.503914; 704.419373; 0.000000;-0.000000; 0.000000; 942.486816; 1493.942139; 932.351135; 1.331167; 2.725046; 7.809409; 899.596008; 848.449402; 1222.988037; 0.000000; 0.000000; 0.000000; 984.806458;-70.503212; 1025.085815; 0.000000; 0.000000; 0.000000; 924.427734; 993.679199; 897.590332; 0.000000;-0.000000; 0.000000; 938.932556; 1110.792603; 893.748047; 0.025693;-0.791955; 0.020691; 917.912354; 1194.955811; 887.840576; 0.314055;-0.989945; 0.062072; 896.654297; 1296.293579; 883.091431; 0.920941;-0.791956; 0.010347; 883.019104; 1449.257690; 880.500732; 0.000001;-0.000000; 0.000000; 924.075012; 1528.359253; 885.660889;-8.258418;-7.578799; 2.303515; 947.382507; 1615.987915; 898.821045;-1.842985;-1.086513; 10.518948; 956.451111; 1797.261963; 924.480774; 0.000000;-0.000000; 0.000000; 1092.051880; 1658.155273; 890.609497; 961.986145; 1684.189209; 819.458923; 978.941711; 1659.212158; 989.918335;-2.844963;-1.809159; 4.778523;-4.423813; 9.606827; 7.464386; 1.197397; 0.841672;
248;0;1776780262516667;; 963.915039; 916.397339; 892.240234; 1088.546997; 905.781921; 726.165222;-3.448772; 6.754738;-17.095980; 999.723633; 1155.772583; 691.558899; 0.000000; 159.162003; 0.000000; 952.622314; 1459.045654; 748.210449; 75.400383; 60.955395; 162.867691; 887.969849; 905.412109; 1168.094360; 25.457655;-14.108349; 23.439123; 848.761292; 1159.608276; 1094.409180; 0.000000; 159.095932; 0.000000; 914.319519; 1457.704834; 1029.270752;-1.456218; 4.925581; 167.297104; 906.847107; 10.236343; 714.964050;-32.015076; 4.912197;-0.006913; 856.181396; 138.038757; 730.584290;-32.015076; 4.912197;-0.006913; 989.508118; 488.455811; 763.711853; 19.732702;-1.567178;-10.422614; 999.616699; 895.823242; 821.150879;-6.679588;-11.742152; 19.805984; 948.626587;-1.849701; 1009.516235;-41.523788;-5.540980; 0.001528; 899.803406; 125.056641; 983.912598;-41.523788; 5.540980;-0.001528; 967.514832; 495.269714; 979.114502; 7.691381; 6.392977; 0.021051; 975.139954; 906.187866; 1000.038025;-10.784167; 6.135577;-10.734536; 914.319519; 1457.704834; 1029.270752;-18.712515; 76.237564;-6.181421; 953.907410; 1492.698364; 847.382751; 1.335621; 2.741765;-8.261510; 1125.056274; 832.998169; 732.740540; 0.000000;-0.000000; 0.000000; 944.507874;-60.277145; 706.320007; 0.000000;-0.000000; 0.000000; 942.869019; 1492.413330; 934.668701; 1.322191; 2.686476; 6.642457; 861.270874; 828.821716; 1177.826538; 0.000000; 0.000000; 0.000000; 984.993225;-71.582520; 1026.249756; 0.000000; 0.000000; 0.000000; 924.372375; 992.530945; 896.670532; 0.000000;-0.000000; 0.000000; 938.974121; 1109.644165; 893.207764; 0.034445;-0.879845; 0.011535; 917.982849; 1193.848633; 887.808105; 0.308723;-1.099806; 0.034600; 896.751343; 1295.225952; 883.851074; 0.899782;-0.879845; 0.005767; 883.197327; 1448.214355; 882.636719; 0.000000; 0.000000;-0.000000; 924.228455; 1527.290039; 888.359558;-7.977668;-6.993829; 2.731696; 947.375427; 1615.027222; 901.072266;-1.791503;-0.899913; 10.790795; 955.877625; 1796.487549; 925.583435; 0.000000;-0.000000; 0.000000; 1091.679077; 1657.897095; 890.423706; 960.411072; 1682.855103; 821.119263; 980.087891; 1658.927124; 991.436707;-2.409891;-2.155313; 5.353683;-4.899610; 9.293472; 7.787659; 1.197834; 0.841659;
249;0;1776780262533333;; 962.922424; 914.913391; 890.695496; 1088.649780; 906.752197; 724.097778;-3.581563; 7.321091;-17.137569; 998.767700; 1156.479248; 690.332214; 0.000000; 158.705078; 0.000000; 951.392700; 1459.072510; 750.293762; 75.111000; 60.495117; 162.730072; 858.322449; 892.008789; 1131.475708; 22.855206;-15.219043; 22.089453; 845.643494; 1153.817017; 1077.826904; 0.000000; 164.548935; 0.000000; 913.225647; 1454.825317; 1030.613281;-1.402517; 5.604142; 170.166107; 907.585144; 9.628151; 716.289124;-30.926855; 5.154008;-0.009340; 854.125610; 136.381958; 731.122070;-30.926855; 5.154008;-0.009340; 986.444885; 487.426025; 761.540039; 19.296862;-1.144006;-10.960482; 998.770813; 894.680908; 819.342834;-6.819928;-11.632274; 20.006804; 949.346924;-3.360229; 1010.142944;-41.586845;-5.640333; 0.001243; 900.208679; 123.329956; 984.075745;-41.586845; 5.640333;-0.001243; 966.795654; 493.715363; 977.261963; 7.348747; 6.610594; 0.094282; 975.126526; 904.610535; 998.366516;-10.726198; 6.017422;-10.896667; 913.225647; 1454.825317; 1030.613281;-19.642134; 79.073166;-5.945939; 954.282654; 1491.851440; 849.724670; 1.315968; 2.691452;-7.663475; 1126.090454; 834.382812; 729.971619; 0.000000;-0.000000; 0.000000; 946.782837;-60.100388; 708.123352; 0.000000;-0.000000; 0.000000; 943.678101; 1490.732178; 937.057678; 1.304899; 2.625666; 5.226467; 827.519836; 816.346741; 1131.774048; 0.000000; 0.000000; 0.000000; 985.894226;-72.948067; 1027.084961; 0.000000; 0.000000; 0.000000; 924.073853; 991.340820; 895.464722; 0.000000;-0.000000; 0.000000; 938.885803; 1108.438843; 892.403748; 0.040301;-0.980633; 0.004764; 918.004700; 1192.706177; 887.588562; 0.296562;-1.225791; 0.014287; 896.910828; 1294.143677; 884.541809; 0.860084;-0.980633; 0.002381; 883.659363; 1447.163086; 884.893860; 0.000000;-0.000000; 0.000000; 924.735229; 1526.171021; 891.201660;-7.544712;-6.319863; 3.148624; 947.617920; 1614.054199; 903.372375;-1.705008;-0.700721; 10.968152; 955.202759; 1795.728882; 926.561279; 0.000000;-0.000000; 0.000000; 1091.444946; 1657.851440; 890.320129; 959.002502; 1681.435059; 822.791626; 981.342651; 1658.782715; 992.954956;-2.093215;-2.392283; 5.693540;-5.155561; 9.025253; 8.063698; 1.198258; 0.841747;
250;0;1776780262550000;; 961.694092; 913.569092; 889.140137; 1088.434204; 907.869629; 721.686951;-3.659538; 7.941808;-17.040621; 997.422302; 1157.310059; 688.841858; 0.000000; 158.209778; 0.000000; 950.003357; 1459.191406; 752.257751; 74.927101; 60.423203; 162.688736; 832.750061; 884.370056; 1096.123779; 19.743729;-16.817844; 20.460821; 842.165527; 1149.540039; 1061.791138; 0.000000; 168.850601; 0.000000; 912.565491; 1452.105103; 1031.778809;-1.722397; 6.557964; 172.818466; 909.469482; 8.693748; 717.472107;-29.912571; 5.395287;-0.007982; 852.747925; 134.096283; 731.661255;-29.912571; 5.395287;-0.007982; 982.229065; 486.369293; 760.015259; 18.488171;-0.850494;-11.481041; 997.216736; 893.615662; 817.246582;-6.982303;-11.397346; 20.152157; 950.848267;-4.849106; 1010.512024;-41.630291;-5.730778; 0.001429; 901.148499; 121.567780; 984.183899;-41.630291; 5.730778;-0.001429; 965.971375; 492.240234; 976.090027; 7.029363; 6.579093; 0.141827; 974.688293; 903.165710; 996.434692;-10.522388; 5.795125;-11.126080; 912.565491; 1452.105103; 1031.778809;-20.507599; 81.740601;-6.102478; 954.853210; 1491.103638; 851.894043; 1.307765; 2.663429;-7.003678; 1126.821411; 835.935303; 726.738403; 0.000000;-0.000000; 0.000000; 950.456543;-60.045151; 709.711426; 0.000000;-0.000000; 0.000000; 944.858887; 1489.134399; 939.283997; 1.278988; 2.546006; 3.770838; 800.151367; 810.052368; 1086.751465; 0.000000; 0.000000; 0.000000; 987.709839;-74.245583; 1027.557861; 0.000000; 0.000000; 0.000000; 923.301697; 990.326294; 894.064087; 0.000000;-0.000000; 0.000000; 938.462646; 1107.388672; 891.371460; 0.039312;-1.089253; 0.003716; 917.798950; 1191.742920; 887.181030; 0.277791;-1.361566; 0.011148; 896.988770; 1293.263550; 885.106995; 0.804579;-1.089253; 0.001858; 884.312378; 1446.318970; 887.106201; 0.000000;-0.000000; 0.000000; 925.547485; 1525.199951; 893.941406;-7.010692;-5.614557; 3.499737; 948.148987; 1613.235107; 905.525208;-1.593311;-0.508835; 10.990841; 954.687744; 1795.115601; 927.380615; 0.000000;-0.000000; 0.000000; 1091.472656; 1657.987549; 890.349426; 958.016113; 1680.140259; 824.350281; 982.674072; 1658.824097; 994.366028;-1.947926;-2.489707; 5.731863;-5.150694; 8.794258; 8.278717; 1.198583; 0.842054;
251;0;1776780262566667;; 960.214722; 912.503174; 887.655212; 1087.894043; 909.086304; 718.871826;-3.685991; 8.601277;-16.875744; 995.787231; 1158.276733; 687.202393; 0.000000; 157.788177; 0.000000; 948.367249; 1459.447632; 753.910034; 74.912300; 60.809353; 162.775467; 812.132568; 881.287903; 1063.913574; 16.419653;-18.934366; 18.777115; 838.500488; 1146.999390; 1047.042725; 0.000000; 171.886124; 0.000000; 912.511536; 1449.852905; 1032.739136;-1.966895; 7.773582; 175.229858; 912.300720; 7.408875; 718.412476;-29.215578; 5.634965;-0.002839; 852.405396; 131.379517; 732.134644;-29.215578; 5.634965;-0.002839; 977.232788; 485.423218; 759.277893; 17.367550;-0.715651;-11.960251; 994.899536; 892.772217; 814.994690;-7.127344;-11.051150; 20.213276; 953.096985;-6.081528; 1010.607483;-41.591076;-5.807957; 0.001702; 902.482300; 119.956818; 984.207642;-41.591076; 5.807957;-0.001702; 964.972534; 491.019318; 975.653687; 6.747597; 6.300634; 0.158860; 973.713928; 902.022034; 994.362244;-10.186736; 5.484174;-11.409271; 912.511536; 1449.852905; 1032.739136;-21.395708; 84.173378;-6.217746; 955.416809; 1490.569824; 853.664856; 1.312821; 2.661938;-6.334056; 1127.195679; 837.584412; 722.933655; 0.000000;-0.000000; 0.000000; 955.022583;-60.300766; 710.965942; 0.000000;-0.000000; 0.000000; 946.197144; 1487.803223; 941.118408; 1.248181; 2.460312; 2.520768; 779.660461; 808.690979; 1045.235107; 0.000000; 0.000000; 0.000000; 990.464844;-75.204849; 1027.660767; 0.000000; 0.000000; 0.000000; 921.957031; 989.625793; 892.558044; 0.000000;-0.000000; 0.000000; 937.580933; 1106.633911; 890.167908; 0.030410;-1.196889; 0.011627; 917.229919; 1191.092651; 886.597473; 0.254991;-1.496111; 0.034876; 896.833984; 1292.712402; 885.485962; 0.740815;-1.196888; 0.005814; 884.964905; 1445.803467; 889.077881; 0.000001; 0.000000; 0.000000; 926.476562; 1524.502930; 896.320007;-6.454448;-4.968297; 3.740520; 948.858459; 1612.661987; 907.375854;-1.473183;-0.347881; 10.852346; 954.457947; 1794.700684; 928.148193; 0.000000;-0.000000; 0.000000; 1091.740723; 1658.227051; 890.546570; 957.508728; 1679.167480; 825.735046; 983.959595; 1658.968750; 995.617737;-1.992036;-2.442002; 5.457041;-4.887640; 8.584412; 8.428490; 1.198749; 0.842732;
252;0;1776780262583333;; 958.583557; 911.739868; 886.295837; 1087.101807; 910.308777; 715.570374;-3.658558; 9.256034;-16.684629; 994.080994; 1159.352905; 685.460022; 0.000000; 157.529160; 0.000000; 946.490662; 1459.826782; 755.124146; 75.052139; 61.482311; 162.958984; 796.569214; 881.226440; 1036.416748; 13.203874;-21.506111; 17.261370; 834.876709; 1146.009277; 1034.162354; 0.000000; 173.724960; 0.000000; 913.002197; 1448.165649; 1033.498535;-1.740484; 9.130525; 177.371155; 915.716553; 5.732445; 718.996521;-29.036196; 5.872662; 0.004760; 853.300537; 128.483948; 732.441833;-29.036196; 5.872662; 0.004760; 972.024963; 484.641571; 759.308899; 16.045441;-0.745510;-12.374882; 992.039612; 892.191040; 812.717651;-7.243241;-10.617130; 20.184856; 955.942993;-6.968353; 1010.403992;-41.453060;-5.869422; 0.001648; 904.106384; 118.589294; 984.084595;-41.453060; 5.869422;-0.001648; 963.905029; 490.102753; 975.870483; 6.525837; 5.817285; 0.142256; 972.277161; 901.212219; 992.259277;-9.757159; 5.106164;-11.722203; 913.002197; 1448.165649; 1033.498535;-22.299078; 86.308968;-5.896459; 955.747742; 1490.261719; 854.910522; 1.326582; 2.678759;-5.727967; 1127.206055; 839.197754; 718.487610; 0.000000;-0.000000; 0.000000; 959.811218;-61.115005; 711.765564; 0.000000;-0.000000; 0.000000; 947.397278; 1486.793823; 942.426270; 1.216786; 2.381229; 1.651702; 765.411865; 810.734924; 1009.328064; 0.000000; 0.000000; 0.000000; 993.982788;-75.740410; 1027.391846; 0.000000; 0.000000; 0.000000; 920.143494; 989.238037; 891.012878; 0.000000;-0.000000; 0.000000; 936.276978; 1106.181396; 888.853516; 0.016936;-1.295752; 0.029067; 916.284912; 1190.748047; 885.856506; 0.232915;-1.619691; 0.087187; 896.366638; 1292.468384; 885.631897; 0.680048;-1.295752; 0.014533; 885.404358; 1445.586914; 890.653320; 0.000001;-0.000000; 0.000000; 927.264038; 1524.076416; 898.165100;-5.961157;-4.472553; 3.861083; 949.535034; 1612.306396; 908.873657;-1.364151;-0.235540; 10.618977; 954.479797; 1794.428223; 929.076172; 0.000000;-0.000000; 0.000000; 1092.088989; 1658.450073; 890.876831; 957.300232; 1678.609375; 826.979553; 985.068726; 1659.026001; 996.723938;-2.205401;-2.267104; 4.913306;-4.408822; 8.392059; 8.516106; 1.198679; 0.843804;
253;0;1776780262600000;; 956.978455; 911.248657; 885.090149; 1086.126953; 911.422424; 711.757141;-3.579325; 9.846557;-16.481363; 992.538574; 1160.486084; 683.632690; 0.000000; 157.480225; 0.000000; 944.509827; 1460.286499; 755.850586; 75.265022; 62.150059; 163.164459; 785.649292; 882.714478; 1014.544189; 10.338599;-24.376970; 16.063341; 831.554626; 1146.141602; 1023.563538; 0.000000; 174.601227; 0.000000; 913.792969; 1447.022827; 1034.041992;-0.836231; 10.438449; 179.184509; 919.229126; 3.728523; 719.125000;-29.437119; 6.108889; 0.012632; 855.299316; 125.707458; 732.488647;-29.437119; 6.108889; 0.012632; 967.142151; 484.040985; 759.944946; 14.649609;-0.919257;-12.703617; 989.071655; 891.851562; 810.534058;-7.351610;-10.130652; 20.085993; 959.038391;-7.515251; 1009.923706;-41.244576;-5.914166; 0.001154; 905.860535; 117.516998; 983.779541;-41.244576; 5.914166;-0.001154; 962.949341; 489.477417; 976.575989; 6.386088; 5.198999; 0.092148; 970.622314; 900.700623; 990.223877;-9.292083; 4.688655;-12.036724; 913.792969; 1447.022827; 1034.041992;-23.136175; 88.076088;-4.925866; 955.735596; 1490.145752; 855.608826; 1.342579; 2.701729;-5.235479; 1126.835327; 840.615540; 713.444885; 0.000000;-0.000000; 0.000000; 964.145203;-62.581932; 712.006409; 0.000000;-0.000000; 0.000000; 948.234314; 1486.093872; 943.176392; 1.182174; 2.304696; 1.206405; 756.184631; 814.676514; 980.246826; 0.000000; 0.000000; 0.000000; 997.811340;-75.901955; 1026.809326; 0.000000; 0.000000; 0.000000; 918.148193; 989.092285; 889.473328; 0.000000;-0.000000; 0.000000; 934.757446; 1105.972046; 887.483032; 0.003707;-1.380666; 0.052721; 915.107544; 1190.634888; 884.977295; 0.216165;-1.725839; 0.158138; 895.643066; 1292.441895; 885.512024; 0.633096;-1.380666; 0.026361; 885.520325; 1445.574219; 891.730408; 0.000001; 0.000000;-0.000000; 927.731323; 1523.859741; 899.403076;-5.600997;-4.189579; 3.886727; 950.016602; 1612.095581; 910.033875;-1.283191;-0.178546; 10.400000; 954.687744; 1794.213745; 930.333923; 0.000000;-0.000000; 0.000000; 1092.362305; 1658.559204; 891.230225; 957.156433; 1678.471313; 828.141724; 985.966248; 1658.831665; 997.705994;-2.538984;-2.001152; 4.185679;-3.783048; 8.237099; 8.552177; 1.198443; 0.845128;
254;0;1776780262616667;; 955.595398; 910.985352; 884.043091; 1084.989014; 912.311462; 707.478760;-3.469766; 10.321003;-16.277342; 991.294189; 1161.594482; 681.754089; 0.000000; 157.646072; 0.000000; 942.636658; 1460.769897; 756.111206; 75.443130; 62.568890; 163.311752; 778.626648; 884.649475; 998.487061; 7.955241;-27.321066; 15.226237; 828.703796; 1146.919678; 1015.491028; 0.000000; 174.812653; 0.000000; 914.592529; 1446.370361; 1034.329224; 0.742389; 11.520852; 180.601685; 922.389893; 1.612648; 718.769104;-30.307615; 6.344858; 0.018583; 857.973145; 123.323395; 732.238892;-30.307615; 6.344858; 0.018583; 962.949524; 483.631531; 760.936890; 13.294016;-1.192351;-12.929622; 986.500244; 891.712280; 808.530090;-7.494502;-9.631828; 19.950991; 961.868347;-7.769592; 1009.285706;-41.007519;-5.942896; 0.000429; 907.465942; 116.773804; 983.328308;-41.007519; 5.942896;-0.000429; 962.237000; 489.107727; 977.569458; 6.339344; 4.529820; 0.011439; 969.082214; 900.431213; 988.329163;-8.861023; 4.260570;-12.328189; 914.592529; 1446.370361; 1034.329224;-23.827333; 89.404968;-3.303463; 955.445923; 1490.177979; 855.812744; 1.356119; 2.721395;-4.846296; 1126.052612; 841.691345; 707.936523; 0.000000;-0.000000; 0.000000; 967.568298;-64.520386; 711.660034; 0.000000;-0.000000; 0.000000; 948.649414; 1485.665649; 943.415344; 1.134517; 2.209827; 1.107101; 750.585693; 819.280579; 958.309265; 0.000000; 0.000000; 0.000000; 1001.305481;-75.797615; 1026.081787; 0.000000; 0.000000; 0.000000; 916.344727; 989.105835; 887.965515; 0.000000;-0.000000; 0.000000; 933.329163; 1105.933716; 886.100342;-0.006116;-1.448665; 0.076513; 913.951294; 1190.669678; 883.979187; 0.206905;-1.810844; 0.229500; 894.843750; 1292.539307; 885.112000; 0.605666;-1.448664; 0.038257; 885.359619; 1445.671753; 892.263916; 0.000000;-0.000000; 0.000000; 927.863220; 1523.788574; 900.041138;-5.405202;-4.133389; 3.860359; 950.269043; 1611.967896; 910.884949;-1.238501;-0.172453; 10.292457; 955.033264; 1793.998535; 931.934326; 0.000000;-0.000000; 0.000000; 1092.501831; 1658.530762; 891.481873; 956.942200; 1678.692871; 829.237610; 986.704285; 1658.334961; 998.552490;-2.930043;-1.694197; 3.376494;-3.093894; 8.151337; 8.558350; 1.198240; 0.846481;
255;0;1776780262633333;; 954.586426; 910.875244; 883.122742; 1083.679565; 912.905090; 702.787903;-3.373992; 10.656794;-16.108114; 990.311951; 1162.583496; 679.859985; 0.000000; 157.991318; 0.000000; 941.029846; 1461.207275; 756.002197; 75.496567; 62.647903; 163.344604; 774.597107; 886.333435; 987.883789; 6.097464;-30.070021; 14.691795; 826.366760; 1147.892944; 1009.997681; 0.000000; 174.622650; 0.000000; 915.172180; 1446.093628; 1034.337646; 2.849575; 12.273043; 181.578888; 924.932129;-0.334480; 718.009766;-31.405169; 6.582242; 0.021092; 860.770752; 121.481995; 731.740540;-31.405169; 6.582242; 0.021092; 959.604431; 483.395966; 762.001953; 12.060692;-1.506556;-13.045504; 984.739685; 891.708374; 806.710449;-7.715207;-9.149078; 19.816832; 963.940796;-7.818581; 1008.694946;-40.766125;-5.958182;-0.000178; 908.604492; 116.332001; 982.829956;-40.766125; 5.958182; 0.000178; 961.812866; 488.913208; 978.619934; 6.379355; 3.895179;-0.096400; 967.978577; 900.311218; 986.577515;-8.526344; 3.842062;-12.581053; 915.172180; 1446.093628; 1034.337646;-24.347719; 90.251862;-1.176095; 955.049805; 1490.293579; 855.635193; 1.364424; 2.730895;-4.487121; 1124.869873; 842.361023; 702.060486; 0.000000;-0.000000; 0.000000; 969.969543;-66.555031; 710.821167; 0.000000;-0.000000; 0.000000; 948.724182; 1485.430420; 943.254272; 1.066094; 2.078328; 1.211559; 747.347656; 823.595703; 943.217468; 0.000000; 0.000000; 0.000000; 1003.878113;-75.558746; 1025.472412; 0.000000; 0.000000; 0.000000; 915.072449; 989.182129; 886.476562; 0.000000;-0.000000; 0.000000; 932.291870; 1105.977295; 884.719849;-0.010616;-1.499025; 0.093885; 913.082397; 1190.758057; 882.876282; 0.204882;-1.873801; 0.281598; 894.190063; 1292.662109; 884.444885; 0.597574;-1.499023; 0.046942; 885.070190; 1445.782959; 892.285339; 0.000000;-0.000000;-0.000000; 927.763794; 1523.785400; 900.168823;-5.358819;-4.263577; 3.826736; 950.339966; 1611.864380; 911.465027;-1.227548;-0.202651; 10.342751; 955.431091; 1793.740234; 933.740662; 0.000000;-0.000000; 0.000000; 1092.509644; 1658.406006; 891.554932; 956.612793; 1679.143799; 830.242188; 987.336853; 1657.585938; 999.236328;-3.314580;-1.403606; 2.583614;-2.427290; 8.154007; 8.570198; 1.198221; 0.847618;
256;0;1776780262650000;; 954.027832; 910.820862; 882.261719; 1082.171875; 913.197449; 697.719055;-3.339063; 10.865160;-16.036909; 989.432007; 1163.380981; 677.971313; 0.000000; 158.456650; 0.000000; 939.742554; 1461.535156; 755.672852; 75.373093; 62.434322; 163.237885; 772.743347; 887.349121; 982.108276; 4.757210;-32.338688; 14.333398; 824.539429; 1148.657349; 1006.961548; 0.000000; 174.233200; 0.000000; 915.398193; 1445.998047; 1034.084106; 5.272029; 12.658111; 182.108826; 926.838989;-1.868843; 716.998108;-32.443810; 6.824062; 0.019559; 863.222290; 120.192749; 731.081421;-32.443810; 6.824062; 0.019559; 957.112244; 483.290314; 762.868164; 10.995896;-1.805317;-13.056600; 984.021057; 891.765259; 804.984375;-8.041711;-8.690136; 19.714935; 964.975464;-7.769287; 1008.376343;-40.517830;-5.963637;-0.000495; 909.054199; 116.094879; 982.396484;-40.517830; 5.963637; 0.000495; 961.658142; 488.774231; 979.481140; 6.483720; 3.368138;-0.228342; 967.529663; 900.218018; 984.883545;-8.325665; 3.438423;-12.790469; 915.398193; 1445.998047; 1034.084106;-24.719595; 90.607391; 1.236687; 954.723694; 1490.412964; 855.226624; 1.366416; 2.726184;-4.059457; 1123.326294; 842.653748; 695.840393; 0.000000;-0.000000; 0.000000; 971.578613;-68.275963; 709.672607; 0.000000;-0.000000; 0.000000; 948.596436; 1485.271729; 942.843933; 0.979210; 1.911473; 1.372027; 745.603394; 826.838867; 934.405334; 0.000000; 0.000000; 0.000000; 1005.218018;-75.300705; 1025.265747; 0.000000; 0.000000; 0.000000; 914.546631; 989.220886; 884.940613; 0.000000;-0.000000; 0.000000; 931.849670; 1106.005615; 883.313904;-0.008423;-1.533399; 0.100054; 912.692688; 1190.802368; 881.666931; 0.208621;-1.916772; 0.300102; 893.858521; 1292.711914; 883.543335; 0.605001;-1.533397; 0.050026; 884.811890; 1445.810181; 891.894104; 0.000000;-0.000000;-0.000000; 927.570190; 1523.760498; 899.940735;-5.417236;-4.494689; 3.824240; 950.293762; 1611.724365; 911.823914;-1.240912;-0.246828; 10.540737; 955.751953; 1793.409790; 935.521118; 0.000000;-0.000000; 0.000000; 1092.402466; 1658.246948; 891.439819; 956.170349; 1679.643311; 831.105164; 987.870850; 1656.696533; 999.735779;-3.637604;-1.184486; 1.883775;-1.858990; 8.240700; 8.631927; 1.198389; 0.848282;
257;0;1776780262666667;; 953.920227; 910.730042; 881.378113; 1080.423462; 913.212891; 692.329895;-3.387774; 10.970180;-16.131159; 988.513123; 1163.954590; 676.094299; 0.000000; 158.985611; 0.000000; 938.785461; 1461.717529; 755.257935; 75.054848; 62.020359; 162.991898; 772.537354; 887.457153; 980.501526; 3.898918;-33.860180; 14.010020; 823.262512; 1148.899170; 1006.143433; 0.000000; 173.782211; 0.000000; 915.233948; 1445.866943; 1033.599487; 7.784018; 12.676209; 182.212952; 928.338440;-2.847816; 715.898376;-33.182617; 7.076273; 0.014288; 865.094299; 119.364075; 730.351562;-33.182617; 7.076273; 0.014288; 955.413391; 483.259094; 763.343140; 10.116399;-2.049329;-12.977289; 984.361267; 891.819153; 803.222107;-8.472658;-8.247705; 19.668091; 964.953796;-7.702789; 1008.515686;-40.240986;-5.962347;-0.000665; 908.744751; 115.942047; 982.115540;-40.240986; 5.962347; 0.000665; 961.695374; 488.577423; 979.948059; 6.619547; 2.996747;-0.380861; 967.776855; 900.041382; 983.123352;-8.264605; 3.045648;-12.960385; 915.233948; 1445.866943; 1033.599487;-24.975882; 90.489197; 3.709922; 954.594910; 1490.466553; 854.720825; 1.363164; 2.708099;-3.500099; 1121.427002; 842.621216; 689.303772; 0.000000;-0.000000; 0.000000; 972.874634;-69.374481; 708.419434; 0.000000;-0.000000; 0.000000; 948.395386; 1485.075562; 942.317993; 0.886137; 1.731327; 1.482459; 745.029541; 828.362610; 931.259338; 0.000000; 0.000000; 0.000000; 1005.335510;-75.077057; 1025.697998; 0.000000; 0.000000; 0.000000; 914.807373; 989.146973; 883.264893; 0.000000;-0.000000; 0.000000; 932.058044; 1105.941895; 881.826050; 0.000239;-1.555221; 0.093425; 912.847595; 1190.729370; 880.329590; 0.215927;-1.944047; 0.280216; 893.929260; 1292.618896; 882.435059; 0.622158;-1.555219; 0.046712; 884.701172; 1445.683105; 891.201965; 0.000001;-0.000000; 0.000000; 927.400269; 1523.638428; 899.510803;-5.526652;-4.723860; 3.878257; 950.188477; 1611.502930; 911.990173;-1.266949;-0.281138; 10.836530; 955.879456; 1793.006104; 936.993164; 0.000000;-0.000000; 0.000000; 1092.208618; 1658.100220; 891.164490; 955.657654; 1680.011230; 831.742249; 988.275391; 1655.807129; 1000.021729;-3.861329;-1.079197; 1.320714;-1.441708; 8.393814; 8.783745; 1.198562; 0.848238;
258;0;1776780262683333;; 954.170410; 910.541443; 880.401917; 1078.418457; 912.971008; 686.720032;-3.504844; 10.978839;-16.434702; 987.550171; 1164.305420; 674.212097; 0.000000; 159.545059; 0.000000; 938.187988; 1461.749268; 754.791443; 74.551964; 61.461342; 162.625549; 773.710144; 886.578674; 982.460327; 3.469145;-34.432331; 13.622915; 822.603699; 1148.452148; 1007.243469; 0.000000; 173.347427; 0.000000; 914.717163; 1445.538818; 1032.877930; 10.198534; 12.349600; 181.930359; 929.811340;-3.250832; 714.871826;-33.481083; 7.347694; 0.006322; 866.422241; 118.846497; 729.654419;-33.481083; 7.347694; 0.006322; 954.425720; 483.243042; 763.360779; 9.420577;-2.222286;-12.821674; 985.548523; 891.826599; 801.314697;-8.969014;-7.811624; 19.690208; 964.033936;-7.641777; 1009.230225;-39.910793;-5.955595;-0.000913; 907.713623; 115.781464; 982.042114;-39.910793; 5.955595; 0.000913; 961.758240; 488.259918; 979.907715; 6.750109; 2.797853;-0.548455; 968.536499; 899.723267; 981.190613;-8.319127; 2.660460;-13.099433; 914.717163; 1445.538818; 1032.877930;-25.136395; 89.931755; 6.075287; 954.713196; 1490.411377; 854.163025; 1.357568; 2.682686;-2.824453; 1119.141968; 842.275574; 682.550964; 0.000000;-0.000000; 0.000000; 974.426697;-69.708961; 707.256653; 0.000000;-0.000000; 0.000000; 948.197205; 1484.767090; 941.721252; 0.804108; 1.571277; 1.503321; 745.662537; 827.764954; 933.186462; 0.000000; 0.000000; 0.000000; 1004.454834;-74.861511; 1026.918213; 0.000000; 0.000000; 0.000000; 915.687256; 988.931763; 881.360291; 0.000000;-0.000000; 0.000000; 932.789185; 1105.751465; 880.183228; 0.011882;-1.568591; 0.075762; 913.452576; 1190.512329; 878.814697; 0.223759;-1.960752; 0.227236; 894.353027; 1292.364014; 881.107971; 0.641969;-1.568590; 0.037881; 884.776123; 1445.384277; 890.259338; 0.000000; 0.000000;-0.000000; 927.321899; 1523.382080; 898.947021;-5.639768;-4.870760; 3.993926; 950.070618; 1611.183472; 911.932068;-1.295121;-0.289295; 11.166462; 955.771667; 1792.552002; 937.891724; 0.000000;-0.000000; 0.000000; 1091.975708; 1657.971558; 890.752747; 955.160583; 1680.127563; 832.033142; 988.509583; 1655.032349; 1000.038574;-3.967041;-1.109241; 0.908706;-1.198120; 8.597977; 9.050140; 1.198384; 0.847388;
259;0;1776780262700000;; 954.601135; 910.239319; 879.272217; 1076.199097; 912.482422; 681.005615;-3.639258; 10.874055;-16.953068; 986.667969; 1164.455933; 672.285339; 0.000000; 160.133011; 0.000000; 937.988220; 1461.655762; 754.169617; 73.905151; 60.770733; 162.175323; 776.104309; 884.815796; 987.442688; 3.396861;-33.957130; 13.145569; 822.602356; 1147.330933; 1009.941040; 0.000000; 172.961655; 0.000000; 913.926819; 1444.959106; 1031.844116; 12.413790; 11.722721; 181.308716; 931.684753;-3.156364; 714.062622;-33.310013; 7.647622;-0.002764; 867.458862; 118.469818; 729.115051;-33.310013; 7.647622;-0.002764; 954.068237; 483.187653; 762.957520; 8.899372;-2.324977;-12.595858; 987.180725; 891.770935; 799.192078;-9.457633;-7.379411; 19.788113; 962.452698;-7.561752; 1010.546875;-39.524570;-5.942500;-0.001370; 906.075928; 115.575470; 982.203369;-39.524570; 5.942500; 0.001370; 961.620300; 487.828430; 979.349060; 6.842615; 2.758553;-0.722209; 969.442810; 899.275085; 979.014771;-8.443446; 2.284986;-13.216160; 913.926819; 1444.959106; 1031.844116;-25.204052; 88.980492; 8.263322; 955.041870; 1490.240967; 853.474060; 1.353166; 2.658767;-2.121102; 1116.446411; 841.587952; 675.736450; 0.000000;-0.000000; 0.000000; 976.756531;-69.293266; 706.339111; 0.000000;-0.000000; 0.000000; 948.010498; 1484.334595; 940.975159; 0.750282; 1.465436; 1.453163; 747.592773; 825.025208; 939.632507; 0.000000; 0.000000; 0.000000; 1002.879333;-74.585579; 1028.950684; 0.000000; 0.000000; 0.000000; 916.843506; 988.599426; 879.155945; 0.000000;-0.000000; 0.000000; 933.754089; 1105.449829; 878.301697; 0.019427;-1.577007; 0.051127; 914.268250; 1190.178223; 877.042603; 0.228290;-1.971264; 0.153348; 894.957886; 1291.986328; 879.495972; 0.656866;-1.577006; 0.025564; 884.988037; 1444.958740; 889.020508; 0.000000;-0.000000; 0.000000; 927.340088; 1523.006958; 898.188477;-5.725851;-4.910161; 4.154745; 949.969971; 1610.782227; 911.552612;-1.318048;-0.269335; 11.479915; 955.484985; 1792.077637; 938.057007; 0.000000;-0.000000; 0.000000; 1091.761230; 1657.829346; 890.185059; 954.778503; 1679.978638; 831.854614; 988.555847; 1654.412476; 999.703369;-3.948982;-1.276256; 0.642244;-1.122916; 8.848938; 9.431084; 1.197521; 0.845876;
260;0;1776780262716667;; 955.018921; 909.831787; 877.958313; 1073.839233; 911.754028; 675.286682;-3.720082; 10.636131;-17.653822; 986.011841; 1164.427490; 670.290833; 0.000000; 160.771790; 0.000000; 938.174072; 1461.471436; 753.229980; 73.199081; 59.991001; 161.702545; 779.611633; 882.411011; 994.966431; 3.588445;-32.456989; 12.611547; 823.296387; 1145.686035; 1013.949951; 0.000000; 172.631836; 0.000000; 913.005798; 1444.154785; 1030.414307; 14.439640; 10.873069; 180.399719; 934.267883;-2.709946; 713.525452;-32.732071; 7.982717;-0.011261; 868.522827; 118.068604; 728.841980;-32.732071; 7.982717;-0.011261; 954.255676; 483.036987; 762.211914; 8.544452;-2.368144;-12.295968; 988.768005; 891.644348; 796.832458;-9.847404;-6.961926; 19.965006; 960.472534;-7.455078; 1012.369019;-39.118832;-5.920425;-0.002044; 904.028259; 115.314209; 982.599792;-39.118832; 5.920425; 0.002044; 961.098999; 487.322845; 978.346008; 6.875926; 2.843147;-0.889384; 970.103394; 898.741699; 976.577820;-8.581443; 1.926042;-13.315229; 913.005798; 1444.154785; 1030.414307;-25.176138; 87.694763; 10.301381; 955.488403; 1489.967773; 852.514832; 1.352499; 2.643863;-1.507558; 1113.336914; 840.522278; 668.993530; 0.000000;-0.000000; 0.000000; 980.167175;-68.261497; 705.686035; 0.000000;-0.000000; 0.000000; 947.824097; 1483.807617; 939.945251; 0.738769; 1.442050; 1.379988; 750.841797; 820.507324; 950.090332; 0.000000; 0.000000; 0.000000; 1000.908691;-74.229034; 1031.639771; 0.000000; 0.000000; 0.000000; 917.876526; 988.196777; 876.640564; 0.000000;-0.000000; 0.000000; 934.611572; 1105.074463; 876.133484; 0.016349;-1.582418; 0.024624; 915.005432; 1189.776367; 874.961609; 0.226422;-1.978024; 0.073853; 895.525757; 1291.548950; 877.546570; 0.660766;-1.582418; 0.012312; 885.246521; 1444.478638; 887.420410; 0.000000;-0.000000; 0.000000; 927.425903; 1522.556396; 897.117432;-5.766528;-4.872886; 4.333573; 949.907043; 1610.327515; 910.756409;-1.330826;-0.232202; 11.758560; 955.133240; 1791.596680; 937.497559; 0.000000;-0.000000; 0.000000; 1091.606079; 1657.641235; 889.366211; 954.551331; 1679.637207; 831.147217; 988.472534; 1653.905884; 998.941772;-3.814902;-1.559218; 0.504742;-1.184817; 9.159439; 9.896439; 1.195928; 0.844057;
261;0;1776780262733333;; 955.284424; 909.323303; 876.471802; 1071.418213; 910.805298; 669.631165;-3.683810; 10.265897;-18.475979; 985.648010; 1164.229980; 668.253723; 0.000000; 161.488358; 0.000000; 938.633362; 1461.212524; 751.880310; 72.564125; 59.251701; 161.294556; 784.170105; 879.680054; 1004.604553; 3.923672;-30.067657; 12.076419; 824.777100; 1143.734009; 1019.063477; 0.000000; 172.353943; 0.000000; 912.206055; 1443.179443; 1028.605713; 16.388456; 9.920220; 179.257339; 937.573730;-2.086884; 713.129333;-31.868385; 8.355027;-0.017828; 869.804626; 117.513916; 728.860291;-31.868385; 8.355027;-0.017828; 954.870972; 482.731750; 761.190002; 8.352192;-2.370223;-11.911686; 989.862793; 891.426270; 794.265503;-10.055584;-6.581671; 20.224644; 958.416260;-7.381432; 1014.462280;-38.758171;-5.885991;-0.002800; 901.878967; 114.971436; 983.192871;-38.758171; 5.885991; 0.002800; 960.173828; 486.763214; 977.013367; 6.843794; 3.005244;-1.035438; 970.275757; 898.148804; 973.927063;-8.679890; 1.593436;-13.396635; 912.206055; 1443.179443; 1028.605713;-25.065222; 86.152382; 12.272943; 955.947388; 1489.594604; 851.197937; 1.355625; 2.640365;-1.082810; 1109.854736; 839.085266; 662.385498; 0.000000;-0.000000; 0.000000; 984.573914;-66.826202; 705.066650; 0.000000;-0.000000; 0.000000; 947.668152; 1483.215454; 938.556519; 0.777465; 1.517070; 1.338819; 755.405396; 814.856628; 964.056458; 0.000000; 0.000000; 0.000000; 998.876953;-73.874260; 1034.632568; 0.000000; 0.000000; 0.000000; 918.472046; 987.751953; 873.902344; 0.000000;-0.000000; 0.000000; 935.099243; 1104.645996; 873.722412; 0.001476;-1.584973; 0.001594; 915.440491; 1189.336670; 872.621948; 0.217507;-1.981216; 0.004780; 895.886597; 1291.092285; 875.315247; 0.651024;-1.584973; 0.000797; 885.478394; 1443.993286; 885.493958; 0.000001;-0.000000;-0.000000; 927.556458; 1522.063110; 895.682251;-5.746424;-4.814399; 4.508090; 949.900818; 1609.837158; 909.526245;-1.329452;-0.193105; 12.014709; 954.817261; 1791.101074; 936.361877; 0.000000;-0.000000; 0.000000; 1091.510742; 1657.410278; 888.120728; 954.401001; 1679.197021; 829.952454; 988.415161; 1653.436401; 997.723633;-3.590960;-1.919691; 0.480105;-1.339983; 9.561523; 10.391777; 1.193944; 0.842278;
262;0;1776780262750000;; 955.343140; 908.711731; 874.853577; 1069.006348; 909.689331; 664.071899;-3.500539; 9.788795;-19.342949; 985.539551; 1163.876709; 666.210632; 0.000000; 162.291168; 0.000000; 939.170532; 1460.877686; 750.131714; 72.140350; 58.732708; 161.042099; 789.785889; 876.949097; 1015.979858; 4.263492;-27.011089; 11.582351; 827.189209; 1141.712158; 1025.143555; 0.000000; 172.117142; 0.000000; 911.847290; 1442.101074; 1026.555542; 18.423603; 9.001041; 177.933655; 941.284973;-1.431252; 712.555298;-30.850924; 8.761300;-0.022108; 871.258118; 116.754089; 729.075684;-30.850924; 8.761300;-0.022108; 955.748901; 482.234344; 759.914795; 8.321261;-2.354902;-11.433338; 990.165833; 891.091492; 791.552368;-10.034354;-6.264961; 20.572483; 956.663818;-7.444557; 1016.509521;-38.506721;-5.836285;-0.003317; 900.010559; 114.503784; 983.898621;-38.506721; 5.836285; 0.003317; 958.997803; 486.141632; 975.450623; 6.752060; 3.202680;-1.147890; 969.924683; 897.495178; 971.153076;-8.701062; 1.299259;-13.458152; 911.847290; 1442.101074; 1026.555542;-24.910961; 84.438484; 14.269497; 956.325867; 1489.115234; 849.518005; 1.359984; 2.644701;-0.901102; 1106.098022; 837.361023; 655.919800; 0.000000;-0.000000; 0.000000; 989.511414;-65.201019; 704.021301; 0.000000;-0.000000; 0.000000; 947.612244; 1482.575073; 936.822388; 0.863111; 1.684956; 1.387248; 761.368408; 808.832092; 980.963379; 0.000000; 0.000000; 0.000000; 997.167725;-73.665947; 1037.470581; 0.000000; 0.000000; 0.000000; 918.475220; 987.269165; 871.098633; 0.000000;-0.000000; 0.000000; 935.096008; 1104.164185; 871.187805;-0.020476;-1.583585;-0.013039; 915.468689; 1188.863037; 870.161804; 0.203559;-1.979481;-0.039109; 895.959045; 1290.624390; 872.955383; 0.628918;-1.583585;-0.006519; 885.646240; 1443.515259; 883.379578; 0.000000; 0.000000; 0.000000; 927.721680; 1521.539307; 893.923645;-5.653640;-4.779213; 4.664163; 949.960693; 1609.317261; 907.911743;-1.311077;-0.163732; 12.264748; 954.581482; 1790.578369; 934.819214; 0.000000;-0.000000; 0.000000; 1091.438354; 1657.170776; 886.258362; 954.176819; 1678.720947; 828.360657; 988.559265; 1652.950928; 996.055298;-3.317060;-2.311476; 0.542846;-1.546237; 10.097710; 10.856621; 1.192117; 0.840694;
263;0;1776780262766667;; 955.211426; 908.004761; 873.136841; 1066.634277; 908.477478; 658.617554;-3.185147; 9.246156;-20.174116; 985.562744; 1163.387939; 664.144958; 0.000000; 163.154282; 0.000000; 939.581238; 1460.455811; 748.042664; 72.023155; 58.572395; 161.005493; 796.541626; 874.506958; 1028.733765; 4.476667;-23.553762; 11.140978; 830.693176; 1139.846436; 1032.064697; 0.000000; 171.906998; 0.000000; 912.218689; 1441.007446; 1024.443604; 20.692539; 8.223723; 176.472229; 944.966309;-0.803543; 711.419373;-29.768465; 9.193376;-0.024659; 872.678467; 115.811371; 729.304810;-29.768465; 9.193376;-0.024659; 956.702148; 481.544647; 758.369324; 8.442353;-2.345184;-10.860471; 989.572144; 890.623657; 788.759277;-9.782658;-6.033322; 21.010431; 955.558716;-7.734520; 1018.207642;-38.403316;-5.770164;-0.003401; 898.764954; 113.876984; 984.598450;-38.403316; 5.770164; 0.003401; 957.804077; 485.443054; 973.707397; 6.612425; 3.408086;-1.219785; 969.168335; 896.772339; 968.350464;-8.632197; 1.057184;-13.499588; 912.218689; 1441.007446; 1024.443604;-24.772741; 82.625450; 16.358376; 956.554993; 1488.524048; 847.508118; 1.362019; 2.650270;-0.971165; 1102.187988; 835.482666; 649.599792; 0.000000;-0.000000; 0.000000; 994.418396;-63.507526; 702.043396; 0.000000;-0.000000; 0.000000; 947.720947; 1481.895142; 934.793762; 0.979549; 1.915676; 1.590052; 768.952515; 803.137756; 1000.117126; 0.000000; 0.000000; 0.000000; 996.129700;-73.731483; 1039.739136; 0.000000; 0.000000; 0.000000; 917.885803; 986.739563; 868.383972; 0.000000;-0.000000; 0.000000; 934.609436; 1103.619629; 868.657349;-0.042836;-1.577049;-0.015923; 915.091553; 1188.344971; 867.727295; 0.187628;-1.971313;-0.047758; 895.738464; 1290.133179; 870.627869; 0.597880;-1.577049;-0.007961; 885.737488; 1443.032715; 881.227539; 0.000000;-0.000000; 0.000000; 927.911926; 1520.983887; 891.913818;-5.484751;-4.779791; 4.789130; 950.077271; 1608.771118; 905.959961;-1.274833;-0.148868; 12.497887; 954.413818; 1790.029175; 932.935242; 0.000000;-0.000000; 0.000000; 1091.344482; 1656.954590; 883.673767; 953.767395; 1678.222656; 826.424438; 988.986084; 1652.449219; 993.944946;-3.035381;-2.694353; 0.669396;-1.774316; 10.801971; 11.245667; 1.190903; 0.839247;
264;0;1776780262783333;; 954.930786; 907.223755; 871.323853; 1064.281982; 907.238037; 653.279846;-2.790418; 8.689879;-20.895292; 985.550964; 1162.793213; 661.967407; 0.000000; 164.018341; 0.000000; 939.723938; 1459.942139; 745.662415; 72.227180; 58.792030; 161.191620; 804.547607; 872.569092; 1042.451660; 4.474864;-19.961380; 10.736245; 835.407043; 1138.317505; 1039.633545; 0.000000; 171.713882; 0.000000; 913.476685; 1439.997314; 1022.402344; 23.274570; 7.629782; 174.907608; 948.274170;-0.158752; 709.416687;-28.639011; 9.639342;-0.026335; 873.820068; 114.751068; 729.336182;-28.639011; 9.639342;-0.026335; 957.534973; 480.700256; 756.512512; 8.687809;-2.356679;-10.207689; 988.141968; 890.025818; 785.930176;-9.341137;-5.896916; 21.529251; 955.264160;-8.279701; 1019.320068;-38.450840;-5.688920;-0.002957; 898.301636; 113.093170; 985.138733;-38.450840; 5.688920; 0.002957; 956.773621; 484.667938; 971.766846; 6.437059; 3.610591;-1.251680; 968.178406; 895.984436; 965.577209;-8.486365; 0.879927;-13.525620; 913.476685; 1439.997314; 1022.402344;-24.710743; 80.762436; 18.568510; 956.583435; 1487.827881; 845.198608; 1.359213; 2.651670;-1.271776; 1098.241211; 833.589417; 643.467163; 0.000000;-0.000000; 0.000000; 998.896118;-61.716858; 698.775879; 0.000000;-0.000000; 0.000000; 948.000427; 1481.185425; 932.508179; 1.102669; 2.164299; 2.014941; 778.415405; 798.303345; 1020.649414; 0.000000; 0.000000; 0.000000; 995.929993;-74.119301; 1041.152222; 0.000000; 0.000000; 0.000000; 916.801819; 986.158203; 865.845398; 0.000000;-0.000000; 0.000000; 933.721863; 1103.009766; 866.203735;-0.059847;-1.565052;-0.006969; 914.370850; 1187.774658; 865.399109; 0.172560;-1.956315;-0.020906; 895.259338; 1289.605103; 868.418823; 0.562339;-1.565052;-0.003485; 885.738037; 1442.528442; 879.117126;-0.000001;-0.000000;-0.000000; 928.094604; 1520.395020; 889.699402;-5.249811;-4.793866; 4.868175; 950.208740; 1608.206787; 903.672791;-1.222780;-0.146191; 12.666826; 954.259033; 1789.473145; 930.636047; 0.000000;-0.000000; 0.000000; 1091.191528; 1656.761108; 880.411316; 953.165161; 1677.674561; 824.120728; 989.613281; 1651.978882; 991.390015;-2.779110;-3.042145; 0.835563;-2.009837; 11.684135; 11.540421; 1.190439; 0.837789;
265;0;1776780262800000;; 954.531555; 906.437317; 869.366028; 1061.937012; 906.061035; 648.073975;-2.386361; 8.184979;-21.453098; 985.375122; 1162.165039; 659.540466; 0.000000; 164.811310; 0.000000; 939.554504; 1459.381958; 742.997009; 72.680145; 59.269268; 161.547760; 813.820923; 871.282593; 1056.585693; 4.232768;-16.460154; 10.339386; 841.305603; 1137.261230; 1047.505493; 0.000000; 171.538635; 0.000000; 915.551147; 1439.184448; 1020.442566; 26.144314; 7.179646; 173.275665; 951.044067; 0.640030; 706.454041;-27.434826; 10.084295;-0.027263; 874.505493; 113.677307; 729.012451;-27.434826; 10.084295;-0.027263; 958.080444; 479.793335; 754.308228; 9.012239;-2.392430;-9.505837; 986.053772; 889.354370; 783.064392;-8.778809;-5.849797; 22.104738; 955.698914;-9.011200; 1019.693359;-38.625801;-5.596828;-0.002041; 898.553711; 112.226807; 985.338806;-38.625801; 5.596828; 0.002041; 955.968445; 483.871704; 969.553467; 6.237493; 3.811245;-1.251074; 967.095581; 895.187317; 962.824402;-8.294401; 0.774966;-13.545197; 915.551147; 1439.184448; 1020.442566;-24.767595; 78.878151; 20.880810; 956.359131; 1487.085449; 842.593384; 1.351283; 2.647262;-1.766960; 1094.406250; 831.837280; 637.575623; 0.000000;-0.000000; 0.000000; 1002.783752;-59.670776; 694.173157; 0.000000;-0.000000; 0.000000; 948.354248; 1480.494263; 929.961792; 1.209228; 2.387096; 2.709401; 789.847046; 794.653687; 1041.522461; 0.000000; 0.000000; 0.000000; 996.477966;-74.763916; 1041.576050; 0.000000; 0.000000; 0.000000; 915.361145; 985.563354; 863.461365; 0.000000;-0.000000; 0.000000; 932.537415; 1102.377563; 863.805542;-0.068211;-1.548579; 0.009742; 913.382080; 1187.188110; 863.148438; 0.160516;-1.935725; 0.029220; 894.556335; 1289.067993; 866.291931; 0.527626;-1.548579; 0.004871; 885.602417; 1442.024170; 877.010620; 0.000000;-0.000000;-0.000000; 928.188965; 1519.808472; 887.269836;-4.979717;-4.781103; 4.888737; 950.268677; 1607.666138; 901.006958;-1.161687;-0.148574; 12.709967; 954.041260; 1788.968262; 927.768921; 0.000000;-0.000000; 0.000000; 1090.945923; 1656.568848; 876.651672; 952.450134; 1677.064941; 821.369812; 990.208862; 1651.625854; 988.387451;-2.563459;-3.344744; 1.022207;-2.250206; 12.718185; 11.747871; 1.190451; 0.836237;
266;0;1776780262816667;; 954.018982; 905.771973; 867.197144; 1059.662842; 905.075195; 643.028198;-2.036520; 7.809989;-21.830908; 985.007385; 1161.630615; 656.751953; 0.000000; 165.475906; 0.000000; 939.120422; 1458.889404; 740.022949; 73.252083; 59.788750; 161.981003; 824.148499; 870.748657; 1070.435669; 3.781031;-13.214088; 9.925297; 848.132874; 1136.783203; 1055.177124; 0.000000; 171.391083; 0.000000; 918.133057; 1438.699951; 1018.452209; 29.160780; 6.777530; 171.630829; 953.215027; 1.745735; 702.711487;-26.145065; 10.510113;-0.026596; 874.657471; 112.736511; 728.289246;-26.145065; 10.510113;-0.026596; 958.235657; 478.972931; 751.766235; 9.364060;-2.442869;-8.799219; 983.560486; 888.733582; 780.130493;-8.177073;-5.870790; 22.699066; 956.498291;-9.770256; 1019.264343;-38.897625;-5.501007;-0.000864; 899.218567; 111.437714; 985.028076;-38.897625; 5.501007; 0.000864; 955.314819; 483.181274; 966.986023; 6.028432; 4.014914;-1.229803; 965.990540; 894.505188; 960.033508;-8.095063; 0.741041;-13.567828; 918.133057; 1438.699951; 1018.452209;-24.955479; 76.996468; 23.220488; 955.835144; 1486.425293; 839.680908; 1.339982; 2.639066;-2.409750; 1090.905762; 830.409424; 631.958374; 0.000000;-0.000000; 0.000000; 1006.026001;-57.211689; 688.561279; 0.000000;-0.000000; 0.000000; 948.601807; 1479.932373; 927.123962; 1.284329; 2.554683; 3.670393; 802.978821; 792.342712; 1061.604614; 0.000000; 0.000000; 0.000000; 997.370911;-75.507729; 1041.017944; 0.000000; 0.000000; 0.000000; 913.706177; 985.057739; 861.119995; 0.000000;-0.000000; 0.000000; 931.156372; 1101.831665; 861.366028;-0.067022;-1.529632; 0.027493; 912.195129; 1186.686890; 860.857727; 0.153143;-1.912041; 0.082464; 893.653503; 1288.615479; 864.111023; 0.499936;-1.529631; 0.013747; 885.257568; 1441.606934; 874.776550; 0.000000;-0.000000; 0.000000; 928.079651; 1519.321655; 884.572632;-4.725276;-4.710146; 4.848465; 950.149353; 1607.242188; 897.918701;-1.103076;-0.148314; 12.590352; 953.705505; 1788.615356; 924.225586; 0.000000;-0.000000; 0.000000; 1090.584351; 1656.371338; 872.638611; 951.731812; 1676.454102; 818.104919; 990.500854; 1651.492310; 984.963013;-2.383102;-3.603262; 1.215148;-2.495048; 13.837608; 11.889572; 1.190376; 0.834699;
267;0;1776780262833333;; 953.399414; 905.378845; 864.782593; 1057.590698; 904.418518; 638.197571;-1.782190; 7.642953;-22.053839; 984.512756; 1161.333496; 653.585266; 0.000000; 165.984497; 0.000000; 938.524292; 1458.607666; 736.745422; 73.809486; 60.150227; 162.397064; 834.993713; 871.016357; 1083.216919; 3.183236;-10.326200; 9.485303; 855.400146; 1136.947998; 1062.088867; 0.000000; 171.282867; 0.000000; 920.804749; 1438.655273; 1016.291687; 32.107265; 6.335711; 170.053314; 954.745850; 3.211517; 698.575989;-24.829824; 10.895511;-0.023415; 874.306885; 112.085785; 727.219238;-24.829824; 10.895511;-0.023415; 957.996643; 478.403320; 748.969177; 9.698288;-2.493568;-8.139783; 980.958801; 888.318420; 777.111877;-7.614985;-5.930550; 23.266092; 957.146667;-10.365067; 1018.071411;-39.235447;-5.410069; 0.000205; 899.870361; 110.921814; 984.109863;-39.235447; 5.410069;-0.000205; 954.678467; 482.754547; 964.057312; 5.830471; 4.220965;-1.200135; 964.899292; 894.090881; 957.156006;-7.926389; 0.766534;-13.599138; 920.804749; 1438.655273; 1016.291687;-25.256865; 75.158081; 25.467676; 955.008545; 1486.004395; 836.480042; 1.328246; 2.631263;-3.140322; 1087.994751; 829.482605; 626.628845; 0.000000;-0.000000; 0.000000; 1008.543152;-54.354271; 682.537354; 0.000000;-0.000000; 0.000000; 948.574951; 1479.635864; 923.994751; 1.323660; 2.655967; 4.834703; 817.073608; 791.386963; 1079.802002; 0.000000; 0.000000; 0.000000; 998.038879;-76.162621; 1039.605469; 0.000000; 0.000000; 0.000000; 911.985229; 984.773865; 858.697937; 0.000000;-0.000000; 0.000000; 929.684387; 1101.510498; 858.788330;-0.058302;-1.510658; 0.040511; 910.889343; 1186.403320; 858.405579; 0.151058;-1.888327; 0.121510; 892.589355; 1288.373047; 861.735291; 0.484097;-1.510658; 0.020256; 884.655212; 1441.397095; 872.287537; 0.000000;-0.000000; 0.000000; 927.683228; 1519.059937; 881.579407;-4.540049;-4.579563; 4.758888; 949.784973; 1607.045166; 894.437195;-1.059366;-0.141511; 12.323298; 953.261902; 1788.516479; 920.069641; 0.000000;-0.000000; 0.000000; 1090.111084; 1656.195923; 868.600159; 951.096130; 1675.965210; 814.366333; 990.333313; 1651.647095; 981.210083;-2.224400;-3.822286; 1.403745;-2.738383; 14.942329; 11.987785; 1.189695; 0.833421;
268;0;1776780262850000;; 952.710144; 905.334778; 862.156433; 1055.856079; 904.156250; 633.692505;-1.636496; 7.731791;-22.173271; 983.996277; 1161.348022; 650.155579; 0.000000; 166.337677; 0.000000; 937.882507; 1458.619995; 733.254150; 74.266518; 60.260914; 162.737305; 845.593323; 872.008606; 1094.198364; 2.516149;-7.857773; 9.036720; 862.515015; 1137.711670; 1067.778198; 0.000000; 171.217300; 0.000000; 923.231201; 1439.065430; 1013.908936; 34.773586; 5.827333; 168.633301; 955.574646; 4.910843; 694.452942;-23.616594; 11.218899;-0.018260; 873.544739; 111.817627; 725.861511;-23.616594; 11.218899;-0.018260; 957.437500; 478.178497; 746.043030; 9.983184;-2.535469;-7.577109; 978.537842; 888.204163; 774.032043;-7.155982;-6.000061; 23.760328; 957.244690;-10.668015; 1016.255676;-39.598522;-5.331995; 0.000918; 900.155457; 110.794342; 982.607788;-39.598522; 5.331995;-0.000918; 953.966675; 482.678131; 960.873047; 5.665112; 4.417743;-1.171469; 963.874146; 894.025757; 954.193665;-7.815033; 0.828683;-13.638349; 923.231201; 1439.065430; 1013.908936;-25.633497; 73.431175; 27.496126; 953.953735; 1485.912476; 833.084717; 1.318931; 2.628009;-3.891536; 1085.863892; 829.136780; 621.640808; 0.000000;-0.000000; 0.000000; 1010.195862;-51.367290; 676.718750; 0.000000;-0.000000; 0.000000; 948.220520; 1479.673340; 920.657410; 1.330889; 2.694340; 6.099915; 831.056091; 791.626587; 1095.215088; 0.000000; 0.000000; 0.000000; 998.053650;-76.593071; 1037.556519; 0.000000; 0.000000; 0.000000; 910.353943; 984.783936; 856.133301; 0.000000;-0.000000; 0.000000; 928.244995; 1101.491333; 856.044495;-0.045927;-1.493896; 0.046737; 909.570801; 1186.411133; 855.750549; 0.153552;-1.867375; 0.140182; 891.444519; 1288.410645; 859.117493; 0.481230;-1.493896; 0.023368; 883.826172; 1441.460693; 869.522888; 0.000000; 0.000000; 0.000000; 927.011292; 1519.090332; 878.352661;-4.453707;-4.419074; 4.641857; 949.197266; 1607.125488; 890.713867;-1.037682;-0.129906; 11.973586; 952.775513; 1788.700562; 915.586060; 0.000000;-0.000000; 0.000000; 1089.559692; 1656.083862; 864.709473; 950.571350; 1675.708374; 810.355042; 989.748596; 1652.066772; 977.310120;-2.080555;-4.003648; 1.573709;-2.964515; 15.923103; 12.058556; 1.188299; 0.832567;
269;0;1776780262866667;; 952.027588; 905.590332; 859.449829; 1054.544678; 904.235596; 629.680420;-1.585843; 8.061207;-22.241343; 983.559937; 1161.634033; 646.700500; 0.000000; 166.555618; 0.000000; 937.301758; 1458.896606; 729.752075; 74.594353; 60.138996; 162.983871; 855.199585; 873.472656; 1102.927734; 1.860076;-5.850497; 8.617739; 868.945374; 1138.875854; 1072.030151; 0.000000; 171.185944; 0.000000; 925.240295; 1439.803589; 1011.401306; 37.016533; 5.283065; 167.441086; 955.721619; 6.590363; 690.636169;-22.631689; 11.465870;-0.013186; 872.516296; 111.902893; 724.260742;-22.631689; 11.465870;-0.013186; 956.693542; 478.267792; 743.142212; 10.202258;-2.568564;-7.143454; 976.526672; 888.366516; 770.986450;-6.834511;-6.057992; 24.150700; 956.723877;-10.673195; 1014.082703;-39.934536;-5.271755; 0.001246; 899.959473; 111.015869; 980.705444;-39.934536; 5.271755;-0.001246; 953.187744; 482.904846; 957.663635; 5.545348; 4.585665;-1.148756; 962.989807; 894.258972; 951.233948;-7.767501; 0.897178;-13.679833; 925.240295; 1439.803589; 1011.401306;-26.036018; 71.894768; 29.211784; 952.814758; 1486.111450; 829.692078; 1.313036; 2.630112;-4.599538; 1084.559692; 829.300049; 617.134888; 0.000000;-0.000000; 0.000000; 1010.944519;-48.648048; 671.548096; 0.000000;-0.000000; 0.000000; 947.619812; 1479.985474; 917.306274; 1.314246; 2.682586; 7.348668; 843.835144; 792.695862; 1107.354126; 0.000000; 0.000000; 0.000000; 997.369568;-76.761757; 1035.187988; 0.000000; 0.000000; 0.000000; 908.956299; 985.043335; 853.479736; 0.000000;-0.000000; 0.000000; 926.967163; 1101.732056; 853.223083;-0.033927;-1.480919; 0.047638; 908.362976; 1186.667358; 852.983215; 0.158742;-1.851154; 0.142886; 890.336548; 1288.684326; 856.358765; 0.488100;-1.480919; 0.023820; 882.884583; 1441.752441; 866.619385; 0.000000; 0.000000;-0.000000; 926.173157; 1519.365479; 875.080200;-4.457244;-4.266114; 4.523792; 948.481079; 1607.428467; 887.016052;-1.036390;-0.117391; 11.623852; 952.305298; 1789.092163; 911.194519; 0.000000;-0.000000; 0.000000; 1088.975952; 1656.057617; 861.109802; 950.130981; 1675.697998; 806.396118; 988.929260; 1652.637939; 973.520874;-1.957947;-4.146899; 1.708804;-3.151694; 16.700531; 12.112213; 1.186612; 0.832072;
270;0;1776780262883333;; 951.458374; 905.997681; 856.936279; 1053.618286; 904.507446; 626.373169;-1.597622; 8.532561;-22.296406; 983.228271; 1162.057739; 643.565186; 0.000000; 166.668427; 0.000000; 936.842163; 1459.312134; 726.574890; 74.805489; 59.879395; 163.148224; 863.467041; 875.054565; 1109.574341; 1.294834;-4.342105; 8.251681; 874.420227; 1140.140991; 1075.053589; 0.000000; 171.174683; 0.000000; 926.782593; 1440.643188; 1009.030457; 38.775440; 4.742332; 166.489838; 955.395752; 8.048470; 687.338989;-21.907404; 11.641095;-0.010475; 871.417847; 112.207458; 722.596313;-21.907404; 11.641095;-0.010475; 955.954102; 478.538086; 740.514404; 10.358012;-2.599665;-6.833392; 975.062256; 888.681580; 768.206116;-6.646976;-6.095304; 24.439991; 955.824097;-10.480309; 1011.983459;-40.202850;-5.228602; 0.001363; 899.425781; 111.429962; 978.793396;-40.202850; 5.228602;-0.001363; 952.447388; 483.287476; 954.787781; 5.468880; 4.710943;-1.132166; 962.341064; 894.641785; 948.510803;-7.773845; 0.946369;-13.718392; 926.782593; 1440.643188; 1009.030457;-26.405010; 70.596848; 30.564257; 951.762146; 1486.463013; 826.622559; 1.309329; 2.634161;-5.203710; 1083.901733; 829.761536; 613.350403; 0.000000;-0.000000; 0.000000; 1011.009766;-46.439865; 667.256409; 0.000000;-0.000000; 0.000000; 946.943237; 1480.419922; 914.264038; 1.284921; 2.640592; 8.450275; 854.789490; 794.117920; 1116.472778; 0.000000; 0.000000; 0.000000; 996.279175;-76.728539; 1032.953979; 0.000000; 0.000000; 0.000000; 907.908630; 985.417358; 850.969971; 0.000000;-0.000000; 0.000000; 925.969482; 1102.097900; 850.579590;-0.024893;-1.472443; 0.045980; 907.389160; 1187.038574; 850.370667; 0.164657;-1.840559; 0.137915; 889.397949; 1289.061768; 853.743835; 0.499890;-1.472443; 0.022990; 881.990906; 1442.139526; 863.891602;-0.000000;-0.000000; 0.000000; 925.335205; 1519.749512; 872.090759;-4.519887;-4.135416; 4.425898; 947.776184; 1607.822632; 883.697815;-1.048815;-0.104642; 11.327046; 951.913025; 1789.553955; 907.310120; 0.000000;-0.000000; 0.000000; 1088.436523; 1656.080933; 857.996887; 949.772278; 1675.832397; 802.866394; 988.096741; 1653.223389; 970.162048;-1.864246;-4.256666; 1.801571;-3.287595; 17.271523; 12.157158; 1.185255; 0.831720;
271;0;1776780262900000;; 951.147278; 906.381592; 855.068542; 1052.722534; 904.752930; 623.996094;-1.631567; 8.967896;-22.369276; 982.779541; 1162.425903; 641.175232; 0.000000; 166.710617; 0.000000; 936.430237; 1459.689209; 724.173889; 74.955574; 59.672256; 163.278015; 871.140808; 876.470459; 1115.371094; 0.896712;-3.372850; 7.883176; 879.308472; 1141.229004; 1077.705566; 0.000000; 171.170029; 0.000000; 927.898499; 1441.342651; 1007.183899; 40.091030; 4.185226; 165.678879; 954.953125; 9.327248; 684.797424;-21.305435; 11.783549;-0.011066; 870.420349; 112.558380; 721.430847;-21.305435; 11.783549;-0.011066; 955.452942; 478.810242; 738.595093; 10.483068;-2.642264;-6.578083; 974.187500; 888.983887; 766.095093;-6.551860;-6.115151; 24.691357; 954.851196;-10.253334; 1010.621887;-40.420132;-5.192775; 0.001369; 898.835632; 111.864777; 977.547913;-40.420132; 5.192775;-0.001369; 951.924194; 483.658813; 952.720703; 5.416512; 4.805840;-1.117013; 962.102600; 895.006165; 946.441406;-7.827277; 0.968437;-13.757169; 927.898499; 1441.342651; 1007.183899;-26.662739; 69.489120; 31.549921; 950.935669; 1486.801025; 824.293091; 1.306563; 2.636568;-5.633792; 1083.293335; 830.192566; 610.586792; 0.000000;-0.000000; 0.000000; 1010.843506;-44.560860; 663.879883; 0.000000;-0.000000; 0.000000; 946.407776; 1480.813599; 911.953857; 1.257841; 2.597015; 9.249401; 864.567810; 795.504333; 1124.026367; 0.000000; 0.000000; 0.000000; 995.104004;-76.652107; 1031.505371; 0.000000; 0.000000; 0.000000; 907.320984; 985.744751; 849.061890; 0.000000;-0.000000; 0.000000; 925.372253; 1102.426392; 848.561096;-0.018741;-1.467999; 0.043652; 906.776672; 1187.363770; 848.375305; 0.171111;-1.835002; 0.130932; 888.768372; 1289.384033; 851.749756; 0.515493;-1.467998; 0.021826; 881.311279; 1442.464478; 861.820374; 0.000000; 0.000000; 0.000000; 924.677124; 1520.082764; 869.824707;-4.631134;-4.002168; 4.345567; 947.266479; 1608.155884; 881.140259;-1.072457;-0.087409; 11.055895; 951.780212; 1789.947021; 904.216919; 0.000000;-0.000000; 0.000000; 1088.113281; 1655.995850; 855.679504; 949.648499; 1675.916626; 800.110352; 987.460876; 1653.719360; 967.577576;-1.789254;-4.356085; 1.863721;-3.388765; 17.759209; 12.206421; 1.184453; 0.831270;
272;0;1776780262916667;; 951.315369; 906.594971; 854.467224; 1050.919189; 904.657471; 622.779358;-1.651230; 9.142057;-22.507442; 981.546326; 1162.481934; 639.997009; 0.000000; 166.717484; 0.000000; 935.773560; 1459.821533; 723.042114; 75.164780; 59.852226; 163.483109; 881.101318; 877.731812; 1123.203369; 0.733936;-2.987745; 7.301686; 885.224854; 1142.023926; 1081.788696; 0.000000; 171.162033; 0.000000; 928.754272; 1441.701660; 1006.284058; 41.156807; 3.444266; 164.712433; 954.754333; 10.876373; 683.254211;-20.450291; 11.984014;-0.014012; 869.536499; 112.812531; 721.872925;-20.450291; 11.984014;-0.014012; 955.470581; 478.899719; 738.030396; 10.655604;-2.723692;-6.214623; 973.893921; 889.110229; 765.188232;-6.479122;-6.129979; 25.062279; 953.901794;-10.186691; 1011.017151;-40.703556;-5.141397; 0.001172; 898.462708; 112.224213; 978.054382;-40.703556; 5.141397;-0.001172; 951.862549; 483.892548; 952.041748; 5.351925; 4.924613;-1.092963; 962.654175; 895.221497; 945.586243;-7.950999; 0.973520;-13.816840; 928.754272; 1441.701660; 1006.284058;-26.705862; 68.326477; 32.238823; 950.400269; 1486.980347; 823.130920; 1.305273; 2.637007;-5.800285; 1081.466187; 830.123657; 609.169617; 0.000000;-0.000000; 0.000000; 1010.976501;-42.181046; 661.136780; 0.000000;-0.000000; 0.000000; 946.264648; 1481.050903; 910.815002; 1.254210; 2.594155; 9.565019; 876.268005; 796.812134; 1133.316650; 0.000000; 0.000000; 0.000000; 993.849365;-76.797943; 1031.809937; 0.000000; 0.000000; 0.000000; 907.365295; 985.878540; 848.417603; 0.000000;-0.000000; 0.000000; 925.348206; 1102.570068; 847.767029;-0.012108;-1.465315; 0.040426; 906.694397; 1187.494751; 847.615417; 0.181379;-1.831647; 0.121255; 888.614258; 1289.501831; 851.002747; 0.542409;-1.465314; 0.020213; 880.999573; 1442.579712; 860.995178; 0.000000; 0.000000; 0.000000; 924.369873; 1520.220581; 868.752625;-4.842492;-3.786546; 4.239644; 947.199280; 1608.286255; 879.636353;-1.118085;-0.055151; 10.658036; 952.343323; 1790.163574; 901.887390; 0.000000;-0.000000; 0.000000; 1088.341064; 1655.446533; 854.543640; 950.189819; 1675.658691; 798.303406; 987.214844; 1654.091797; 966.028687;-1.687252;-4.504848; 1.934113;-3.513963; 18.473724; 12.289772; 1.183847; 0.830456;
273;0;1776780262933333;; 952.327454; 906.565247; 855.828125; 1046.505981; 903.811157; 622.933167;-1.632581; 8.840419;-22.808083; 978.295532; 1161.926025; 640.441772; 0.000000; 166.714066; 0.000000; 934.319702; 1459.506836; 723.593811; 75.630066; 60.891293; 163.953186; 899.773010; 879.664734; 1138.323120; 0.860266;-3.235116; 6.070023; 895.834106; 1142.855835; 1090.391724; 0.000000; 171.143692; 0.000000; 929.706909; 1441.591553; 1006.653564; 42.381786; 2.076817; 162.994827; 954.971619; 13.736465; 682.791870;-18.663984; 12.402349;-0.012038; 868.522339; 112.921600; 725.608826;-18.663984; 12.402349;-0.012038; 956.373901; 478.643158; 739.587158; 11.012251;-2.897941;-5.453912; 974.207275; 888.927734; 766.009705;-6.346627;-6.157663; 25.841904; 952.713257;-10.445557; 1014.685730;-41.283970;-5.033854;-0.000047; 898.485962; 112.559052; 981.917908;-41.283970; 5.033854; 0.000047; 952.576416; 483.944336; 953.409241; 5.220080; 5.166346;-1.041306; 964.711731; 895.228455; 946.501343;-8.224945; 0.975168;-13.942502; 929.706909; 1441.591553; 1006.653564;-26.415947; 66.511299; 32.834503; 950.100220; 1486.907227; 823.441223; 1.307032; 2.637020;-5.606748; 1076.340698; 828.974915; 609.403259; 0.000000;-0.000000; 0.000000; 1011.765991;-37.569027; 658.147461; 0.000000;-0.000000; 0.000000; 946.777283; 1481.092529; 911.167542; 1.301302; 2.686348; 9.218012; 897.030884; 798.902161; 1150.303223; 0.000000; 0.000000; 0.000000; 992.019165;-77.489151; 1035.311157; 0.000000; 0.000000; 0.000000; 908.363220; 985.703613; 849.772949; 0.000000;-0.000000; 0.000000; 926.182434; 1102.418091; 848.812561; 0.000965;-1.461089; 0.033902; 907.394836; 1187.313354; 848.733398; 0.203021;-1.826363; 0.101687; 889.148743; 1289.289795; 852.152710; 0.599697;-1.461088; 0.016951; 881.176208; 1442.359009; 861.996521;-0.000001; 0.000000; 0.000000; 924.542908; 1520.050781; 869.248108;-5.297492;-3.326313; 4.020265; 947.871521; 1608.094116; 879.215576;-1.216247; 0.013727; 9.824778; 954.339966; 1790.136353; 899.702393; 0.000000;-0.000000; 0.000000; 1089.616699; 1653.832275; 854.903625; 952.136719; 1674.621826; 797.246643; 987.510559; 1654.429932; 965.498657;-1.463398;-4.819101; 2.085910;-3.769359; 19.989639; 12.468742; 1.182860; 0.828977;

Camera Calibration;Origin;;;Forward;;;Right;;;Up
;X;Y;Z;X;Y;Z;X;Y;Z;X;Y;Z
Camera 1;-3037.490234; 2050.408203;-1487.233643; 0.649771;-0.261472; 0.713744;-0.732171; 0.037034; 0.680113; 0.204263; 0.964501; 0.167379;
Camera 2; 629.331970; 2077.420898; 1816.904419; 0.010324;-0.308714;-0.951099; 0.999887;-0.007252; 0.013208; 0.010975; 0.951127;-0.308604;
Camera 3; 472.103149; 2018.509155;-1050.456177;-0.091676;-0.369426; 0.924727;-0.995738; 0.024626;-0.088878;-0.010061; 0.928934; 0.370110;
Camera 4; 2492.158691; 2069.641846;-613.595581;-0.825554;-0.282368; 0.488598;-0.517808; 0.034818;-0.854788;-0.224353; 0.958674; 0.174957;
Camera 5; 2445.618408; 2087.872803; 1257.995117;-0.853400;-0.275892;-0.442257; 0.447565; 0.047081;-0.893011;-0.267196; 0.960035;-0.083300;
Camera 6;-2833.569824; 2025.943115; 1149.838745; 0.728686;-0.282009;-0.624090; 0.648187;-0.010161; 0.761413; 0.221066; 0.959358;-0.175391;
Camera 7;-1091.550049; 2065.826172; 1643.237549; 0.130028;-0.258191;-0.957303; 0.990614;-0.007205; 0.136496; 0.042139; 0.966067;-0.254831;
Camera 8;-1336.116699; 2015.912842;-1789.637085;-0.040418;-0.334600; 0.941493;-0.996255;-0.058583;-0.063589;-0.076432; 0.940538; 0.330979;
